-- --------------------------------------------------------
-- Host:                         127.0.0.1
-- Versión del servidor:         10.3.8-MariaDB - mariadb.org binary distribution
-- SO del servidor:              Win64
-- HeidiSQL Versión:             10.2.0.5599
-- --------------------------------------------------------

/*!40101 SET @OLD_CHARACTER_SET_CLIENT=@@CHARACTER_SET_CLIENT */;
/*!40101 SET NAMES utf8 */;
/*!50503 SET NAMES utf8mb4 */;
/*!40014 SET @OLD_FOREIGN_KEY_CHECKS=@@FOREIGN_KEY_CHECKS, FOREIGN_KEY_CHECKS=0 */;
/*!40101 SET @OLD_SQL_MODE=@@SQL_MODE, SQL_MODE='NO_AUTO_VALUE_ON_ZERO' */;


-- Volcando estructura de base de datos para bpo
CREATE DATABASE IF NOT EXISTS `bpo` /*!40100 DEFAULT CHARACTER SET latin1 */;
USE `bpo`;

-- Volcando estructura para tabla bpo.area
CREATE TABLE IF NOT EXISTS `area` (
  `id` int(11) NOT NULL AUTO_INCREMENT,
  `start_date` datetime(6) NOT NULL,
  `end_date` datetime(6) DEFAULT NULL,
  `active` bit(1) NOT NULL,
  `name` longtext NOT NULL,
  `description` longtext DEFAULT NULL,
  `type` longtext NOT NULL,
  `parent_id` int(11) DEFAULT NULL,
  `lineage` longtext DEFAULT NULL,
  `depth` int(11) NOT NULL,
  PRIMARY KEY (`id`),
  KEY `ix_area_parent_id` (`parent_id`),
  CONSTRAINT `fk_area_area_parent_id` FOREIGN KEY (`parent_id`) REFERENCES `area` (`id`)
) ENGINE=InnoDB AUTO_INCREMENT=62 DEFAULT CHARSET=latin1;

-- Volcando datos para la tabla bpo.area: ~51 rows (aproximadamente)
/*!40000 ALTER TABLE `area` DISABLE KEYS */;
INSERT IGNORE INTO `area` (`id`, `start_date`, `end_date`, `active`, `name`, `description`, `type`, `parent_id`, `lineage`, `depth`) VALUES
	(1, '0001-01-01 00:00:00.000000', NULL, b'1', 'Indra', 'Indra', 'Organizational', NULL, '-1-', 0),
	(2, '0001-01-01 00:00:00.000000', NULL, b'1', 'Minsait', 'Minsait', 'Organizational', 1, '-1-2-', 1),
	(3, '0001-01-01 00:00:00.000000', NULL, b'1', 'Opsait', 'Opsait', 'Organizational', 2, '-1-2-3-', 2),
	(4, '0001-01-01 00:00:00.000000', NULL, b'1', 'Servicios Financieros', 'Servicios Financieros', 'Organizational', 3, '-1-2-3-4-', 3),
	(5, '0001-01-01 00:00:00.000000', NULL, b'1', 'CaixaBank', 'Servicios CaixaBank', 'Organizational', 4, '-1-2-3-4-5-', 4),
	(6, '0001-01-01 00:00:00.000000', NULL, b'1', 'Medios de Pago', 'Medios de Pago', 'Project', 5, '-1-2-3-4-5-6-', 5),
	(7, '0001-01-01 00:00:00.000000', NULL, b'1', 'Isoc', 'Isoc', 'Productive', 6, '-1-2-3-4-5-6-7-', 6),
	(8, '0001-01-01 00:00:00.000000', NULL, b'1', 'Payments', 'Payments', 'Productive', 6, '-1-2-3-4-5-6-8-', 6),
	(9, '0001-01-01 00:00:00.000000', NULL, b'1', 'Comercia', 'Comercia', 'Productive', 6, '-1-2-3-4-5-6-9-', 6),
	(10, '0001-01-01 00:00:00.000000', NULL, b'1', 'OMC', 'Oficina Técnica y de Mejora Continua', 'Project', 3, '-1-2-3-10-', 3),
	(11, '0001-01-01 00:00:00.000000', NULL, b'1', 'Card Factory', 'Card Factory', 'Productive', 8, '-1-2-3-4-5-6-8-11-', 7),
	(12, '0001-01-01 00:00:00.000000', NULL, b'1', 'General', 'General', 'General', 1, '-1-12-', 1),
	(13, '0001-01-01 00:00:00.000000', NULL, b'1', 'Vacaciones', 'Vacaciones', 'General', 12, '-1-12-13-', 2),
	(14, '0001-01-01 00:00:00.000000', NULL, b'1', 'Libre Disposición', 'Libre Disposición', 'General', 12, '-1-12-14-', 2),
	(15, '0001-01-01 00:00:00.000000', NULL, b'1', 'Asuntos Sindicales', 'Asuntos Sindicales', 'General', 12, '-1-12-15-', 2),
	(16, '0001-01-01 00:00:00.000000', NULL, b'1', 'Permiso Remunerado', 'Permiso Remunerado', 'General', 12, '-1-12-16-', 2),
	(17, '0001-01-01 00:00:00.000000', NULL, b'1', 'Vacaciones', 'Vacaciones', 'General', 13, '-1-12-13-17-', 3),
	(18, '0001-01-01 00:00:00.000000', NULL, b'1', 'Vacaciones Año Pasado', 'Vacaciones Año Pasado', 'General', 13, '-1-12-13-18-', 3),
	(19, '0001-01-01 00:00:00.000000', NULL, b'1', 'Ajuste de Horas por Vacaciones', 'Ajuste de Horas por Vacaciones', 'General', 13, '-1-12-13-19-', 3),
	(20, '0001-01-01 00:00:00.000000', NULL, b'1', 'Día Libre Disposición', 'Día Libre Disposición', 'General', 14, '-1-12-14-20-', 3),
	(21, '0001-01-01 00:00:00.000000', NULL, b'1', 'Horas Libre Disposición', 'Horas Libre Disposición', 'General', 14, '-1-12-14-21-', 3),
	(22, '0001-01-01 00:00:00.000000', NULL, b'1', 'Asuntos Sindicales', 'Día Libre Disposición', 'General', 15, '-1-12-15-22-', 3),
	(23, '0001-01-01 00:00:00.000000', NULL, b'1', 'Otros Asuntos Sindicales', 'Horas Libre Disposición', 'General', 15, '-1-12-15-23-', 3),
	(24, '0001-01-01 00:00:00.000000', NULL, b'1', 'Baja Médica', 'Baja Médica', 'General', 16, '-1-12-16-24-', 3),
	(25, '0001-01-01 00:00:00.000000', NULL, b'1', 'Visita Médica', 'Visita Médica', 'General', 16, '-1-12-16-25-', 3),
	(26, '0001-01-01 00:00:00.000000', NULL, b'1', 'Enfermedad sin Baja', 'Enfermedad sin Baja', 'General', 16, '-1-12-16-26-', 3),
	(27, '0001-01-01 00:00:00.000000', NULL, b'1', 'Nacimiento', 'Nacimiento', 'General', 16, '-1-12-16-27-', 3),
	(28, '0001-01-01 00:00:00.000000', NULL, b'1', 'Lactancia', 'Lactancia', 'General', 16, '-1-12-16-28-', 3),
	(29, '0001-01-01 00:00:00.000000', NULL, b'1', 'Maternidad', 'Maternidad', 'General', 16, '-1-12-16-29-', 3),
	(30, '0001-01-01 00:00:00.000000', NULL, b'1', 'Paternidad', 'Paternidad', 'General', 16, '-1-12-16-30-', 3),
	(31, '0001-01-01 00:00:00.000000', NULL, b'1', 'Maternidad Extendida', 'Maternidad Extendida', 'General', 16, '-1-12-16-31-', 3),
	(32, '0001-01-01 00:00:00.000000', NULL, b'1', 'Maternidad Acumulada', 'Maternidad Acumulada', 'General', 16, '-1-12-16-32-', 3),
	(33, '0001-01-01 00:00:00.000000', NULL, b'1', 'Maternidad Combinada', 'Maternidad Combinada', 'General', 16, '-1-12-16-33-', 3),
	(34, '0001-01-01 00:00:00.000000', NULL, b'1', 'Pa/Maternidad Parcial', 'Pa/Maternidad Parcial', 'General', 16, '-1-12-16-34-', 3),
	(35, '0001-01-01 00:00:00.000000', NULL, b'1', 'Matrimonio', 'Matrimonio', 'General', 16, '-1-12-16-35-', 3),
	(36, '0001-01-01 00:00:00.000000', NULL, b'1', 'Matrimonio Familiar', 'Matrimonio Familiar', 'General', 16, '-1-12-16-36-', 3),
	(37, '0001-01-01 00:00:00.000000', NULL, b'1', 'Fallecimiento Familiar', 'Fallecimiento Familiar', 'General', 16, '-1-12-16-37-', 3),
	(38, '0001-01-01 00:00:00.000000', NULL, b'1', 'Enfermedad Familiar', 'Enfermedad Familiar', 'General', 16, '-1-12-16-38-', 3),
	(39, '0001-01-01 00:00:00.000000', NULL, b'1', 'Mudanza', 'Mudanza', 'General', 16, '-1-12-16-39-', 3),
	(40, '0001-01-01 00:00:00.000000', NULL, b'1', 'Exámenes', 'Exámenes', 'General', 16, '-1-12-16-40-', 3),
	(41, '0001-01-01 00:00:00.000000', NULL, b'1', 'Deber Judicial/Público', 'Deber Judicial/Público', 'General', 16, '-1-12-16-41-', 3),
	(42, '0001-01-01 00:00:00.000000', NULL, b'1', 'Reconocimiento Médico Empresa', 'Reconocimiento Médico Empresa', 'General', 16, '-1-12-16-42-', 3),
	(43, '0001-01-01 00:00:00.000000', NULL, b'1', 'Permiso sin sueldo', 'Permiso sin sueldo', 'General', 16, '-1-12-16-43-', 3),
	(44, '0001-01-01 00:00:00.000000', NULL, b'1', 'Suspensión sin sueldo', 'Suspensión sin sueldo', 'General', 16, '-1-12-16-44-', 3),
	(45, '0001-01-01 00:00:00.000000', NULL, b'1', 'Suspensión de empleo y sueldo', 'Suspensión de empleo y sueldo', 'General', 16, '-1-12-16-45-', 3),
	(46, '0001-01-01 00:00:00.000000', NULL, b'1', 'Desarrollo', 'Desarrollo', 'Productive', 10, '-1-2-3-10-46-', 4),
	(47, '0001-01-01 00:00:00.000000', NULL, b'1', 'Oficina Técnica', 'Oficina Técnica', 'Productive', 10, '-1-2-3-10-47-', 4),
	(48, '0001-01-01 00:00:00.000000', NULL, b'1', 'Caixabank Consumer Finance', 'caixabank consumer finance', 'Organizational', 5, '-1-2-3-4-5-48-', 5),
	(49, '0001-01-01 00:00:00.000000', NULL, b'1', 'Front Office', 'Front Office', 'Project', 48, '-1-2-3-4-5-48-49-', 6),
	(50, '0001-01-01 00:00:00.000000', NULL, b'1', 'Back Office', 'Back Office', 'Project', 48, '-1-2-3-4-5-48-50-', 6),
	(61, '0001-01-01 00:00:00.000000', NULL, b'1', 'Equipo Uno', 'Equipo Uno', 'Productive', 50, '-1-2-3-4-5-48-50-61-', 7);
/*!40000 ALTER TABLE `area` ENABLE KEYS */;

-- Volcando estructura para tabla bpo.area_code
CREATE TABLE IF NOT EXISTS `area_code` (
  `id` int(11) NOT NULL AUTO_INCREMENT,
  `start_date` datetime(6) NOT NULL,
  `end_date` datetime(6) DEFAULT NULL,
  `active` bit(1) NOT NULL,
  `name` longtext NOT NULL,
  `description` longtext DEFAULT NULL,
  `area_id` int(11) NOT NULL,
  PRIMARY KEY (`id`),
  KEY `ix_area_code_area_id` (`area_id`),
  CONSTRAINT `fk_area_code_area_area_id` FOREIGN KEY (`area_id`) REFERENCES `area` (`id`) ON DELETE CASCADE
) ENGINE=InnoDB AUTO_INCREMENT=4 DEFAULT CHARSET=latin1;

-- Volcando datos para la tabla bpo.area_code: ~3 rows (aproximadamente)
/*!40000 ALTER TABLE `area_code` DISABLE KEYS */;
INSERT IGNORE INTO `area_code` (`id`, `start_date`, `end_date`, `active`, `name`, `description`, `area_id`) VALUES
	(1, '0001-01-01 00:00:00.000000', '2019-06-05 00:00:00.000000', b'0', 'CXOMCN', NULL, 10),
	(2, '2019-06-06 00:00:00.000000', '2019-06-11 00:00:00.000000', b'0', 'CXOMCO', NULL, 10),
	(3, '2019-06-12 00:00:00.000000', NULL, b'1', 'CXOMCT', NULL, 10);
/*!40000 ALTER TABLE `area_code` ENABLE KEYS */;

-- Volcando estructura para tabla bpo.area_code_wbs
CREATE TABLE IF NOT EXISTS `area_code_wbs` (
  `id` int(11) NOT NULL AUTO_INCREMENT,
  `start_date` datetime(6) NOT NULL,
  `end_date` datetime(6) DEFAULT NULL,
  `active` bit(1) NOT NULL,
  `name` longtext NOT NULL,
  `description` longtext DEFAULT NULL,
  `parent_id` int(11) DEFAULT NULL,
  `has_children` bit(1) DEFAULT NULL,
  `area_code_id` int(11) NOT NULL,
  `area_id` int(11) DEFAULT NULL,
  PRIMARY KEY (`id`),
  KEY `ix_area_code_wbs_area_code_id` (`area_code_id`),
  KEY `ix_area_code_wbs_area_id` (`area_id`),
  KEY `ix_area_code_wbs_parent_id` (`parent_id`),
  CONSTRAINT `fk_area_code_wbs_area_area_id` FOREIGN KEY (`area_id`) REFERENCES `area` (`id`),
  CONSTRAINT `fk_area_code_wbs_area_code_area_code_id` FOREIGN KEY (`area_code_id`) REFERENCES `area_code` (`id`) ON DELETE CASCADE,
  CONSTRAINT `fk_area_code_wbs_area_code_wbs_parent_id` FOREIGN KEY (`parent_id`) REFERENCES `area_code_wbs` (`id`)
) ENGINE=InnoDB AUTO_INCREMENT=5 DEFAULT CHARSET=latin1;

-- Volcando datos para la tabla bpo.area_code_wbs: ~0 rows (aproximadamente)
/*!40000 ALTER TABLE `area_code_wbs` DISABLE KEYS */;
INSERT IGNORE INTO `area_code_wbs` (`id`, `start_date`, `end_date`, `active`, `name`, `description`, `parent_id`, `has_children`, `area_code_id`, `area_id`) VALUES
	(4, '2019-06-06 00:00:00.000000', NULL, b'1', '7', NULL, NULL, NULL, 3, 46);
/*!40000 ALTER TABLE `area_code_wbs` ENABLE KEYS */;

-- Volcando estructura para tabla bpo.bookmark
CREATE TABLE IF NOT EXISTS `bookmark` (
  `id` int(11) NOT NULL AUTO_INCREMENT,
  `active` bit(1) NOT NULL,
  `name` longtext NOT NULL,
  `url` longtext DEFAULT NULL,
  `local` bit(1) NOT NULL,
  `group` bit(1) NOT NULL,
  `order` int(11) NOT NULL,
  `parent_id` int(11) DEFAULT NULL,
  `user_id` int(11) NOT NULL,
  PRIMARY KEY (`id`),
  KEY `ix_bookmark_parent_id` (`parent_id`),
  KEY `ix_bookmark_user_id` (`user_id`),
  CONSTRAINT `fk_bookmark_bookmark_parent_id` FOREIGN KEY (`parent_id`) REFERENCES `bookmark` (`id`),
  CONSTRAINT `fk_bookmark_user_user_id` FOREIGN KEY (`user_id`) REFERENCES `user` (`id`) ON DELETE CASCADE
) ENGINE=InnoDB AUTO_INCREMENT=5 DEFAULT CHARSET=latin1;

-- Volcando datos para la tabla bpo.bookmark: ~4 rows (aproximadamente)
/*!40000 ALTER TABLE `bookmark` DISABLE KEYS */;
INSERT IGNORE INTO `bookmark` (`id`, `active`, `name`, `url`, `local`, `group`, `order`, `parent_id`, `user_id`) VALUES
	(1, b'1', 'LOCALES', NULL, b'1', b'1', 0, NULL, 1),
	(2, b'1', 'EXTERNOS', NULL, b'0', b'1', 0, NULL, 1),
	(3, b'1', 'Colaboradores', '/user/list', b'1', b'0', 0, 1, 1),
	(4, b'1', 'Google', 'www.google.es', b'0', b'0', 0, 2, 1);
/*!40000 ALTER TABLE `bookmark` ENABLE KEYS */;

-- Volcando estructura para tabla bpo.calendar
CREATE TABLE IF NOT EXISTS `calendar` (
  `id` int(11) NOT NULL AUTO_INCREMENT,
  `active` bit(1) NOT NULL,
  `name` longtext NOT NULL,
  `description` longtext DEFAULT NULL,
  PRIMARY KEY (`id`)
) ENGINE=InnoDB DEFAULT CHARSET=latin1;

-- Volcando datos para la tabla bpo.calendar: ~0 rows (aproximadamente)
/*!40000 ALTER TABLE `calendar` DISABLE KEYS */;
/*!40000 ALTER TABLE `calendar` ENABLE KEYS */;

-- Volcando estructura para tabla bpo.category
CREATE TABLE IF NOT EXISTS `category` (
  `id` int(11) NOT NULL AUTO_INCREMENT,
  `active` bit(1) NOT NULL,
  `level` int(11) NOT NULL,
  `name` longtext NOT NULL,
  PRIMARY KEY (`id`)
) ENGINE=InnoDB AUTO_INCREMENT=16 DEFAULT CHARSET=latin1;

-- Volcando datos para la tabla bpo.category: ~15 rows (aproximadamente)
/*!40000 ALTER TABLE `category` DISABLE KEYS */;
INSERT IGNORE INTO `category` (`id`, `active`, `level`, `name`) VALUES
	(1, b'1', 1, 'Producción 1'),
	(2, b'1', 2, 'Producción 2'),
	(3, b'1', 3, 'Producción 3'),
	(4, b'1', 4, 'Producción 4'),
	(5, b'1', 5, 'Producción 5'),
	(6, b'1', 6, 'Producción 6'),
	(7, b'1', 7, 'Supervisor 1'),
	(8, b'1', 8, 'Supervisor 2'),
	(9, b'1', 9, 'Supervisor 3'),
	(10, b'1', 10, 'Gerente 1'),
	(11, b'1', 11, 'Gerente 2'),
	(12, b'1', 12, 'Gerente 3'),
	(13, b'1', 13, 'Director 1'),
	(14, b'1', 14, 'Director 2'),
	(15, b'1', 15, 'Director 3');
/*!40000 ALTER TABLE `category` ENABLE KEYS */;

-- Volcando estructura para tabla bpo.collective
CREATE TABLE IF NOT EXISTS `collective` (
  `id` int(11) NOT NULL AUTO_INCREMENT,
  `start_date` datetime(6) NOT NULL,
  `end_date` datetime(6) DEFAULT NULL,
  `active` bit(1) NOT NULL,
  `name` longtext NOT NULL,
  `year_work_hours` double NOT NULL,
  `year_doctor_hours` double NOT NULL,
  `year_vacation_days` double NOT NULL,
  `year_spare_days` double NOT NULL,
  `other` int(11) NOT NULL,
  PRIMARY KEY (`id`)
) ENGINE=InnoDB AUTO_INCREMENT=2 DEFAULT CHARSET=latin1;

-- Volcando datos para la tabla bpo.collective: ~0 rows (aproximadamente)
/*!40000 ALTER TABLE `collective` DISABLE KEYS */;
INSERT IGNORE INTO `collective` (`id`, `start_date`, `end_date`, `active`, `name`, `year_work_hours`, `year_doctor_hours`, `year_vacation_days`, `year_spare_days`, `other`) VALUES
	(1, '2018-01-01 00:00:00.000000', NULL, b'1', 'Consultoría (XVII)', 0, 0, 0, 0, 0);
/*!40000 ALTER TABLE `collective` ENABLE KEYS */;

-- Volcando estructura para tabla bpo.company
CREATE TABLE IF NOT EXISTS `company` (
  `id` int(11) NOT NULL AUTO_INCREMENT,
  `active` bit(1) NOT NULL,
  `name` longtext DEFAULT NULL,
  `description` longtext DEFAULT NULL,
  `external` bit(1) NOT NULL,
  PRIMARY KEY (`id`)
) ENGINE=InnoDB AUTO_INCREMENT=4 DEFAULT CHARSET=latin1;

-- Volcando datos para la tabla bpo.company: ~3 rows (aproximadamente)
/*!40000 ALTER TABLE `company` DISABLE KEYS */;
INSERT IGNORE INTO `company` (`id`, `active`, `name`, `description`, `external`) VALUES
	(1, b'1', 'Minsait', 'Minsait', b'0'),
	(2, b'1', 'Indra Bpo', 'Indra Bpo - Opsait', b'0'),
	(3, b'1', 'Indra Bpo Servicios', 'Indra Bpo Servicios - Opsait', b'0');
/*!40000 ALTER TABLE `company` ENABLE KEYS */;

-- Volcando estructura para tabla bpo.forecast
CREATE TABLE IF NOT EXISTS `forecast` (
  `id` int(11) NOT NULL AUTO_INCREMENT,
  `active` bit(1) NOT NULL,
  `date` datetime(6) NOT NULL,
  `year` int(11) NOT NULL,
  `month` int(11) NOT NULL,
  `events` double NOT NULL,
  `job_id` int(11) NOT NULL,
  PRIMARY KEY (`id`),
  KEY `ix_forecast_job_id` (`job_id`),
  CONSTRAINT `fk_forecast_job_job_id` FOREIGN KEY (`job_id`) REFERENCES `job` (`id`) ON DELETE CASCADE
) ENGINE=InnoDB AUTO_INCREMENT=3 DEFAULT CHARSET=latin1;

-- Volcando datos para la tabla bpo.forecast: ~2 rows (aproximadamente)
/*!40000 ALTER TABLE `forecast` DISABLE KEYS */;
INSERT IGNORE INTO `forecast` (`id`, `active`, `date`, `year`, `month`, `events`, `job_id`) VALUES
	(1, b'1', '2019-07-10 02:31:32.497126', 2019, 8, 181753, 7),
	(2, b'1', '2019-07-23 18:14:40.928207', 2019, 11, 175890, 7);
/*!40000 ALTER TABLE `forecast` ENABLE KEYS */;

-- Volcando estructura para tabla bpo.job
CREATE TABLE IF NOT EXISTS `job` (
  `id` int(11) NOT NULL AUTO_INCREMENT,
  `start_date` datetime(6) NOT NULL,
  `end_date` datetime(6) DEFAULT NULL,
  `active` bit(1) NOT NULL,
  `name` longtext NOT NULL,
  `description` longtext DEFAULT NULL,
  `type` longtext NOT NULL,
  `area_id` int(11) NOT NULL,
  `default` bit(1) DEFAULT NULL,
  `acronym` varchar(2) DEFAULT NULL,
  PRIMARY KEY (`id`),
  KEY `ix_job_area_id` (`area_id`),
  CONSTRAINT `fk_job_area_area_id` FOREIGN KEY (`area_id`) REFERENCES `area` (`id`) ON DELETE CASCADE
) ENGINE=InnoDB AUTO_INCREMENT=73 DEFAULT CHARSET=latin1;

-- Volcando datos para la tabla bpo.job: ~58 rows (aproximadamente)
/*!40000 ALTER TABLE `job` DISABLE KEYS */;
INSERT IGNORE INTO `job` (`id`, `start_date`, `end_date`, `active`, `name`, `description`, `type`, `area_id`, `default`, `acronym`) VALUES
	(1, '1900-01-01 00:00:00.000000', NULL, b'1', 'Indra', 'Indra', 'Organizational', 1, b'1', 'T'),
	(2, '1900-01-01 00:00:00.000000', NULL, b'1', 'Minsait', 'Minsait', 'Organizational', 2, b'1', 'T'),
	(3, '1900-01-01 00:00:00.000000', NULL, b'1', 'Opsait', 'Opsait', 'Organizational', 3, b'1', 'T'),
	(4, '1900-01-01 00:00:00.000000', NULL, b'1', 'Servicios Financieros', 'Servicios Financieros', 'Organizational', 4, b'1', 'T'),
	(5, '1900-01-01 00:00:00.000000', NULL, b'1', 'CaixaBank', 'CaixaBank', 'Organizational', 5, b'1', 'T'),
	(6, '1900-01-01 00:00:00.000000', NULL, b'1', 'Medios de Pago', 'Medios de Pago', 'Project', 6, b'1', 'T'),
	(7, '1900-01-01 00:00:00.000000', NULL, b'1', 'Isoc', 'Isoc', '0', 7, b'0', 'T'),
	(8, '1900-01-01 00:00:00.000000', NULL, b'1', 'Payments', 'Payments', 'Productive', 8, b'1', 'T'),
	(9, '1900-01-01 00:00:00.000000', NULL, b'1', 'Comercia', 'Comercia', 'Productive', 9, b'1', 'T'),
	(10, '1900-01-01 00:00:00.000000', NULL, b'1', 'OMC', 'Oficina Téncia y de Mejora Continua', 'Project', 10, b'1', 'T'),
	(11, '1900-01-01 00:00:00.000000', NULL, b'1', 'Card Factory', 'Card Factory', 'Productive', 11, b'1', 'T'),
	(12, '1900-01-01 00:00:00.000000', NULL, b'1', 'General', 'General', 'Organizational', 12, b'1', ''),
	(13, '1900-01-01 00:00:00.000000', NULL, b'1', 'Vacaciones', 'Vacaciones', 'General', 13, b'1', ''),
	(14, '1900-01-01 00:00:00.000000', NULL, b'1', 'Libre Disposición', 'Libre Disposición', 'General', 14, b'1', ''),
	(15, '1900-01-01 00:00:00.000000', NULL, b'1', 'Asuntos Sindicales', 'Asuntos Sindicales', 'General', 15, b'1', ''),
	(16, '1900-01-01 00:00:00.000000', NULL, b'1', 'Permiso Remunerado', 'Permiso Remunerado', 'General', 16, b'1', ''),
	(17, '1900-01-01 00:00:00.000000', NULL, b'1', 'Vacaciones', 'Vacaciones', 'Hollydays', 17, b'1', 'V'),
	(18, '1900-01-01 00:00:00.000000', NULL, b'1', 'Vacaciones Año Pasado', 'Vacaciones Año Pasado', 'LastYearHollydays', 18, b'1', 'Y'),
	(19, '1900-01-01 00:00:00.000000', NULL, b'1', 'Ajuste de Horas por Vacaciones', 'Ajuste de Horas por Vacaciones', 'LastYearHollydays', 19, b'1', 'Y'),
	(20, '1900-01-01 00:00:00.000000', NULL, b'1', 'Día Libre Disposición', 'Día Libre Disposición', 'FreeDays', 20, b'1', 'L'),
	(21, '1900-01-01 00:00:00.000000', NULL, b'1', 'Horas Libre Disposición', 'Horas Libre Disposición', 'FreeDays', 21, b'1', 'L'),
	(22, '1900-01-01 00:00:00.000000', NULL, b'1', 'Asuntos Sindicales', 'Asuntos Sindicales', 'UnionHours', 22, b'1', 'S'),
	(23, '1900-01-01 00:00:00.000000', NULL, b'1', 'Otros Asuntos Sindicales', 'Otros Asuntos Sindicales', 'UnionHours', 23, b'1', 'S'),
	(24, '1900-01-01 00:00:00.000000', NULL, b'1', 'Baja por Enfermedad', 'Baja por Enfermedad', 'SickLeave', 24, b'1', 'B'),
	(25, '1900-01-01 00:00:00.000000', NULL, b'1', 'Visita Médica', 'Visita Médica', 'DoctorHours', 25, b'1', 'M'),
	(26, '1900-01-01 00:00:00.000000', NULL, b'1', 'Enfermedad sin Baja', 'Enfermedad sin Baja', 'PaidLeave', 26, b'1', 'P'),
	(27, '1900-01-01 00:00:00.000000', NULL, b'1', 'Nacimiento', 'Nacimiento', 'PaidLeave', 27, b'1', 'P'),
	(28, '1900-01-01 00:00:00.000000', NULL, b'1', 'Lactancia', 'Lactancia', 'PaidLeave', 28, b'1', 'P'),
	(29, '1900-01-01 00:00:00.000000', NULL, b'1', 'Maternidad', 'Maternidad', 'PaidLeave', 20, b'1', 'P'),
	(30, '1900-01-01 00:00:00.000000', NULL, b'1', 'Paternidad', 'Paternidad', 'PaidLeave', 30, b'1', 'P'),
	(31, '1900-01-01 00:00:00.000000', NULL, b'1', 'Maternidad Extendida', 'Maternidad Extendida', 'PaidLeave', 31, b'1', 'P'),
	(32, '1900-01-01 00:00:00.000000', NULL, b'1', 'Maternidad Acumulada', 'Maternidad Acumulada', 'PaidLeave', 32, b'1', 'P'),
	(33, '1900-01-01 00:00:00.000000', NULL, b'1', 'Maternidad Combinada', 'Maternidad Combinada', 'PaidLeave', 33, b'1', 'P'),
	(34, '1900-01-01 00:00:00.000000', NULL, b'1', 'Pa/Maternidad Parcial', 'Pa/Maternidad Parcial', 'PaidLeave', 34, b'1', 'P'),
	(35, '1900-01-01 00:00:00.000000', NULL, b'1', 'Matrimonio', 'Matrimonio', 'PaidLeave', 35, b'1', 'P'),
	(36, '1900-01-01 00:00:00.000000', NULL, b'1', 'Matrimonio Familiar', 'Matrimonio Familiar', 'PaidLeave', 36, b'1', 'P'),
	(37, '1900-01-01 00:00:00.000000', NULL, b'1', 'Fallecimiento Familiar', 'Fallecimiento Familiar', 'PaidLeave', 37, b'1', 'P'),
	(38, '1900-01-01 00:00:00.000000', NULL, b'1', 'Enfermedad Familiar', 'Enfermedad Familiar', 'PaidLeave', 38, b'1', 'P'),
	(39, '1900-01-01 00:00:00.000000', NULL, b'1', 'Mudanza', 'Mudanza', 'PaidLeave', 39, b'1', 'P'),
	(40, '1900-01-01 00:00:00.000000', NULL, b'1', 'Exámenes', 'Exámenes', 'PaidLeave', 40, b'1', 'P'),
	(41, '1900-01-01 00:00:00.000000', NULL, b'1', 'Deber Judicial/Público', 'Deber Judicial/Público', 'PaidLeave', 41, b'1', 'P'),
	(42, '1900-01-01 00:00:00.000000', NULL, b'1', 'Reconocimiento Médico Empresa', 'Reconocimiento Médico Empresa', 'PaidLeave', 42, b'1', 'P'),
	(43, '1900-01-01 00:00:00.000000', NULL, b'1', 'Permiso sin sueldo', 'Permiso sin sueldo', 'PaidLeave', 43, b'1', 'P'),
	(44, '1900-01-01 00:00:00.000000', NULL, b'1', 'Suspensión sin sueldo', 'Suspensión sin sueldo', 'PaidLeave', 44, b'1', 'P'),
	(45, '1900-01-01 00:00:00.000000', NULL, b'1', 'Suspensión de empleo y sueldo', 'Suspensión de empleo y sueldo', 'PaidLeave', 45, b'1', 'P'),
	(46, '1900-01-01 00:00:00.000000', NULL, b'1', 'Ausencia Injustificada', 'Ausencia Injustificada', 'UnjustifiedAbsence', 12, b'0', 'A'),
	(47, '0001-01-01 00:00:00.000000', NULL, b'1', 'Desarrollo', 'Tarea por defecto', 'Productive', 46, b'1', 'T'),
	(48, '0001-01-01 00:00:00.000000', NULL, b'1', 'Oficina Técnica', 'Tarea por defecto', 'Productive', 47, b'1', 'T'),
	(49, '0001-01-01 00:00:00.000000', NULL, b'1', 'Test', 'Tarea por defecto', 'Project', 48, b'1', 'T'),
	(50, '0001-01-01 00:00:00.000000', NULL, b'1', 'Test', 'Tarea por defecto', 'Organizational', 49, b'1', 'T'),
	(51, '0001-01-01 00:00:00.000000', NULL, b'1', 'Aergaer', 'Tarea por defecto', 'Organizational', 50, b'1', 'T'),
	(52, '0001-01-01 00:00:00.000000', NULL, b'1', 'ha', 'are', '0', 50, b'0', 'T'),
	(56, '0001-01-01 00:00:00.000000', NULL, b'1', 'In ornare leo vel gravida vehicula', 'In ornare leo vel gravida vehicula', '0', 10, b'0', 'T'),
	(57, '0001-01-01 00:00:00.000000', NULL, b'1', 'Duis at dui non ante vehicula ', 'Duis at dui non ante vehicula ', '0', 10, b'0', 'T'),
	(58, '0001-01-01 00:00:00.000000', NULL, b'1', 'Caixabank Consumer Finance', 'Tarea por defecto', 'Organizational', 48, b'1', 'T'),
	(59, '0001-01-01 00:00:00.000000', NULL, b'1', 'Front Office', 'Tarea por defecto', 'Project', 49, b'1', 'T'),
	(60, '0001-01-01 00:00:00.000000', NULL, b'1', 'Back Office', 'Tarea por defecto', '0', 50, b'1', 'T'),
	(71, '0001-01-01 00:00:00.000000', NULL, b'1', 'Prueba Linaje', 'Tarea por defecto', 'Productive', 61, b'1', 'T');
/*!40000 ALTER TABLE `job` ENABLE KEYS */;

-- Volcando estructura para tabla bpo.job_config
CREATE TABLE IF NOT EXISTS `job_config` (
  `id` int(11) NOT NULL AUTO_INCREMENT,
  `start_date` datetime(6) NOT NULL,
  `end_date` datetime(6) DEFAULT NULL,
  `active` bit(1) NOT NULL,
  `billing_type` int(11) NOT NULL,
  `task_type` int(11) NOT NULL,
  `rate` double DEFAULT NULL,
  `tmo` double DEFAULT NULL,
  `wait` double DEFAULT NULL,
  `queue` double DEFAULT NULL,
  `sla_description` longtext DEFAULT NULL,
  `sla_comparator` varchar(1) NOT NULL,
  `sla` double DEFAULT NULL,
  `job_id` int(11) NOT NULL,
  PRIMARY KEY (`id`),
  KEY `ix_job_config_job_id` (`job_id`),
  CONSTRAINT `fk_job_config_job_job_id` FOREIGN KEY (`job_id`) REFERENCES `job` (`id`) ON DELETE CASCADE
) ENGINE=InnoDB AUTO_INCREMENT=18 DEFAULT CHARSET=latin1;

-- Volcando datos para la tabla bpo.job_config: ~4 rows (aproximadamente)
/*!40000 ALTER TABLE `job_config` DISABLE KEYS */;
INSERT IGNORE INTO `job_config` (`id`, `start_date`, `end_date`, `active`, `billing_type`, `task_type`, `rate`, `tmo`, `wait`, `queue`, `sla_description`, `sla_comparator`, `sla`, `job_id`) VALUES
	(4, '0001-01-01 00:00:00.000000', NULL, b'1', 2, 3, NULL, NULL, NULL, NULL, NULL, '\0', NULL, 47),
	(10, '0001-01-01 00:00:00.000000', NULL, b'1', 1, 3, NULL, NULL, NULL, NULL, NULL, '\0', NULL, 56),
	(11, '0001-01-01 00:00:00.000000', NULL, b'1', 1, 3, NULL, NULL, NULL, NULL, NULL, '\0', NULL, 57),
	(13, '0001-01-01 00:00:00.000000', NULL, b'1', 1, 3, NULL, NULL, NULL, NULL, NULL, '\0', NULL, 60);
/*!40000 ALTER TABLE `job_config` ENABLE KEYS */;

-- Volcando estructura para tabla bpo.job_forecast
CREATE TABLE IF NOT EXISTS `job_forecast` (
  `id` int(11) NOT NULL AUTO_INCREMENT,
  `active` bit(1) NOT NULL,
  `date` datetime(6) DEFAULT NULL,
  `year` int(11) NOT NULL,
  `month` int(11) NOT NULL,
  `day` int(11) NOT NULL,
  `forecast` double NOT NULL,
  `job_id` int(11) NOT NULL,
  `events` longtext DEFAULT NULL,
  PRIMARY KEY (`id`),
  KEY `ix_job_forecast_job_id` (`job_id`),
  CONSTRAINT `fk_job_forecast_job_job_id` FOREIGN KEY (`job_id`) REFERENCES `job` (`id`) ON DELETE CASCADE
) ENGINE=InnoDB AUTO_INCREMENT=93 DEFAULT CHARSET=latin1;

-- Volcando datos para la tabla bpo.job_forecast: ~92 rows (aproximadamente)
/*!40000 ALTER TABLE `job_forecast` DISABLE KEYS */;
INSERT IGNORE INTO `job_forecast` (`id`, `active`, `date`, `year`, `month`, `day`, `forecast`, `job_id`, `events`) VALUES
	(1, b'1', '2019-07-01 00:00:00.000000', 2019, 7, 1, 0, 7, '24;234;223;23;2;79;345;74;48;95;24;234;223;23;2;79;345;74;48;95;24;234;223;23;2;79;345;74;48;95;24;234;223;23;2;79;345;74;48;95;24;234;223;23;2;79;345;345'),
	(2, b'1', '2019-07-29 00:00:00.000000', 2019, 7, 29, 0, 7, '24;234;223;23;2;79;345;74;48;95;24;234;223;23;2;79;345;74;48;95;24;234;223;23;2;79;345;74;48;95;24;234;223;23;2;79;345;74;48;95;24;234;223;23;2;79;345;345'),
	(3, b'1', '2019-07-28 00:00:00.000000', 2019, 7, 28, 0, 7, '24;234;223;23;2;79;345;74;48;95;24;234;223;23;2;79;345;74;48;95;24;234;223;23;2;79;345;74;48;95;24;234;223;23;2;79;345;74;48;95;24;234;223;23;2;79;345;345'),
	(4, b'1', '2019-07-27 00:00:00.000000', 2019, 7, 27, 0, 7, '24;234;223;23;2;79;345;74;48;95;24;234;223;23;2;79;345;74;48;95;24;234;223;23;2;79;345;74;48;95;24;234;223;23;2;79;345;74;48;95;24;234;223;23;2;79;345;345'),
	(5, b'1', '2019-07-26 00:00:00.000000', 2019, 7, 26, 0, 7, '24;234;223;23;2;79;345;74;48;95;24;234;223;23;2;79;345;74;48;95;24;234;223;23;2;79;345;74;48;95;24;234;223;23;2;79;345;74;48;95;24;234;223;23;2;79;345;345'),
	(6, b'1', '2019-07-25 00:00:00.000000', 2019, 7, 25, 0, 7, '24;234;223;23;2;79;345;74;48;95;24;234;223;23;2;79;345;74;48;95;24;234;223;23;2;79;345;74;48;95;24;234;223;23;2;79;345;74;48;95;24;234;223;23;2;79;345;345'),
	(7, b'1', '2019-07-24 00:00:00.000000', 2019, 7, 24, 0, 7, '24;234;223;23;2;79;345;74;48;95;24;234;223;23;2;79;345;74;48;95;24;234;223;23;2;79;345;74;48;95;24;234;223;23;2;79;345;74;48;95;24;234;223;23;2;79;345;345'),
	(8, b'1', '2019-07-23 00:00:00.000000', 2019, 7, 23, 0, 7, '24;234;223;23;2;79;345;74;48;95;24;234;223;23;2;79;345;74;48;95;24;234;223;23;2;79;345;74;48;95;24;234;223;23;2;79;345;74;48;95;24;234;223;23;2;79;345;345'),
	(9, b'1', '2019-07-22 00:00:00.000000', 2019, 7, 22, 0, 7, '24;234;223;23;2;79;345;74;48;95;24;234;223;23;2;79;345;74;48;95;24;234;223;23;2;79;345;74;48;95;24;234;223;23;2;79;345;74;48;95;24;234;223;23;2;79;345;345'),
	(10, b'1', '2019-07-21 00:00:00.000000', 2019, 7, 21, 0, 7, '24;234;223;23;2;79;345;74;48;95;24;234;223;23;2;79;345;74;48;95;24;234;223;23;2;79;345;74;48;95;24;234;223;23;2;79;345;74;48;95;24;234;223;23;2;79;345;345'),
	(11, b'1', '2019-07-20 00:00:00.000000', 2019, 7, 20, 0, 7, '24;234;223;23;2;79;345;74;48;95;24;234;223;23;2;79;345;74;48;95;24;234;223;23;2;79;345;74;48;95;24;234;223;23;2;79;345;74;48;95;24;234;223;23;2;79;345;345'),
	(12, b'1', '2019-07-19 00:00:00.000000', 2019, 7, 19, 0, 7, '24;234;223;23;2;79;345;74;48;95;24;234;223;23;2;79;345;74;48;95;24;234;223;23;2;79;345;74;48;95;24;234;223;23;2;79;345;74;48;95;24;234;223;23;2;79;345;345'),
	(13, b'1', '2019-07-18 00:00:00.000000', 2019, 7, 18, 0, 7, '24;234;223;23;2;79;345;74;48;95;24;234;223;23;2;79;345;74;48;95;24;234;223;23;2;79;345;74;48;95;24;234;223;23;2;79;345;74;48;95;24;234;223;23;2;79;345;345'),
	(14, b'1', '2019-07-17 00:00:00.000000', 2019, 7, 17, 0, 7, '24;234;223;23;2;79;345;74;48;95;24;234;223;23;2;79;345;74;48;95;24;234;223;23;2;79;345;74;48;95;24;234;223;23;2;79;345;74;48;95;24;234;223;23;2;79;345;345'),
	(15, b'1', '2019-07-30 00:00:00.000000', 2019, 7, 30, 0, 7, '24;234;223;23;2;79;345;74;48;95;24;234;223;23;2;79;345;74;48;95;24;234;223;23;2;79;345;74;48;95;24;234;223;23;2;79;345;74;48;95;24;234;223;23;2;79;345;345'),
	(16, b'1', '2019-07-16 00:00:00.000000', 2019, 7, 16, 0, 7, '24;234;223;23;2;79;345;74;48;95;24;234;223;23;2;79;345;74;48;95;24;234;223;23;2;79;345;74;48;95;24;234;223;23;2;79;345;74;48;95;24;234;223;23;2;79;345;345'),
	(17, b'1', '2019-07-14 00:00:00.000000', 2019, 7, 14, 0, 7, '24;234;223;23;2;79;345;74;48;95;24;234;223;23;2;79;345;74;48;95;24;234;223;23;2;79;345;74;48;95;24;234;223;23;2;79;345;74;48;95;24;234;223;23;2;79;345;345'),
	(18, b'1', '2019-07-13 00:00:00.000000', 2019, 7, 13, 0, 7, '24;234;223;23;2;79;345;74;48;95;24;234;223;23;2;79;345;74;48;95;24;234;223;23;2;79;345;74;48;95;24;234;223;23;2;79;345;74;48;95;24;234;223;23;2;79;345;345'),
	(19, b'1', '2019-07-12 00:00:00.000000', 2019, 7, 12, 0, 7, '24;234;223;23;2;79;345;74;48;95;24;234;223;23;2;79;345;74;48;95;24;234;223;23;2;79;345;74;48;95;24;234;223;23;2;79;345;74;48;95;24;234;223;23;2;79;345;345'),
	(20, b'1', '2019-07-11 00:00:00.000000', 2019, 7, 11, 0, 7, '24;234;223;23;2;79;345;74;48;95;24;234;223;23;2;79;345;74;48;95;24;234;223;23;2;79;345;74;48;95;24;234;223;23;2;79;345;74;48;95;24;234;223;23;2;79;345;345'),
	(21, b'1', '2019-07-10 00:00:00.000000', 2019, 7, 10, 0, 7, '24;234;223;23;2;79;345;74;48;95;24;234;223;23;2;79;345;74;48;95;24;234;223;23;2;79;345;74;48;95;24;234;223;23;2;79;345;74;48;95;24;234;223;23;2;79;345;345'),
	(22, b'1', '2019-07-09 00:00:00.000000', 2019, 7, 9, 0, 7, '24;234;223;23;2;79;345;74;48;95;24;234;223;23;2;79;345;74;48;95;24;234;223;23;2;79;345;74;48;95;24;234;223;23;2;79;345;74;48;95;24;234;223;23;2;79;345;345'),
	(23, b'1', '2019-07-08 00:00:00.000000', 2019, 7, 8, 0, 7, '24;234;223;23;2;79;345;74;48;95;24;234;223;23;2;79;345;74;48;95;24;234;223;23;2;79;345;74;48;95;24;234;223;23;2;79;345;74;48;95;24;234;223;23;2;79;345;345'),
	(24, b'1', '2019-07-07 00:00:00.000000', 2019, 7, 7, 0, 7, '24;234;223;23;2;79;345;74;48;95;24;234;223;23;2;79;345;74;48;95;24;234;223;23;2;79;345;74;48;95;24;234;223;23;2;79;345;74;48;95;24;234;223;23;2;79;345;345'),
	(25, b'1', '2019-07-06 00:00:00.000000', 2019, 7, 6, 0, 7, '24;234;223;23;2;79;345;74;48;95;24;234;223;23;2;79;345;74;48;95;24;234;223;23;2;79;345;74;48;95;24;234;223;23;2;79;345;74;48;95;24;234;223;23;2;79;345;345'),
	(26, b'1', '2019-07-05 00:00:00.000000', 2019, 7, 5, 0, 7, '24;234;223;23;2;79;345;74;48;95;24;234;223;23;2;79;345;74;48;95;24;234;223;23;2;79;345;74;48;95;24;234;223;23;2;79;345;74;48;95;24;234;223;23;2;79;345;345'),
	(27, b'1', '2019-07-04 00:00:00.000000', 2019, 7, 4, 0, 7, '24;234;223;23;2;79;345;74;48;95;24;234;223;23;2;79;345;74;48;95;24;234;223;23;2;79;345;74;48;95;24;234;223;23;2;79;345;74;48;95;24;234;223;23;2;79;345;345'),
	(28, b'1', '2019-07-03 00:00:00.000000', 2019, 7, 3, 0, 7, '24;234;223;23;2;79;345;74;48;95;24;234;223;23;2;79;345;74;48;95;24;234;223;23;2;79;345;74;48;95;24;234;223;23;2;79;345;74;48;95;24;234;223;23;2;79;345;345'),
	(29, b'1', '2019-07-02 00:00:00.000000', 2019, 7, 2, 0, 7, '24;234;223;23;2;79;345;74;48;95;24;234;223;23;2;79;345;74;48;95;24;234;223;23;2;79;345;74;48;95;24;234;223;23;2;79;345;74;48;95;24;234;223;23;2;79;345;345'),
	(30, b'1', '2019-07-15 00:00:00.000000', 2019, 7, 15, 0, 7, '24;234;223;23;2;79;345;74;48;95;24;234;223;23;2;79;345;74;48;95;24;234;223;23;2;79;345;74;48;95;24;234;223;23;2;79;345;74;48;95;24;234;223;23;2;79;345;345'),
	(31, b'1', '2019-07-31 00:00:00.000000', 2019, 7, 31, 0, 7, '24;234;223;23;2;79;345;74;48;95;24;234;223;23;2;79;345;74;48;95;24;234;223;23;2;79;345;74;48;95;24;234;223;23;2;79;345;74;48;95;24;234;223;23;2;79;345;345'),
	(32, b'1', '2019-08-01 00:00:00.000000', 2019, 8, 1, 0, 7, '24;234;223;23;2;79;345;74;48;95;24;234;223;23;2;79;345;74;48;95;24;234;223;23;2;79;345;74;48;95;24;234;223;23;2;79;345;74;48;95;24;234;223;23;2;79;345;345'),
	(33, b'1', '2019-08-29 00:00:00.000000', 2019, 8, 29, 0, 7, '24;234;223;23;2;79;345;74;48;95;24;234;223;23;2;79;345;74;48;95;24;234;223;23;2;79;345;74;48;95;24;234;223;23;2;79;345;74;48;95;24;234;223;23;2;79;345;345'),
	(34, b'1', '2019-08-28 00:00:00.000000', 2019, 8, 28, 0, 7, '24;234;223;23;2;79;345;74;48;95;24;234;223;23;2;79;345;74;48;95;24;234;223;23;2;79;345;74;48;95;24;234;223;23;2;79;345;74;48;95;24;234;223;23;2;79;345;345'),
	(35, b'1', '2019-08-27 00:00:00.000000', 2019, 8, 27, 0, 7, '24;234;223;23;2;79;345;74;48;95;24;234;223;23;2;79;345;74;48;95;24;234;223;23;2;79;345;74;48;95;24;234;223;23;2;79;345;74;48;95;24;234;223;23;2;79;345;345'),
	(36, b'1', '2019-08-26 00:00:00.000000', 2019, 8, 26, 0, 7, '24;234;223;23;2;79;345;74;48;95;24;234;223;23;2;79;345;74;48;95;24;234;223;23;2;79;345;74;48;95;24;234;223;23;2;79;345;74;48;95;24;234;223;23;2;79;345;345'),
	(37, b'1', '2019-08-25 00:00:00.000000', 2019, 8, 25, 0, 7, '24;234;223;23;2;79;345;74;48;95;24;234;223;23;2;79;345;74;48;95;24;234;223;23;2;79;345;74;48;95;24;234;223;23;2;79;345;74;48;95;24;234;223;23;2;79;345;345'),
	(38, b'1', '2019-08-24 00:00:00.000000', 2019, 8, 24, 0, 7, '24;234;223;23;2;79;345;74;48;95;24;234;223;23;2;79;345;74;48;95;24;234;223;23;2;79;345;74;48;95;24;234;223;23;2;79;345;74;48;95;24;234;223;23;2;79;345;345'),
	(39, b'1', '2019-08-23 00:00:00.000000', 2019, 8, 23, 0, 7, '24;234;223;23;2;79;345;74;48;95;24;234;223;23;2;79;345;74;48;95;24;234;223;23;2;79;345;74;48;95;24;234;223;23;2;79;345;74;48;95;24;234;223;23;2;79;345;345'),
	(40, b'1', '2019-08-22 00:00:00.000000', 2019, 8, 22, 0, 7, '24;234;223;23;2;79;345;74;48;95;24;234;223;23;2;79;345;74;48;95;24;234;223;23;2;79;345;74;48;95;24;234;223;23;2;79;345;74;48;95;24;234;223;23;2;79;345;345'),
	(41, b'1', '2019-08-21 00:00:00.000000', 2019, 8, 21, 0, 7, '24;234;223;23;2;79;345;74;48;95;24;234;223;23;2;79;345;74;48;95;24;234;223;23;2;79;345;74;48;95;24;234;223;23;2;79;345;74;48;95;24;234;223;23;2;79;345;345'),
	(42, b'1', '2019-08-20 00:00:00.000000', 2019, 8, 20, 0, 7, '24;234;223;23;2;79;345;74;48;95;24;234;223;23;2;79;345;74;48;95;24;234;223;23;2;79;345;74;48;95;24;234;223;23;2;79;345;74;48;95;24;234;223;23;2;79;345;345'),
	(43, b'1', '2019-08-19 00:00:00.000000', 2019, 8, 19, 0, 7, '24;234;223;23;2;79;345;74;48;95;24;234;223;23;2;79;345;74;48;95;24;234;223;23;2;79;345;74;48;95;24;234;223;23;2;79;345;74;48;95;24;234;223;23;2;79;345;345'),
	(44, b'1', '2019-08-18 00:00:00.000000', 2019, 8, 18, 0, 7, '24;234;223;23;2;79;345;74;48;95;24;234;223;23;2;79;345;74;48;95;24;234;223;23;2;79;345;74;48;95;24;234;223;23;2;79;345;74;48;95;24;234;223;23;2;79;345;345'),
	(45, b'1', '2019-08-17 00:00:00.000000', 2019, 8, 17, 0, 7, '24;234;223;23;2;79;345;74;48;95;24;234;223;23;2;79;345;74;48;95;24;234;223;23;2;79;345;74;48;95;24;234;223;23;2;79;345;74;48;95;24;234;223;23;2;79;345;345'),
	(46, b'1', '2019-08-30 00:00:00.000000', 2019, 8, 30, 0, 7, '24;234;223;23;2;79;345;74;48;95;24;234;223;23;2;79;345;74;48;95;24;234;223;23;2;79;345;74;48;95;24;234;223;23;2;79;345;74;48;95;24;234;223;23;2;79;345;345'),
	(47, b'1', '2019-08-16 00:00:00.000000', 2019, 8, 16, 0, 7, '24;234;223;23;2;79;345;74;48;95;24;234;223;23;2;79;345;74;48;95;24;234;223;23;2;79;345;74;48;95;24;234;223;23;2;79;345;74;48;95;24;234;223;23;2;79;345;345'),
	(48, b'1', '2019-08-14 00:00:00.000000', 2019, 8, 14, 0, 7, '24;234;223;23;2;79;345;74;48;95;24;234;223;23;2;79;345;74;48;95;24;234;223;23;2;79;345;74;48;95;24;234;223;23;2;79;345;74;48;95;24;234;223;23;2;79;345;345'),
	(49, b'1', '2019-08-13 00:00:00.000000', 2019, 8, 13, 0, 7, '24;234;223;23;2;79;345;74;48;95;24;234;223;23;2;79;345;74;48;95;24;234;223;23;2;79;345;74;48;95;24;234;223;23;2;79;345;74;48;95;24;234;223;23;2;79;345;345'),
	(50, b'1', '2019-08-12 00:00:00.000000', 2019, 8, 12, 0, 7, '24;234;223;23;2;79;345;74;48;95;24;234;223;23;2;79;345;74;48;95;24;234;223;23;2;79;345;74;48;95;24;234;223;23;2;79;345;74;48;95;24;234;223;23;2;79;345;345'),
	(51, b'1', '2019-08-11 00:00:00.000000', 2019, 8, 11, 0, 7, '24;234;223;23;2;79;345;74;48;95;24;234;223;23;2;79;345;74;48;95;24;234;223;23;2;79;345;74;48;95;24;234;223;23;2;79;345;74;48;95;24;234;223;23;2;79;345;345'),
	(52, b'1', '2019-08-10 00:00:00.000000', 2019, 8, 10, 0, 7, '24;234;223;23;2;79;345;74;48;95;24;234;223;23;2;79;345;74;48;95;24;234;223;23;2;79;345;74;48;95;24;234;223;23;2;79;345;74;48;95;24;234;223;23;2;79;345;345'),
	(53, b'1', '2019-08-09 00:00:00.000000', 2019, 8, 9, 0, 7, '24;234;223;23;2;79;345;74;48;95;24;234;223;23;2;79;345;74;48;95;24;234;223;23;2;79;345;74;48;95;24;234;223;23;2;79;345;74;48;95;24;234;223;23;2;79;345;345'),
	(54, b'1', '2019-08-08 00:00:00.000000', 2019, 8, 8, 0, 7, '24;234;223;23;2;79;345;74;48;95;24;234;223;23;2;79;345;74;48;95;24;234;223;23;2;79;345;74;48;95;24;234;223;23;2;79;345;74;48;95;24;234;223;23;2;79;345;345'),
	(55, b'1', '2019-08-07 00:00:00.000000', 2019, 8, 7, 0, 7, '24;234;223;23;2;79;345;74;48;95;24;234;223;23;2;79;345;74;48;95;24;234;223;23;2;79;345;74;48;95;24;234;223;23;2;79;345;74;48;95;24;234;223;23;2;79;345;345'),
	(56, b'1', '2019-08-06 00:00:00.000000', 2019, 8, 6, 0, 7, '24;234;223;23;2;79;345;74;48;95;24;234;223;23;2;79;345;74;48;95;24;234;223;23;2;79;345;74;48;95;24;234;223;23;2;79;345;74;48;95;24;234;223;23;2;79;345;345'),
	(57, b'1', '2019-08-05 00:00:00.000000', 2019, 8, 5, 0, 7, '24;234;223;23;2;79;345;74;48;95;24;234;223;23;2;79;345;74;48;95;24;234;223;23;2;79;345;74;48;95;24;234;223;23;2;79;345;74;48;95;24;234;223;23;2;79;345;345'),
	(58, b'1', '2019-08-04 00:00:00.000000', 2019, 8, 4, 0, 7, '24;234;223;23;2;79;345;74;48;95;24;234;223;23;2;79;345;74;48;95;24;234;223;23;2;79;345;74;48;95;24;234;223;23;2;79;345;74;48;95;24;234;223;23;2;79;345;345'),
	(59, b'1', '2019-08-03 00:00:00.000000', 2019, 8, 3, 0, 7, '24;234;223;23;2;79;345;74;48;95;24;234;223;23;2;79;345;74;48;95;24;234;223;23;2;79;345;74;48;95;24;234;223;23;2;79;345;74;48;95;24;234;223;23;2;79;345;345'),
	(60, b'1', '2019-08-02 00:00:00.000000', 2019, 8, 2, 0, 7, '24;234;223;23;2;79;345;74;48;95;24;234;223;23;2;79;345;74;48;95;24;234;223;23;2;79;345;74;48;95;24;234;223;23;2;79;345;74;48;95;24;234;223;23;2;79;345;345'),
	(61, b'1', '2019-08-15 00:00:00.000000', 2019, 8, 15, 0, 7, '24;234;223;23;2;79;345;74;48;95;24;234;223;23;2;79;345;74;48;95;24;234;223;23;2;79;345;74;48;95;24;234;223;23;2;79;345;74;48;95;24;234;223;23;2;79;345;345'),
	(62, b'1', '2019-08-31 00:00:00.000000', 2019, 8, 31, 0, 7, '24;234;223;23;2;79;345;74;48;95;24;234;223;23;2;79;345;74;48;95;24;234;223;23;2;79;345;74;48;95;24;234;223;23;2;79;345;74;48;95;24;234;223;23;2;79;345;345'),
	(63, b'1', '2019-11-01 00:00:00.000000', 2019, 11, 1, 0, 7, '24;234;223;23;2;79;345;74;48;95;24;234;223;23;2;79;345;74;48;95;24;234;223;23;2;79;345;74;48;95;24;234;223;23;2;79;345;74;48;95;24;234;223;23;2;79;345;345'),
	(64, b'1', '2019-11-28 00:00:00.000000', 2019, 11, 28, 0, 7, '24;234;223;23;2;79;345;74;48;95;24;234;223;23;2;79;345;74;48;95;24;234;223;23;2;79;345;74;48;95;24;234;223;23;2;79;345;74;48;95;24;234;223;23;2;79;345;345'),
	(65, b'1', '2019-11-27 00:00:00.000000', 2019, 11, 27, 0, 7, '24;234;223;23;2;79;345;74;48;95;24;234;223;23;2;79;345;74;48;95;24;234;223;23;2;79;345;74;48;95;24;234;223;23;2;79;345;74;48;95;24;234;223;23;2;79;345;345'),
	(66, b'1', '2019-11-26 00:00:00.000000', 2019, 11, 26, 0, 7, '24;234;223;23;2;79;345;74;48;95;24;234;223;23;2;79;345;74;48;95;24;234;223;23;2;79;345;74;48;95;24;234;223;23;2;79;345;74;48;95;24;234;223;23;2;79;345;345'),
	(67, b'1', '2019-11-25 00:00:00.000000', 2019, 11, 25, 0, 7, '24;234;223;23;2;79;345;74;48;95;24;234;223;23;2;79;345;74;48;95;24;234;223;23;2;79;345;74;48;95;24;234;223;23;2;79;345;74;48;95;24;234;223;23;2;79;345;345'),
	(68, b'1', '2019-11-24 00:00:00.000000', 2019, 11, 24, 0, 7, '24;234;223;23;2;79;345;74;48;95;24;234;223;23;2;79;345;74;48;95;24;234;223;23;2;79;345;74;48;95;24;234;223;23;2;79;345;74;48;95;24;234;223;23;2;79;345;345'),
	(69, b'1', '2019-11-23 00:00:00.000000', 2019, 11, 23, 0, 7, '24;234;223;23;2;79;345;74;48;95;24;234;223;23;2;79;345;74;48;95;24;234;223;23;2;79;345;74;48;95;24;234;223;23;2;79;345;74;48;95;24;234;223;23;2;79;345;345'),
	(70, b'1', '2019-11-22 00:00:00.000000', 2019, 11, 22, 0, 7, '24;234;223;23;2;79;345;74;48;95;24;234;223;23;2;79;345;74;48;95;24;234;223;23;2;79;345;74;48;95;24;234;223;23;2;79;345;74;48;95;24;234;223;23;2;79;345;345'),
	(71, b'1', '2019-11-21 00:00:00.000000', 2019, 11, 21, 0, 7, '24;234;223;23;2;79;345;74;48;95;24;234;223;23;2;79;345;74;48;95;24;234;223;23;2;79;345;74;48;95;24;234;223;23;2;79;345;74;48;95;24;234;223;23;2;79;345;345'),
	(72, b'1', '2019-11-20 00:00:00.000000', 2019, 11, 20, 0, 7, '24;234;223;23;2;79;345;74;48;95;24;234;223;23;2;79;345;74;48;95;24;234;223;23;2;79;345;74;48;95;24;234;223;23;2;79;345;74;48;95;24;234;223;23;2;79;345;345'),
	(73, b'1', '2019-11-19 00:00:00.000000', 2019, 11, 19, 0, 7, '24;234;223;23;2;79;345;74;48;95;24;234;223;23;2;79;345;74;48;95;24;234;223;23;2;79;345;74;48;95;24;234;223;23;2;79;345;74;48;95;24;234;223;23;2;79;345;345'),
	(74, b'1', '2019-11-18 00:00:00.000000', 2019, 11, 18, 0, 7, '24;234;223;23;2;79;345;74;48;95;24;234;223;23;2;79;345;74;48;95;24;234;223;23;2;79;345;74;48;95;24;234;223;23;2;79;345;74;48;95;24;234;223;23;2;79;345;345'),
	(75, b'1', '2019-11-17 00:00:00.000000', 2019, 11, 17, 0, 7, '24;234;223;23;2;79;345;74;48;95;24;234;223;23;2;79;345;74;48;95;24;234;223;23;2;79;345;74;48;95;24;234;223;23;2;79;345;74;48;95;24;234;223;23;2;79;345;345'),
	(76, b'1', '2019-11-16 00:00:00.000000', 2019, 11, 16, 0, 7, '24;234;223;23;2;79;345;74;48;95;24;234;223;23;2;79;345;74;48;95;24;234;223;23;2;79;345;74;48;95;24;234;223;23;2;79;345;74;48;95;24;234;223;23;2;79;345;345'),
	(77, b'1', '2019-11-15 00:00:00.000000', 2019, 11, 15, 0, 7, '24;234;223;23;2;79;345;74;48;95;24;234;223;23;2;79;345;74;48;95;24;234;223;23;2;79;345;74;48;95;24;234;223;23;2;79;345;74;48;95;24;234;223;23;2;79;345;345'),
	(78, b'1', '2019-11-14 00:00:00.000000', 2019, 11, 14, 0, 7, '24;234;223;23;2;79;345;74;48;95;24;234;223;23;2;79;345;74;48;95;24;234;223;23;2;79;345;74;48;95;24;234;223;23;2;79;345;74;48;95;24;234;223;23;2;79;345;345'),
	(79, b'1', '2019-11-13 00:00:00.000000', 2019, 11, 13, 0, 7, '24;234;223;23;2;79;345;74;48;95;24;234;223;23;2;79;345;74;48;95;24;234;223;23;2;79;345;74;48;95;24;234;223;23;2;79;345;74;48;95;24;234;223;23;2;79;345;345'),
	(80, b'1', '2019-11-12 00:00:00.000000', 2019, 11, 12, 0, 7, '24;234;223;23;2;79;345;74;48;95;24;234;223;23;2;79;345;74;48;95;24;234;223;23;2;79;345;74;48;95;24;234;223;23;2;79;345;74;48;95;24;234;223;23;2;79;345;345'),
	(81, b'1', '2019-11-11 00:00:00.000000', 2019, 11, 11, 0, 7, '24;234;223;23;2;79;345;74;48;95;24;234;223;23;2;79;345;74;48;95;24;234;223;23;2;79;345;74;48;95;24;234;223;23;2;79;345;74;48;95;24;234;223;23;2;79;345;345'),
	(82, b'1', '2019-11-10 00:00:00.000000', 2019, 11, 10, 0, 7, '24;234;223;23;2;79;345;74;48;95;24;234;223;23;2;79;345;74;48;95;24;234;223;23;2;79;345;74;48;95;24;234;223;23;2;79;345;74;48;95;24;234;223;23;2;79;345;345'),
	(83, b'1', '2019-11-09 00:00:00.000000', 2019, 11, 9, 0, 7, '24;234;223;23;2;79;345;74;48;95;24;234;223;23;2;79;345;74;48;95;24;234;223;23;2;79;345;74;48;95;24;234;223;23;2;79;345;74;48;95;24;234;223;23;2;79;345;345'),
	(84, b'1', '2019-11-08 00:00:00.000000', 2019, 11, 8, 0, 7, '24;234;223;23;2;79;345;74;48;95;24;234;223;23;2;79;345;74;48;95;24;234;223;23;2;79;345;74;48;95;24;234;223;23;2;79;345;74;48;95;24;234;223;23;2;79;345;345'),
	(85, b'1', '2019-11-07 00:00:00.000000', 2019, 11, 7, 0, 7, '24;234;223;23;2;79;345;74;48;95;24;234;223;23;2;79;345;74;48;95;24;234;223;23;2;79;345;74;48;95;24;234;223;23;2;79;345;74;48;95;24;234;223;23;2;79;345;345'),
	(86, b'1', '2019-11-06 00:00:00.000000', 2019, 11, 6, 0, 7, '24;234;223;23;2;79;345;74;48;95;24;234;223;23;2;79;345;74;48;95;24;234;223;23;2;79;345;74;48;95;24;234;223;23;2;79;345;74;48;95;24;234;223;23;2;79;345;345'),
	(87, b'1', '2019-11-05 00:00:00.000000', 2019, 11, 5, 0, 7, '24;234;223;23;2;79;345;74;48;95;24;234;223;23;2;79;345;74;48;95;24;234;223;23;2;79;345;74;48;95;24;234;223;23;2;79;345;74;48;95;24;234;223;23;2;79;345;345'),
	(88, b'1', '2019-11-04 00:00:00.000000', 2019, 11, 4, 0, 7, '24;234;223;23;2;79;345;74;48;95;24;234;223;23;2;79;345;74;48;95;24;234;223;23;2;79;345;74;48;95;24;234;223;23;2;79;345;74;48;95;24;234;223;23;2;79;345;345'),
	(89, b'1', '2019-11-03 00:00:00.000000', 2019, 11, 3, 0, 7, '24;234;223;23;2;79;345;74;48;95;24;234;223;23;2;79;345;74;48;95;24;234;223;23;2;79;345;74;48;95;24;234;223;23;2;79;345;74;48;95;24;234;223;23;2;79;345;345'),
	(90, b'1', '2019-11-02 00:00:00.000000', 2019, 11, 2, 0, 7, '24;234;223;23;2;79;345;74;48;95;24;234;223;23;2;79;345;74;48;95;24;234;223;23;2;79;345;74;48;95;24;234;223;23;2;79;345;74;48;95;24;234;223;23;2;79;345;345'),
	(91, b'1', '2019-11-29 00:00:00.000000', 2019, 11, 29, 0, 7, '24;234;223;23;2;79;345;74;48;95;24;234;223;23;2;79;345;74;48;95;24;234;223;23;2;79;345;74;48;95;24;234;223;23;2;79;345;74;48;95;24;234;223;23;2;79;345;345'),
	(92, b'1', '2019-11-30 00:00:00.000000', 2019, 11, 30, 0, 7, '24;234;223;23;2;79;345;74;48;95;24;234;223;23;2;79;345;74;48;95;24;234;223;23;2;79;345;74;48;95;24;234;223;23;2;79;345;74;48;95;24;234;223;23;2;79;345;345');
/*!40000 ALTER TABLE `job_forecast` ENABLE KEYS */;

-- Volcando estructura para tabla bpo.job_kpi
CREATE TABLE IF NOT EXISTS `job_kpi` (
  `id` int(11) NOT NULL AUTO_INCREMENT,
  `start_date` datetime(6) NOT NULL,
  `end_date` datetime(6) DEFAULT NULL,
  `active` bit(1) NOT NULL,
  `type` int(11) NOT NULL,
  `description` float DEFAULT NULL,
  `comparator` float DEFAULT NULL,
  `target` float DEFAULT NULL,
  `moficator` float DEFAULT NULL,
  `bonus_type` int(11) NOT NULL,
  `bonus_description` longtext DEFAULT NULL,
  `bonus` float DEFAULT NULL,
  `malus_type` int(11) NOT NULL,
  `malus_description` longtext DEFAULT NULL,
  `malus` float DEFAULT NULL,
  `job_id` int(11) NOT NULL,
  PRIMARY KEY (`id`),
  KEY `ix_job_kpi_job_id` (`job_id`),
  CONSTRAINT `fk_job_kpi_job_job_id` FOREIGN KEY (`job_id`) REFERENCES `job` (`id`) ON DELETE CASCADE
) ENGINE=InnoDB DEFAULT CHARSET=latin1;

-- Volcando datos para la tabla bpo.job_kpi: ~0 rows (aproximadamente)
/*!40000 ALTER TABLE `job_kpi` DISABLE KEYS */;
/*!40000 ALTER TABLE `job_kpi` ENABLE KEYS */;

-- Volcando estructura para tabla bpo.job_sla
CREATE TABLE IF NOT EXISTS `job_sla` (
  `id` int(11) NOT NULL AUTO_INCREMENT,
  `start_date` datetime(6) NOT NULL,
  `end_date` datetime(6) DEFAULT NULL,
  `active` bit(1) NOT NULL,
  `sla_description` longtext DEFAULT NULL,
  `sla_comparator` varchar(1) NOT NULL,
  `sla` double DEFAULT NULL,
  `rate` double DEFAULT NULL,
  `tmo` double DEFAULT NULL,
  `wait` double DEFAULT NULL,
  `queue` double DEFAULT NULL,
  `job_id` int(11) NOT NULL,
  PRIMARY KEY (`id`),
  KEY `ix_job_sla_job_id` (`job_id`),
  CONSTRAINT `fk_job_sla_job_job_id` FOREIGN KEY (`job_id`) REFERENCES `job` (`id`) ON DELETE CASCADE
) ENGINE=InnoDB AUTO_INCREMENT=2 DEFAULT CHARSET=latin1;

-- Volcando datos para la tabla bpo.job_sla: ~1 rows (aproximadamente)
/*!40000 ALTER TABLE `job_sla` DISABLE KEYS */;
INSERT IGNORE INTO `job_sla` (`id`, `start_date`, `end_date`, `active`, `sla_description`, `sla_comparator`, `sla`, `rate`, `tmo`, `wait`, `queue`, `job_id`) VALUES
	(1, '2019-07-23 00:00:00.000000', NULL, b'1', 'Nivel de servicio', '>', 80, 1.55, 230, 20, 30, 60);
/*!40000 ALTER TABLE `job_sla` ENABLE KEYS */;

-- Volcando estructura para tabla bpo.non_conformity_card
CREATE TABLE IF NOT EXISTS `non_conformity_card` (
  `id` int(11) NOT NULL AUTO_INCREMENT,
  `start_date` datetime(6) NOT NULL,
  `end_date` datetime(6) DEFAULT NULL,
  `active` bit(1) NOT NULL,
  `internal_reference` longtext DEFAULT NULL,
  `external` bit(1) NOT NULL,
  `external_staff` longtext DEFAULT NULL,
  `origin_user_id` int(11) NOT NULL,
  `job_id` int(11) NOT NULL,
  `target_user_id` int(11) NOT NULL,
  `description` longtext DEFAULT NULL,
  `quantityincidences` int(11) DEFAULT NULL,
  `incident_typology` longtext DEFAULT NULL,
  `minute_cost` longtext DEFAULT NULL,
  `human_error_subtype` longtext DEFAULT NULL,
  `state` longtext DEFAULT NULL,
  `cause` longtext DEFAULT NULL,
  `immediate_action` longtext DEFAULT NULL,
  `definitive_action` longtext DEFAULT NULL,
  `monitoring_efficiency` longtext DEFAULT NULL,
  PRIMARY KEY (`id`),
  KEY `ix_non_conformity_card_job_id` (`job_id`),
  KEY `ix_non_conformity_card_origin_user_id` (`origin_user_id`),
  KEY `ix_non_conformity_card_target_user_id` (`target_user_id`),
  CONSTRAINT `fk_non_conformity_card_job_job_id` FOREIGN KEY (`job_id`) REFERENCES `job` (`id`) ON DELETE CASCADE,
  CONSTRAINT `fk_non_conformity_card_user_origin_user_id` FOREIGN KEY (`origin_user_id`) REFERENCES `user` (`id`) ON DELETE CASCADE,
  CONSTRAINT `fk_non_conformity_card_user_target_user_id` FOREIGN KEY (`target_user_id`) REFERENCES `user` (`id`) ON DELETE CASCADE
) ENGINE=InnoDB AUTO_INCREMENT=5 DEFAULT CHARSET=latin1;

-- Volcando datos para la tabla bpo.non_conformity_card: ~0 rows (aproximadamente)
/*!40000 ALTER TABLE `non_conformity_card` DISABLE KEYS */;
/*!40000 ALTER TABLE `non_conformity_card` ENABLE KEYS */;

-- Volcando estructura para tabla bpo.non_conformity_card_sign
CREATE TABLE IF NOT EXISTS `non_conformity_card_sign` (
  `id` int(11) NOT NULL AUTO_INCREMENT,
  `start_date` datetime(6) NOT NULL,
  `end_date` datetime(6) DEFAULT NULL,
  `active` bit(1) NOT NULL,
  `non_conformity_card_id` int(11) NOT NULL,
  `commentary` longtext DEFAULT NULL,
  `user_id` int(11) NOT NULL,
  PRIMARY KEY (`id`),
  KEY `ix_non_conformity_card_sign_non_conformity_card_id` (`non_conformity_card_id`),
  KEY `ix_non_conformity_card_sign_user_id` (`user_id`),
  CONSTRAINT `fk_non_conformity_card_sign_non_conformity_card_non_conformity_~` FOREIGN KEY (`non_conformity_card_id`) REFERENCES `non_conformity_card` (`id`) ON DELETE CASCADE,
  CONSTRAINT `fk_non_conformity_card_sign_user_user_id` FOREIGN KEY (`user_id`) REFERENCES `user` (`id`) ON DELETE CASCADE
) ENGINE=InnoDB DEFAULT CHARSET=latin1;

-- Volcando datos para la tabla bpo.non_conformity_card_sign: ~0 rows (aproximadamente)
/*!40000 ALTER TABLE `non_conformity_card_sign` DISABLE KEYS */;
/*!40000 ALTER TABLE `non_conformity_card_sign` ENABLE KEYS */;

-- Volcando estructura para tabla bpo.notification
CREATE TABLE IF NOT EXISTS `notification` (
  `id` int(11) NOT NULL AUTO_INCREMENT,
  `start_date` datetime(6) NOT NULL,
  `end_date` datetime(6) DEFAULT NULL,
  `active` bit(1) NOT NULL,
  `user_id` int(11) NOT NULL,
  `type` int(11) NOT NULL,
  `priority` bit(1) NOT NULL,
  `summary` longtext DEFAULT NULL,
  `description` longtext DEFAULT NULL,
  `url` longtext DEFAULT NULL,
  PRIMARY KEY (`id`),
  KEY `ix_notification_user_id` (`user_id`),
  CONSTRAINT `fk_notification_user_user_id` FOREIGN KEY (`user_id`) REFERENCES `user` (`id`) ON DELETE CASCADE
) ENGINE=InnoDB AUTO_INCREMENT=12 DEFAULT CHARSET=latin1;

-- Volcando datos para la tabla bpo.notification: ~11 rows (aproximadamente)
/*!40000 ALTER TABLE `notification` DISABLE KEYS */;
INSERT IGNORE INTO `notification` (`id`, `start_date`, `end_date`, `active`, `user_id`, `type`, `priority`, `summary`, `description`, `url`) VALUES
	(1, '2019-06-05 15:00:22.176642', '2019-06-05 15:06:07.842160', b'0', 6, 1, b'0', 'Nueva solicitud de Horas de Compensación: 2', 'Santiago Ramón y Cajal ha creado una solicitud de Horas de Compensación con identificador 2 el 05/06/2019 15:00:21', '/request/show/2'),
	(2, '2019-06-05 15:04:20.762567', '2019-06-05 15:06:21.765029', b'0', 1, 1, b'0', 'Nueva solicitud de Vacaciones', 'Santiago Ramón y Cajal ha creado una solicitud de Vacaciones con identificador 3 el 05/06/2019 15:04:20', '/request/show/3'),
	(3, '2019-06-05 15:08:51.484607', '2019-06-05 15:29:38.259087', b'0', 1, 1, b'0', 'Nueva solicitud de Horas de Compensación', 'Santiago Ramón y Cajal ha creado una solicitud de Horas de Compensación con identificador 4 el 05/06/2019 15:08:51', '/request/show/4'),
	(4, '2019-07-10 01:08:04.886110', NULL, b'1', 6, 2, b'0', 'Cambios en su solicitud 4', 'La solicitud de Horas de Compensación con identificador 4 creada el 05/06/2019 15:08:51 ha sido Aceptada por Admin  con el sigiente comentario: Horas validadas', '/request/show/4'),
	(5, '2019-07-23 17:18:24.145114', NULL, b'1', 10, 1, b'0', 'Nueva solicitud de Permiso Especial: 5', 'Aargoitz Ondarra Vega ha creado una solicitud de Permiso Especial con identificador 5 el 23/07/2019 17:18:24', '/request/show/5'),
	(6, '2019-07-23 17:19:48.961975', NULL, b'1', 10, 1, b'0', 'Nueva solicitud de Vacaciones: 6', 'Aargoitz Ondarra Vega ha creado una solicitud de Vacaciones con identificador 6 el 23/07/2019 17:19:48', '/request/show/6'),
	(7, '2019-07-23 17:20:12.205886', NULL, b'1', 3, 2, b'0', 'Cambios en su solicitud 6', 'La solicitud de Vacaciones con identificador 6 creada el 23/07/2019 17:19:48 ha sido Aceptada por Admin  con el sigiente comentario: Concedidas y anotadas', '/request/show/6'),
	(8, '2019-07-23 18:04:58.196130', NULL, b'1', 10, 1, b'0', 'Nueva solicitud de Vacaciones: 8', 'Alberto Fernández Fuentes ha creado una solicitud de Vacaciones con identificador 8 el 23/07/2019 18:04:58', '/request/show/8'),
	(9, '2019-07-23 18:07:44.921658', '2019-07-23 18:09:33.630018', b'0', 9, 2, b'0', 'Cambios en su solicitud 9', 'La solicitud de Permiso Especial con identificador 9 creada el 23/07/2019 18:06:47 ha sido Devuelta por Admin  con el sigiente comentario: Hola Eduardo, sólo te queda un día de compensación', '/request/show/9'),
	(10, '2019-07-23 20:00:53.911081', NULL, b'1', 9, 2, b'0', 'Cambios en su solicitud 9', 'La solicitud de Permiso Especial con identificador 9 creada el 23/07/2019 18:06:47 ha sido Aceptada por Admin  con el sigiente comentario: Ok', '/request/show/9'),
	(11, '2019-09-20 16:45:42.469985', NULL, b'1', 5, 2, b'0', 'Cambios en su solicitud 7', 'La solicitud de Cambio de horario con identificador 7 creada el 23/07/2019 18:01:30 ha sido Devuelta por Admin  con el sigiente comentario: Coment test', '/request/show/7');
/*!40000 ALTER TABLE `notification` ENABLE KEYS */;

-- Volcando estructura para tabla bpo.office
CREATE TABLE IF NOT EXISTS `office` (
  `id` int(11) NOT NULL AUTO_INCREMENT,
  `active` bit(1) NOT NULL,
  `name` longtext NOT NULL,
  `calendar_id` int(11) DEFAULT NULL,
  PRIMARY KEY (`id`),
  KEY `ix_office_calendar_id` (`calendar_id`),
  CONSTRAINT `fk_office_calendar_calendar_id` FOREIGN KEY (`calendar_id`) REFERENCES `calendar` (`id`)
) ENGINE=InnoDB AUTO_INCREMENT=5 DEFAULT CHARSET=latin1;

-- Volcando datos para la tabla bpo.office: ~4 rows (aproximadamente)
/*!40000 ALTER TABLE `office` DISABLE KEYS */;
INSERT IGNORE INTO `office` (`id`, `active`, `name`, `calendar_id`) VALUES
	(1, b'1', 'Sant Joan Despí (BCN)', NULL),
	(2, b'1', 'Alcalá (MAD)', NULL),
	(3, b'1', 'Bollullos (SEV)', NULL),
	(4, b'1', 'Cordovilla (PAM)', NULL);
/*!40000 ALTER TABLE `office` ENABLE KEYS */;

-- Volcando estructura para tabla bpo.quality
CREATE TABLE IF NOT EXISTS `quality` (
  `id` int(11) NOT NULL AUTO_INCREMENT,
  `start_date` datetime(6) NOT NULL,
  `end_date` datetime(6) DEFAULT NULL,
  `active` bit(1) NOT NULL,
  `type` int(11) NOT NULL,
  `name` longtext DEFAULT NULL,
  `description` longtext DEFAULT NULL,
  `area_id` int(11) NOT NULL,
  `creator_id` int(11) NOT NULL,
  PRIMARY KEY (`id`),
  KEY `ix_quality_area_id` (`area_id`),
  KEY `ix_quality_creator_id` (`creator_id`),
  CONSTRAINT `fk_quality_area_area_id` FOREIGN KEY (`area_id`) REFERENCES `area` (`id`) ON DELETE CASCADE,
  CONSTRAINT `fk_quality_user_creator_id` FOREIGN KEY (`creator_id`) REFERENCES `user` (`id`) ON DELETE CASCADE
) ENGINE=InnoDB AUTO_INCREMENT=13 DEFAULT CHARSET=latin1;

-- Volcando datos para la tabla bpo.quality: ~4 rows (aproximadamente)
/*!40000 ALTER TABLE `quality` DISABLE KEYS */;
INSERT IGNORE INTO `quality` (`id`, `start_date`, `end_date`, `active`, `type`, `name`, `description`, `area_id`, `creator_id`) VALUES
	(6, '2019-09-26 00:00:00.000000', NULL, b'1', 1, 'Camp_01', 'Desc Camp_01', 2, 1),
	(7, '2019-09-20 00:00:00.000000', NULL, b'1', 2, 'Camp_02', 'Desc Camp_02', 2, 1),
	(9, '2019-09-27 00:00:00.000000', NULL, b'1', 1, 'Camp_03', 'Desc Camp_03', 3, 1),
	(10, '2019-09-27 00:00:00.000000', NULL, b'1', 2, 'Camp_04', 'Desc Camp_04', 10, 1);
/*!40000 ALTER TABLE `quality` ENABLE KEYS */;

-- Volcando estructura para tabla bpo.quality_audit
CREATE TABLE IF NOT EXISTS `quality_audit` (
  `id` int(11) NOT NULL AUTO_INCREMENT,
  `start_date` datetime(6) NOT NULL,
  `end_date` datetime(6) DEFAULT NULL,
  `active` bit(1) NOT NULL,
  `name` longtext DEFAULT NULL,
  `description` longtext DEFAULT NULL,
  `pass_mark` double NOT NULL,
  `quality_id` int(11) NOT NULL,
  PRIMARY KEY (`id`),
  KEY `ix_quality_audit_quality_id` (`quality_id`),
  CONSTRAINT `fk_quality_audit_quality_quality_id` FOREIGN KEY (`quality_id`) REFERENCES `quality` (`id`) ON DELETE CASCADE
) ENGINE=InnoDB AUTO_INCREMENT=10 DEFAULT CHARSET=latin1;

-- Volcando datos para la tabla bpo.quality_audit: ~3 rows (aproximadamente)
/*!40000 ALTER TABLE `quality_audit` DISABLE KEYS */;
INSERT IGNORE INTO `quality_audit` (`id`, `start_date`, `end_date`, `active`, `name`, `description`, `pass_mark`, `quality_id`) VALUES
	(1, '2019-09-25 00:00:00.000000', NULL, b'1', 'AUDIT_01', 'DESC Audit_01', 23, 6),
	(3, '2019-09-27 00:00:00.000000', NULL, b'1', 'AUDITORIA_02', 'DESC Audit_02', 10, 6),
	(4, '0007-07-07 00:00:00.000000', NULL, b'1', '7', '7', 7, 9);
/*!40000 ALTER TABLE `quality_audit` ENABLE KEYS */;

-- Volcando estructura para tabla bpo.quality_audit_owner
CREATE TABLE IF NOT EXISTS `quality_audit_owner` (
  `id` int(11) NOT NULL AUTO_INCREMENT,
  `active` bit(1) NOT NULL,
  `audit_id` int(11) NOT NULL,
  `user_id` int(11) NOT NULL,
  PRIMARY KEY (`id`),
  KEY `ix_quality_audit_owner_audit_id` (`audit_id`),
  KEY `ix_quality_audit_owner_user_id` (`user_id`),
  CONSTRAINT `fk_quality_audit_owner_quality_audit_audit_id` FOREIGN KEY (`audit_id`) REFERENCES `quality_audit` (`id`) ON DELETE CASCADE,
  CONSTRAINT `fk_quality_audit_owner_user_user_id` FOREIGN KEY (`user_id`) REFERENCES `user` (`id`) ON DELETE CASCADE
) ENGINE=InnoDB AUTO_INCREMENT=47 DEFAULT CHARSET=latin1;

-- Volcando datos para la tabla bpo.quality_audit_owner: ~4 rows (aproximadamente)
/*!40000 ALTER TABLE `quality_audit_owner` DISABLE KEYS */;
INSERT IGNORE INTO `quality_audit_owner` (`id`, `active`, `audit_id`, `user_id`) VALUES
	(17, b'1', 1, 10),
	(23, b'1', 4, 1),
	(25, b'1', 4, 6),
	(45, b'1', 3, 10),
	(46, b'1', 3, 2);
/*!40000 ALTER TABLE `quality_audit_owner` ENABLE KEYS */;

-- Volcando estructura para tabla bpo.quality_audit_section
CREATE TABLE IF NOT EXISTS `quality_audit_section` (
  `id` int(11) NOT NULL AUTO_INCREMENT,
  `active` bit(1) NOT NULL,
  `order` int(11) NOT NULL,
  `name` longtext DEFAULT NULL,
  `description` longtext DEFAULT NULL,
  `weighing` double NOT NULL,
  `audit_id` int(11) NOT NULL,
  PRIMARY KEY (`id`),
  KEY `ix_quality_audit_section_audit_id` (`audit_id`),
  CONSTRAINT `fk_quality_audit_section_quality_audit_audit_id` FOREIGN KEY (`audit_id`) REFERENCES `quality_audit` (`id`) ON DELETE CASCADE
) ENGINE=InnoDB AUTO_INCREMENT=11 DEFAULT CHARSET=latin1;

-- Volcando datos para la tabla bpo.quality_audit_section: ~6 rows (aproximadamente)
/*!40000 ALTER TABLE `quality_audit_section` DISABLE KEYS */;
INSERT IGNORE INTO `quality_audit_section` (`id`, `active`, `order`, `name`, `description`, `weighing`, `audit_id`) VALUES
	(1, b'1', 1, 'Audit_01 SEC_01', '', 50, 1),
	(2, b'1', 2, 'Audit_01 SEC_02', '', 50, 1),
	(4, b'1', 1, 'Audit_02 SEC_01', '', 20, 3),
	(5, b'1', 2, 'Audit_02 SEC_02', '', 10, 3),
	(6, b'1', 1, '7', '', 7, 4),
	(8, b'1', 2, '1', '', 1, 4);
/*!40000 ALTER TABLE `quality_audit_section` ENABLE KEYS */;

-- Volcando estructura para tabla bpo.quality_audit_section_field
CREATE TABLE IF NOT EXISTS `quality_audit_section_field` (
  `id` int(11) NOT NULL AUTO_INCREMENT,
  `active` bit(1) NOT NULL,
  `type` int(11) NOT NULL,
  `order` int(11) NOT NULL,
  `name` longtext DEFAULT NULL,
  `reasoned` bit(1) DEFAULT NULL,
  `weighing` double NOT NULL,
  `section_id` int(11) NOT NULL,
  PRIMARY KEY (`id`),
  KEY `ix_quality_audit_section_field_section_id` (`section_id`),
  CONSTRAINT `fk_quality_audit_section_field_quality_audit_section_section_id` FOREIGN KEY (`section_id`) REFERENCES `quality_audit_section` (`id`) ON DELETE CASCADE
) ENGINE=InnoDB AUTO_INCREMENT=18 DEFAULT CHARSET=latin1;

-- Volcando datos para la tabla bpo.quality_audit_section_field: ~9 rows (aproximadamente)
/*!40000 ALTER TABLE `quality_audit_section_field` DISABLE KEYS */;
INSERT IGNORE INTO `quality_audit_section_field` (`id`, `active`, `type`, `order`, `name`, `reasoned`, `weighing`, `section_id`) VALUES
	(1, b'1', 2, 1, 'Audit_01 Sec_01 ENUN_01', NULL, 50, 1),
	(2, b'1', 1, 1, 'Audit_01 Sec_02 ENUN_01', NULL, 20, 2),
	(3, b'1', 2, 2, 'Audit_01 Sec_02 ENUN_02', NULL, 14, 2),
	(4, b'1', 3, 3, 'Audit_01 Sec_02 ENUN_03', NULL, 16, 2),
	(6, b'1', 1, 1, 'jkqwdqjkv', NULL, 1, 4),
	(7, b'1', 1, 1, 'jñjñosdjfñlj', NULL, 50, 5),
	(8, b'1', 1, 1, '7', NULL, 7, 6),
	(12, b'1', 2, 2, '8', NULL, 8, 6),
	(13, b'1', 3, 3, '9', NULL, 9, 6),
	(14, b'1', 1, 1, '1', NULL, 1, 8),
	(15, b'1', 2, 2, '2', NULL, 2, 8);
/*!40000 ALTER TABLE `quality_audit_section_field` ENABLE KEYS */;

-- Volcando estructura para tabla bpo.quality_audit_section_field_option
CREATE TABLE IF NOT EXISTS `quality_audit_section_field_option` (
  `id` int(11) NOT NULL AUTO_INCREMENT,
  `active` bit(1) NOT NULL,
  `order` int(11) NOT NULL,
  `content` longtext DEFAULT NULL,
  `mark` bit(1) DEFAULT NULL,
  `value` double NOT NULL,
  `field_id` int(11) NOT NULL,
  PRIMARY KEY (`id`),
  KEY `ix_quality_audit_section_field_option_field_id` (`field_id`),
  CONSTRAINT `fk_quality_audit_section_field_option_quality_audit_section_fie~` FOREIGN KEY (`field_id`) REFERENCES `quality_audit_section_field` (`id`) ON DELETE CASCADE
) ENGINE=InnoDB AUTO_INCREMENT=24 DEFAULT CHARSET=latin1;

-- Volcando datos para la tabla bpo.quality_audit_section_field_option: ~19 rows (aproximadamente)
/*!40000 ALTER TABLE `quality_audit_section_field_option` DISABLE KEYS */;
INSERT IGNORE INTO `quality_audit_section_field_option` (`id`, `active`, `order`, `content`, `mark`, `value`, `field_id`) VALUES
	(1, b'1', 1, 'Audit_01 Sec_01 Enun_01 OP_A', b'0', 0, 1),
	(2, b'1', 2, 'Audit_01 Sec_01 Enun_01 OP_B CORR', b'1', 0, 1),
	(3, b'1', 1, 'Audit_01 Sec_02 Enun_02 OP_A', b'0', 0, 3),
	(4, b'1', 2, 'Audit_01 Sec_02 Enun_02 OP_B CORR', b'1', 0, 3),
	(5, b'1', 3, 'Audit_01 Sec_02 Enun_02 OP_C', b'0', 0, 3),
	(6, b'1', 1, 'Audit_01 Sec_02 Enun_03 OP_A', b'0', 0, 4),
	(7, b'1', 2, 'Audit_01 Sec_02 Enun_03 OP_B CORR', b'1', 0, 4),
	(8, b'1', 3, 'Audit_01 Sec_02 Enun_03 OP_C', b'0', 0, 4),
	(9, b'1', 4, 'Audit_01 Sec_02 Enun_03 OP_D', b'0', 0, 4),
	(10, b'1', 5, 'Audit_01 Sec_02 Enun_03 OP_E CORR', b'1', 0, 4),
	(11, b'1', 6, 'Audit_01 Sec_02 Enun_03 OP_F', b'0', 0, 4),
	(16, b'1', 1, '8', b'1', 0, 12),
	(17, b'1', 2, '88', b'0', 0, 12),
	(18, b'1', 3, '888', b'0', 0, 12),
	(19, b'1', 1, '9', b'0', 0, 13),
	(20, b'1', 2, '99', b'1', 0, 13),
	(21, b'1', 3, '999', b'0', 0, 13),
	(22, b'1', 1, '2', b'0', 0, 15),
	(23, b'1', 2, '22', b'1', 0, 15);
/*!40000 ALTER TABLE `quality_audit_section_field_option` ENABLE KEYS */;

-- Volcando estructura para tabla bpo.quality_audit_user
CREATE TABLE IF NOT EXISTS `quality_audit_user` (
  `id` int(11) NOT NULL AUTO_INCREMENT,
  `active` bit(1) NOT NULL,
  `audit_id` int(11) NOT NULL,
  `user_id` int(11) NOT NULL,
  `audit_owner_id` int(11) NOT NULL DEFAULT 0,
  PRIMARY KEY (`id`),
  KEY `ix_quality_audit_user_audit_id` (`audit_id`),
  KEY `ix_quality_audit_user_user_id` (`user_id`),
  KEY `ix_quality_audit_user_audit_owner_id` (`audit_owner_id`),
  CONSTRAINT `fk_quality_audit_user_quality_audit_audit_id` FOREIGN KEY (`audit_id`) REFERENCES `quality_audit` (`id`) ON DELETE CASCADE,
  CONSTRAINT `fk_quality_audit_user_quality_audit_owner_audit_owner_id` FOREIGN KEY (`audit_owner_id`) REFERENCES `quality_audit_owner` (`id`) ON DELETE CASCADE,
  CONSTRAINT `fk_quality_audit_user_user_user_id` FOREIGN KEY (`user_id`) REFERENCES `user` (`id`) ON DELETE CASCADE
) ENGINE=InnoDB AUTO_INCREMENT=92 DEFAULT CHARSET=latin1;

-- Volcando datos para la tabla bpo.quality_audit_user: ~8 rows (aproximadamente)
/*!40000 ALTER TABLE `quality_audit_user` DISABLE KEYS */;
INSERT IGNORE INTO `quality_audit_user` (`id`, `active`, `audit_id`, `user_id`, `audit_owner_id`) VALUES
	(37, b'1', 1, 1, 17),
	(51, b'1', 4, 13, 23),
	(52, b'1', 4, 7, 23),
	(55, b'1', 4, 11, 25),
	(88, b'1', 3, 7, 45),
	(89, b'1', 3, 16, 45),
	(90, b'1', 3, 4, 46),
	(91, b'1', 3, 17, 46);
/*!40000 ALTER TABLE `quality_audit_user` ENABLE KEYS */;

-- Volcando estructura para tabla bpo.quality_audit_user_take
CREATE TABLE IF NOT EXISTS `quality_audit_user_take` (
  `id` int(11) NOT NULL AUTO_INCREMENT,
  `start_date` datetime(6) NOT NULL,
  `end_date` datetime(6) DEFAULT NULL,
  `active` bit(1) NOT NULL,
  `audit_user_id` int(11) NOT NULL,
  `auditor_id` int(11) NOT NULL,
  `mark` double NOT NULL,
  `pass` bit(1) DEFAULT NULL,
  `content` longtext DEFAULT NULL,
  PRIMARY KEY (`id`),
  KEY `ix_quality_audit_user_take_audit_user_id` (`audit_user_id`),
  KEY `ix_quality_audit_user_take_auditor_id` (`auditor_id`),
  CONSTRAINT `fk_quality_audit_user_take_quality_audit_user_audit_user_id` FOREIGN KEY (`audit_user_id`) REFERENCES `quality_audit_user` (`id`) ON DELETE CASCADE,
  CONSTRAINT `fk_quality_audit_user_take_user_auditor_id` FOREIGN KEY (`auditor_id`) REFERENCES `user` (`id`) ON DELETE CASCADE
) ENGINE=InnoDB AUTO_INCREMENT=25 DEFAULT CHARSET=latin1;

-- Volcando datos para la tabla bpo.quality_audit_user_take: ~4 rows (aproximadamente)
/*!40000 ALTER TABLE `quality_audit_user_take` DISABLE KEYS */;
INSERT IGNORE INTO `quality_audit_user_take` (`id`, `start_date`, `end_date`, `active`, `audit_user_id`, `auditor_id`, `mark`, `pass`, `content`) VALUES
	(19, '2019-10-24 17:43:19.000000', '2019-10-24 17:43:36.576459', b'0', 37, 1, 100, b'1', NULL),
	(20, '2019-10-24 17:44:43.000000', '2019-10-24 17:45:04.304806', b'0', 37, 1, 16.5, b'0', NULL),
	(21, '2019-10-24 17:49:07.000000', '2019-10-24 17:51:00.100774', b'0', 37, 1, 55, b'1', NULL),
	(22, '2019-11-04 14:32:29.000000', '2019-11-04 14:33:23.601726', b'0', 51, 1, 4, b'0', NULL);
/*!40000 ALTER TABLE `quality_audit_user_take` ENABLE KEYS */;

-- Volcando estructura para tabla bpo.quality_audit_user_take_section
CREATE TABLE IF NOT EXISTS `quality_audit_user_take_section` (
  `id` int(11) NOT NULL AUTO_INCREMENT,
  `active` bit(1) NOT NULL,
  `mark` double NOT NULL,
  `audit_section_id` int(11) NOT NULL,
  `take_id` int(11) NOT NULL,
  PRIMARY KEY (`id`),
  KEY `ix_quality_audit_user_take_section_audit_section_id` (`audit_section_id`),
  KEY `ix_quality_audit_user_take_section_take_id` (`take_id`),
  CONSTRAINT `fk_quality_audit_user_take_section_quality_audit_section_audit_~` FOREIGN KEY (`audit_section_id`) REFERENCES `quality_audit_section` (`id`) ON DELETE CASCADE,
  CONSTRAINT `fk_quality_audit_user_take_section_quality_audit_user_take_take~` FOREIGN KEY (`take_id`) REFERENCES `quality_audit_user_take` (`id`) ON DELETE CASCADE
) ENGINE=InnoDB AUTO_INCREMENT=45 DEFAULT CHARSET=latin1;

-- Volcando datos para la tabla bpo.quality_audit_user_take_section: ~8 rows (aproximadamente)
/*!40000 ALTER TABLE `quality_audit_user_take_section` DISABLE KEYS */;
INSERT IGNORE INTO `quality_audit_user_take_section` (`id`, `active`, `mark`, `audit_section_id`, `take_id`) VALUES
	(33, b'1', 50, 1, 19),
	(34, b'1', 50, 2, 19),
	(35, b'1', 0, 1, 20),
	(36, b'1', 16.5, 2, 20),
	(37, b'1', 50, 1, 21),
	(38, b'1', 5, 2, 21),
	(39, b'1', 3.5, 6, 22),
	(40, b'1', 0.5, 8, 22);
/*!40000 ALTER TABLE `quality_audit_user_take_section` ENABLE KEYS */;

-- Volcando estructura para tabla bpo.quality_audit_user_take_section_field
CREATE TABLE IF NOT EXISTS `quality_audit_user_take_section_field` (
  `id` int(11) NOT NULL AUTO_INCREMENT,
  `active` bit(1) NOT NULL,
  `mark` double NOT NULL,
  `comment` longtext DEFAULT NULL,
  `audit_field_id` int(11) NOT NULL,
  `section_id` int(11) NOT NULL,
  PRIMARY KEY (`id`),
  KEY `ix_quality_audit_user_take_section_field_audit_field_id` (`audit_field_id`),
  KEY `ix_quality_audit_user_take_section_field_section_id` (`section_id`),
  CONSTRAINT `fk_quality_audit_user_take_section_field_quality_audit_section_~` FOREIGN KEY (`audit_field_id`) REFERENCES `quality_audit_section_field` (`id`) ON DELETE CASCADE,
  CONSTRAINT `fk_quality_audit_user_take_section_field_quality_audit_user_tak~` FOREIGN KEY (`section_id`) REFERENCES `quality_audit_user_take_section` (`id`) ON DELETE CASCADE
) ENGINE=InnoDB AUTO_INCREMENT=86 DEFAULT CHARSET=latin1;

-- Volcando datos para la tabla bpo.quality_audit_user_take_section_field: ~17 rows (aproximadamente)
/*!40000 ALTER TABLE `quality_audit_user_take_section_field` DISABLE KEYS */;
INSERT IGNORE INTO `quality_audit_user_take_section_field` (`id`, `active`, `mark`, `comment`, `audit_field_id`, `section_id`) VALUES
	(59, b'1', 50, '', 1, 33),
	(60, b'1', 20, '', 2, 34),
	(61, b'1', 14, '', 3, 34),
	(62, b'1', 16, '', 4, 34),
	(63, b'1', 0, '', 1, 35),
	(64, b'1', 2.5, '', 2, 36),
	(65, b'1', 14, '', 3, 36),
	(66, b'1', 0, '', 4, 36),
	(67, b'1', 50, 'Esta bien', 1, 37),
	(68, b'1', 5, 'pse', 2, 38),
	(69, b'1', 0, 'Muy mal', 3, 38),
	(70, b'1', 0, 'Casi...', 4, 38),
	(71, b'1', 3.5, 'com3.5', 8, 39),
	(72, b'1', 0, 'com b 88', 12, 39),
	(73, b'1', 0, 'com a 9 c 999', 13, 39),
	(74, b'1', 0.5, 'com 0.5', 14, 40),
	(75, b'1', 0, 'com a 22', 15, 40);
/*!40000 ALTER TABLE `quality_audit_user_take_section_field` ENABLE KEYS */;

-- Volcando estructura para tabla bpo.quality_audit_user_take_section_field_option
CREATE TABLE IF NOT EXISTS `quality_audit_user_take_section_field_option` (
  `id` int(11) NOT NULL AUTO_INCREMENT,
  `active` bit(1) NOT NULL,
  `mark` bit(1) DEFAULT NULL,
  `audit_option_id` int(11) NOT NULL,
  `field_id` int(11) NOT NULL,
  PRIMARY KEY (`id`),
  KEY `ix_quality_audit_user_take_section_field_option_audit_option_id` (`audit_option_id`),
  KEY `ix_quality_audit_user_take_section_field_option_field_id` (`field_id`),
  CONSTRAINT `fk_quality_audit_user_take_section_field_option_quality_audit_s~` FOREIGN KEY (`audit_option_id`) REFERENCES `quality_audit_section_field_option` (`id`) ON DELETE CASCADE,
  CONSTRAINT `fk_quality_audit_user_take_section_field_option_quality_audit_u~` FOREIGN KEY (`field_id`) REFERENCES `quality_audit_user_take_section_field` (`id`) ON DELETE CASCADE
) ENGINE=InnoDB AUTO_INCREMENT=212 DEFAULT CHARSET=latin1;

-- Volcando datos para la tabla bpo.quality_audit_user_take_section_field_option: ~41 rows (aproximadamente)
/*!40000 ALTER TABLE `quality_audit_user_take_section_field_option` DISABLE KEYS */;
INSERT IGNORE INTO `quality_audit_user_take_section_field_option` (`id`, `active`, `mark`, `audit_option_id`, `field_id`) VALUES
	(155, b'1', b'0', 1, 59),
	(156, b'1', b'1', 2, 59),
	(157, b'1', b'0', 3, 61),
	(158, b'1', b'1', 4, 61),
	(159, b'1', b'0', 5, 61),
	(160, b'1', b'0', 6, 62),
	(161, b'1', b'1', 7, 62),
	(162, b'1', b'0', 8, 62),
	(163, b'1', b'0', 9, 62),
	(164, b'1', b'1', 10, 62),
	(165, b'1', b'0', 11, 62),
	(166, b'1', b'1', 1, 63),
	(167, b'1', b'0', 2, 63),
	(168, b'1', b'0', 3, 65),
	(169, b'1', b'1', 4, 65),
	(170, b'1', b'0', 5, 65),
	(171, b'1', b'1', 6, 66),
	(172, b'1', b'1', 7, 66),
	(173, b'1', b'0', 8, 66),
	(174, b'1', b'0', 9, 66),
	(175, b'1', b'0', 10, 66),
	(176, b'1', b'0', 11, 66),
	(177, b'1', b'0', 1, 67),
	(178, b'1', b'1', 2, 67),
	(179, b'1', b'0', 3, 69),
	(180, b'1', b'0', 4, 69),
	(181, b'1', b'1', 5, 69),
	(182, b'1', b'0', 6, 70),
	(183, b'1', b'1', 7, 70),
	(184, b'1', b'0', 8, 70),
	(185, b'1', b'1', 9, 70),
	(186, b'1', b'0', 10, 70),
	(187, b'1', b'0', 11, 70),
	(188, b'1', b'0', 16, 72),
	(189, b'1', b'1', 17, 72),
	(190, b'1', b'0', 18, 72),
	(191, b'1', b'1', 19, 73),
	(192, b'1', b'0', 20, 73),
	(193, b'1', b'1', 21, 73),
	(194, b'1', b'1', 22, 75),
	(195, b'1', b'0', 23, 75);
/*!40000 ALTER TABLE `quality_audit_user_take_section_field_option` ENABLE KEYS */;

-- Volcando estructura para tabla bpo.quality_exam
CREATE TABLE IF NOT EXISTS `quality_exam` (
  `id` int(11) NOT NULL AUTO_INCREMENT,
  `start_date` datetime(6) NOT NULL,
  `end_date` datetime(6) DEFAULT NULL,
  `active` bit(1) NOT NULL,
  `name` longtext DEFAULT NULL,
  `description` longtext DEFAULT NULL,
  `pass_mark` double NOT NULL,
  `attempts` int(11) NOT NULL,
  `quality_id` int(11) NOT NULL,
  `time` int(11) DEFAULT NULL,
  PRIMARY KEY (`id`),
  KEY `ix_quality_exam_quality_id` (`quality_id`),
  CONSTRAINT `fk_quality_exam_quality_quality_id` FOREIGN KEY (`quality_id`) REFERENCES `quality` (`id`) ON DELETE CASCADE
) ENGINE=InnoDB AUTO_INCREMENT=6 DEFAULT CHARSET=latin1;

-- Volcando datos para la tabla bpo.quality_exam: ~3 rows (aproximadamente)
/*!40000 ALTER TABLE `quality_exam` DISABLE KEYS */;
INSERT IGNORE INTO `quality_exam` (`id`, `start_date`, `end_date`, `active`, `name`, `description`, `pass_mark`, `attempts`, `quality_id`, `time`) VALUES
	(1, '2019-09-25 00:00:00.000000', NULL, b'1', 'Examen_01', 'Desc Examen_01', 50, 10, 7, 20),
	(2, '2019-10-02 00:00:00.000000', NULL, b'1', 'rthtrrth', 'erwherw', 3, 1, 10, NULL),
	(3, '0007-10-07 00:00:00.000000', NULL, b'1', '7', '7', 7, 7, 7, NULL);
/*!40000 ALTER TABLE `quality_exam` ENABLE KEYS */;

-- Volcando estructura para tabla bpo.quality_exam_owner
CREATE TABLE IF NOT EXISTS `quality_exam_owner` (
  `id` int(11) NOT NULL AUTO_INCREMENT,
  `active` bit(1) NOT NULL,
  `exam_id` int(11) NOT NULL,
  `user_id` int(11) NOT NULL,
  PRIMARY KEY (`id`),
  KEY `ix_quality_exam_owner_exam_id` (`exam_id`),
  KEY `ix_quality_exam_owner_user_id` (`user_id`),
  CONSTRAINT `fk_quality_exam_owner_quality_exam_exam_id` FOREIGN KEY (`exam_id`) REFERENCES `quality_exam` (`id`) ON DELETE CASCADE,
  CONSTRAINT `fk_quality_exam_owner_user_exam_id` FOREIGN KEY (`exam_id`) REFERENCES `user` (`id`) ON DELETE CASCADE,
  CONSTRAINT `fk_quality_exam_owner_user_user_id` FOREIGN KEY (`user_id`) REFERENCES `user` (`id`) ON DELETE CASCADE
) ENGINE=InnoDB AUTO_INCREMENT=17 DEFAULT CHARSET=latin1;

-- Volcando datos para la tabla bpo.quality_exam_owner: ~3 rows (aproximadamente)
/*!40000 ALTER TABLE `quality_exam_owner` DISABLE KEYS */;
INSERT IGNORE INTO `quality_exam_owner` (`id`, `active`, `exam_id`, `user_id`) VALUES
	(12, b'1', 1, 6),
	(14, b'1', 3, 6),
	(15, b'1', 3, 5),
	(16, b'1', 1, 5);
/*!40000 ALTER TABLE `quality_exam_owner` ENABLE KEYS */;

-- Volcando estructura para tabla bpo.quality_exam_section
CREATE TABLE IF NOT EXISTS `quality_exam_section` (
  `id` int(11) NOT NULL AUTO_INCREMENT,
  `active` bit(1) NOT NULL,
  `order` int(11) NOT NULL,
  `name` longtext DEFAULT NULL,
  `description` longtext DEFAULT NULL,
  `weighing` double NOT NULL,
  `exam_id` int(11) NOT NULL,
  PRIMARY KEY (`id`),
  KEY `ix_quality_exam_section_exam_id` (`exam_id`),
  CONSTRAINT `fk_quality_exam_section_quality_exam_exam_id` FOREIGN KEY (`exam_id`) REFERENCES `quality_exam` (`id`) ON DELETE CASCADE
) ENGINE=InnoDB AUTO_INCREMENT=7 DEFAULT CHARSET=latin1;

-- Volcando datos para la tabla bpo.quality_exam_section: ~4 rows (aproximadamente)
/*!40000 ALTER TABLE `quality_exam_section` DISABLE KEYS */;
INSERT IGNORE INTO `quality_exam_section` (`id`, `active`, `order`, `name`, `description`, `weighing`, `exam_id`) VALUES
	(1, b'1', 1, 'Examen_01 SEC_01', '', 33, 1),
	(2, b'1', 2, 'Examen_01 SEC_02', '', 77, 1),
	(3, b'1', 1, '3', '', 3, 2),
	(4, b'1', 1, '7', '', 7, 3);
/*!40000 ALTER TABLE `quality_exam_section` ENABLE KEYS */;

-- Volcando estructura para tabla bpo.quality_exam_section_field
CREATE TABLE IF NOT EXISTS `quality_exam_section_field` (
  `id` int(11) NOT NULL AUTO_INCREMENT,
  `active` bit(1) NOT NULL,
  `type` int(11) NOT NULL,
  `order` int(11) NOT NULL,
  `name` longtext DEFAULT NULL,
  `content` longtext DEFAULT NULL,
  `reasoned` bit(1) DEFAULT NULL,
  `weighing` double NOT NULL,
  `section_id` int(11) NOT NULL,
  PRIMARY KEY (`id`),
  KEY `ix_quality_exam_section_field_section_id` (`section_id`),
  CONSTRAINT `fk_quality_exam_section_field_quality_exam_section_section_id` FOREIGN KEY (`section_id`) REFERENCES `quality_exam_section` (`id`) ON DELETE CASCADE
) ENGINE=InnoDB AUTO_INCREMENT=10 DEFAULT CHARSET=latin1;

-- Volcando datos para la tabla bpo.quality_exam_section_field: ~7 rows (aproximadamente)
/*!40000 ALTER TABLE `quality_exam_section_field` DISABLE KEYS */;
INSERT IGNORE INTO `quality_exam_section_field` (`id`, `active`, `type`, `order`, `name`, `content`, `reasoned`, `weighing`, `section_id`) VALUES
	(1, b'1', 1, 1, 'Examen_01 Sec_01 ENUN_01', NULL, NULL, 12, 1),
	(2, b'1', 3, 2, 'Examen_01 Sec_01 ENUN_02', NULL, NULL, 11, 1),
	(3, b'1', 2, 3, 'Examen_01 Sec_01 ENUN_03', NULL, NULL, 10, 1),
	(4, b'1', 1, 1, 'Examen_01 Sec_02 ENUN_01', NULL, NULL, 77, 2),
	(5, b'1', 1, 1, '3', NULL, NULL, 3, 3),
	(6, b'1', 1, 1, '7', NULL, NULL, 7, 4),
	(7, b'1', 2, 2, 'Examen_01 Sec_02 ENUN_02', NULL, NULL, 78, 2);
/*!40000 ALTER TABLE `quality_exam_section_field` ENABLE KEYS */;

-- Volcando estructura para tabla bpo.quality_exam_section_field_option
CREATE TABLE IF NOT EXISTS `quality_exam_section_field_option` (
  `id` int(11) NOT NULL AUTO_INCREMENT,
  `active` bit(1) NOT NULL,
  `order` int(11) NOT NULL,
  `content` longtext DEFAULT NULL,
  `mark` bit(1) DEFAULT NULL,
  `value` double NOT NULL,
  `field_id` int(11) NOT NULL,
  PRIMARY KEY (`id`),
  KEY `ix_quality_exam_section_field_option_field_id` (`field_id`),
  CONSTRAINT `fk_quality_exam_section_field_option_quality_exam_section_field~` FOREIGN KEY (`field_id`) REFERENCES `quality_exam_section_field` (`id`) ON DELETE CASCADE
) ENGINE=InnoDB AUTO_INCREMENT=12 DEFAULT CHARSET=latin1;

-- Volcando datos para la tabla bpo.quality_exam_section_field_option: ~10 rows (aproximadamente)
/*!40000 ALTER TABLE `quality_exam_section_field_option` DISABLE KEYS */;
INSERT IGNORE INTO `quality_exam_section_field_option` (`id`, `active`, `order`, `content`, `mark`, `value`, `field_id`) VALUES
	(1, b'1', 1, 'Examen_01 Sec_01 Enun_02 OP_A (CORR)', b'1', 0, 2),
	(2, b'1', 2, 'Examen_01 Sec_01 Enun_02 OP_B', b'0', 0, 2),
	(3, b'1', 3, 'Examen_01 Sec_01 Enun_02 OP_C (CORR)', b'1', 0, 2),
	(4, b'1', 4, 'Examen_01 Sec_01 Enun_02 OP_D', b'0', 0, 2),
	(5, b'1', 1, 'Examen_01 Sec_01 Enun_03 OP_A', b'0', 0, 3),
	(6, b'1', 2, 'Examen_01 Sec_01 Enun_03 OP_B (CORR)', b'1', 0, 3),
	(7, b'1', 3, 'Examen_01 Sec_01 Enun_03 OP_C', b'0', 0, 3),
	(8, b'1', 1, 'Examen_01 Sec_02 Enun_02 OP_A', b'0', 0, 7),
	(9, b'1', 2, 'Examen_01 Sec_02 Enun_02 OP_B', b'0', 0, 7),
	(10, b'1', 3, 'Examen_01 Sec_02 Enun_02 OP_C (CORR)', b'1', 0, 7),
	(11, b'1', 4, 'Examen_01 Sec_02 Enun_02 OP_D', b'0', 0, 7);
/*!40000 ALTER TABLE `quality_exam_section_field_option` ENABLE KEYS */;

-- Volcando estructura para tabla bpo.quality_exam_user
CREATE TABLE IF NOT EXISTS `quality_exam_user` (
  `id` int(11) NOT NULL AUTO_INCREMENT,
  `active` bit(1) NOT NULL,
  `exam_id` int(11) NOT NULL,
  `user_id` int(11) NOT NULL,
  `exam_owner_id` int(11) NOT NULL,
  PRIMARY KEY (`id`),
  KEY `ix_quality_exam_user_exam_id` (`exam_id`),
  KEY `ix_quality_exam_user_exam_owner_id` (`exam_owner_id`),
  KEY `ix_quality_exam_user_user_id` (`user_id`),
  CONSTRAINT `fk_quality_exam_user_quality_exam_exam_id` FOREIGN KEY (`exam_id`) REFERENCES `quality_exam` (`id`) ON DELETE CASCADE,
  CONSTRAINT `fk_quality_exam_user_quality_exam_owner_exam_owner_id` FOREIGN KEY (`exam_owner_id`) REFERENCES `quality_exam_owner` (`id`) ON DELETE CASCADE,
  CONSTRAINT `fk_quality_exam_user_user_user_id` FOREIGN KEY (`user_id`) REFERENCES `user` (`id`) ON DELETE CASCADE
) ENGINE=InnoDB AUTO_INCREMENT=42 DEFAULT CHARSET=latin1;

-- Volcando datos para la tabla bpo.quality_exam_user: ~7 rows (aproximadamente)
/*!40000 ALTER TABLE `quality_exam_user` DISABLE KEYS */;
INSERT IGNORE INTO `quality_exam_user` (`id`, `active`, `exam_id`, `user_id`, `exam_owner_id`) VALUES
	(35, b'1', 1, 1, 12),
	(36, b'1', 3, 3, 14),
	(37, b'1', 3, 14, 15),
	(38, b'1', 3, 4, 15),
	(39, b'1', 1, 4, 16),
	(40, b'1', 1, 3, 16),
	(41, b'1', 1, 20, 12);
/*!40000 ALTER TABLE `quality_exam_user` ENABLE KEYS */;

-- Volcando estructura para tabla bpo.quality_exam_user_take
CREATE TABLE IF NOT EXISTS `quality_exam_user_take` (
  `id` int(11) NOT NULL AUTO_INCREMENT,
  `start_date` datetime(6) NOT NULL,
  `end_date` datetime(6) DEFAULT NULL,
  `active` bit(1) NOT NULL,
  `exam_user_id` int(11) NOT NULL,
  `attempt` int(11) NOT NULL,
  `mark` double NOT NULL,
  `pass` bit(1) DEFAULT NULL,
  `content` longtext DEFAULT NULL,
  PRIMARY KEY (`id`),
  KEY `ix_quality_exam_user_take_exam_user_id` (`exam_user_id`),
  CONSTRAINT `fk_quality_exam_user_take_quality_exam_user_exam_user_id` FOREIGN KEY (`exam_user_id`) REFERENCES `quality_exam_user` (`id`) ON DELETE CASCADE
) ENGINE=InnoDB AUTO_INCREMENT=39 DEFAULT CHARSET=latin1;

-- Volcando datos para la tabla bpo.quality_exam_user_take: ~1 rows (aproximadamente)
/*!40000 ALTER TABLE `quality_exam_user_take` DISABLE KEYS */;
INSERT IGNORE INTO `quality_exam_user_take` (`id`, `start_date`, `end_date`, `active`, `exam_user_id`, `attempt`, `mark`, `pass`, `content`) VALUES
	(29, '2019-10-29 15:53:59.000000', '2019-10-29 16:29:10.000000', b'0', 35, 1, 22, b'0', NULL);
/*!40000 ALTER TABLE `quality_exam_user_take` ENABLE KEYS */;

-- Volcando estructura para tabla bpo.quality_exam_user_take_section
CREATE TABLE IF NOT EXISTS `quality_exam_user_take_section` (
  `id` int(11) NOT NULL AUTO_INCREMENT,
  `active` bit(1) NOT NULL,
  `mark` double NOT NULL,
  `exam_section_id` int(11) NOT NULL,
  `take_id` int(11) NOT NULL,
  PRIMARY KEY (`id`),
  KEY `ix_quality_exam_user_take_section_exam_section_id` (`exam_section_id`),
  KEY `ix_quality_exam_user_take_section_take_id` (`take_id`),
  CONSTRAINT `fk_quality_exam_user_take_section_quality_exam_section_exam_sec~` FOREIGN KEY (`exam_section_id`) REFERENCES `quality_exam_section` (`id`) ON DELETE CASCADE,
  CONSTRAINT `fk_quality_exam_user_take_section_quality_exam_user_take_take_id` FOREIGN KEY (`take_id`) REFERENCES `quality_exam_user_take` (`id`) ON DELETE CASCADE
) ENGINE=InnoDB AUTO_INCREMENT=165 DEFAULT CHARSET=latin1;

-- Volcando datos para la tabla bpo.quality_exam_user_take_section: ~2 rows (aproximadamente)
/*!40000 ALTER TABLE `quality_exam_user_take_section` DISABLE KEYS */;
INSERT IGNORE INTO `quality_exam_user_take_section` (`id`, `active`, `mark`, `exam_section_id`, `take_id`) VALUES
	(145, b'1', 21, 1, 29),
	(146, b'1', 1, 2, 29);
/*!40000 ALTER TABLE `quality_exam_user_take_section` ENABLE KEYS */;

-- Volcando estructura para tabla bpo.quality_exam_user_take_section_field
CREATE TABLE IF NOT EXISTS `quality_exam_user_take_section_field` (
  `id` int(11) NOT NULL AUTO_INCREMENT,
  `active` bit(1) NOT NULL,
  `mark` double NOT NULL,
  `answer` longtext DEFAULT NULL,
  `exam_field_id` int(11) NOT NULL,
  `section_id` int(11) NOT NULL,
  PRIMARY KEY (`id`),
  KEY `ix_quality_exam_user_take_section_field_exam_field_id` (`exam_field_id`),
  KEY `ix_quality_exam_user_take_section_field_section_id` (`section_id`),
  CONSTRAINT `fk_quality_exam_user_take_section_field_quality_exam_section_fi~` FOREIGN KEY (`exam_field_id`) REFERENCES `quality_exam_section_field` (`id`) ON DELETE CASCADE,
  CONSTRAINT `fk_quality_exam_user_take_section_field_quality_exam_user_take_~` FOREIGN KEY (`section_id`) REFERENCES `quality_exam_user_take_section` (`id`) ON DELETE CASCADE
) ENGINE=InnoDB AUTO_INCREMENT=411 DEFAULT CHARSET=latin1;

-- Volcando datos para la tabla bpo.quality_exam_user_take_section_field: ~5 rows (aproximadamente)
/*!40000 ALTER TABLE `quality_exam_user_take_section_field` DISABLE KEYS */;
INSERT IGNORE INTO `quality_exam_user_take_section_field` (`id`, `active`, `mark`, `answer`, `exam_field_id`, `section_id`) VALUES
	(361, b'1', 0, 'resp1', 1, 145),
	(362, b'1', 11, NULL, 2, 145),
	(363, b'1', 10, NULL, 3, 145),
	(364, b'1', 0, 'resp2 - sjabjsbdb', 4, 146),
	(365, b'1', 1, NULL, 7, 146);
/*!40000 ALTER TABLE `quality_exam_user_take_section_field` ENABLE KEYS */;

-- Volcando estructura para tabla bpo.quality_exam_user_take_section_field_option
CREATE TABLE IF NOT EXISTS `quality_exam_user_take_section_field_option` (
  `id` int(11) NOT NULL AUTO_INCREMENT,
  `active` bit(1) NOT NULL,
  `mark` bit(1) DEFAULT NULL,
  `exam_option_id` int(11) NOT NULL,
  `field_id` int(11) NOT NULL,
  PRIMARY KEY (`id`),
  KEY `ix_quality_exam_user_take_section_field_option_exam_option_id` (`exam_option_id`),
  KEY `ix_quality_exam_user_take_section_field_option_field_id` (`field_id`),
  CONSTRAINT `fk_quality_exam_user_take_section_field_option_quality_exam_sec~` FOREIGN KEY (`exam_option_id`) REFERENCES `quality_exam_section_field_option` (`id`) ON DELETE CASCADE,
  CONSTRAINT `fk_quality_exam_user_take_section_field_option_quality_exam_use~` FOREIGN KEY (`field_id`) REFERENCES `quality_exam_user_take_section_field` (`id`) ON DELETE CASCADE
) ENGINE=InnoDB AUTO_INCREMENT=903 DEFAULT CHARSET=latin1;

-- Volcando datos para la tabla bpo.quality_exam_user_take_section_field_option: ~11 rows (aproximadamente)
/*!40000 ALTER TABLE `quality_exam_user_take_section_field_option` DISABLE KEYS */;
INSERT IGNORE INTO `quality_exam_user_take_section_field_option` (`id`, `active`, `mark`, `exam_option_id`, `field_id`) VALUES
	(793, b'1', b'1', 1, 362),
	(794, b'1', b'0', 2, 362),
	(795, b'1', b'1', 3, 362),
	(796, b'1', b'0', 4, 362),
	(797, b'1', b'0', 5, 363),
	(798, b'1', b'1', 6, 363),
	(799, b'1', b'0', 7, 363),
	(800, b'1', b'0', 8, 365),
	(801, b'1', b'0', 9, 365),
	(802, b'1', b'1', 10, 365),
	(803, b'1', b'0', 11, 365);
/*!40000 ALTER TABLE `quality_exam_user_take_section_field_option` ENABLE KEYS */;

-- Volcando estructura para tabla bpo.quality_owner
CREATE TABLE IF NOT EXISTS `quality_owner` (
  `id` int(11) NOT NULL AUTO_INCREMENT,
  `active` bit(1) NOT NULL,
  `quality_id` int(11) NOT NULL,
  `owner_id` int(11) NOT NULL,
  PRIMARY KEY (`id`),
  KEY `ix_quality_owner_owner_id` (`owner_id`),
  KEY `ix_quality_owner_quality_id` (`quality_id`),
  CONSTRAINT `fk_quality_owner_quality_quality_id` FOREIGN KEY (`quality_id`) REFERENCES `quality` (`id`) ON DELETE CASCADE,
  CONSTRAINT `fk_quality_owner_user_owner_id` FOREIGN KEY (`owner_id`) REFERENCES `user` (`id`) ON DELETE CASCADE
) ENGINE=InnoDB AUTO_INCREMENT=31 DEFAULT CHARSET=latin1;

-- Volcando datos para la tabla bpo.quality_owner: ~11 rows (aproximadamente)
/*!40000 ALTER TABLE `quality_owner` DISABLE KEYS */;
INSERT IGNORE INTO `quality_owner` (`id`, `active`, `quality_id`, `owner_id`) VALUES
	(11, b'1', 6, 10),
	(14, b'1', 6, 2),
	(15, b'1', 6, 3),
	(17, b'1', 10, 2),
	(18, b'1', 10, 3),
	(19, b'1', 10, 5),
	(23, b'1', 9, 1),
	(25, b'1', 9, 6),
	(27, b'1', 7, 5),
	(28, b'1', 7, 6),
	(30, b'1', 6, 6);
/*!40000 ALTER TABLE `quality_owner` ENABLE KEYS */;

-- Volcando estructura para tabla bpo.quality_user
CREATE TABLE IF NOT EXISTS `quality_user` (
  `id` int(11) NOT NULL AUTO_INCREMENT,
  `active` bit(1) NOT NULL,
  `quality_id` int(11) NOT NULL,
  `user_id` int(11) NOT NULL,
  `quality_completed` bit(1) NOT NULL,
  PRIMARY KEY (`id`),
  KEY `ix_quality_user_quality_id` (`quality_id`),
  KEY `ix_quality_user_user_id` (`user_id`),
  CONSTRAINT `fk_quality_user_quality_quality_id` FOREIGN KEY (`quality_id`) REFERENCES `quality` (`id`) ON DELETE CASCADE,
  CONSTRAINT `fk_quality_user_user_user_id` FOREIGN KEY (`user_id`) REFERENCES `user` (`id`) ON DELETE CASCADE
) ENGINE=InnoDB AUTO_INCREMENT=58 DEFAULT CHARSET=latin1;

-- Volcando datos para la tabla bpo.quality_user: ~23 rows (aproximadamente)
/*!40000 ALTER TABLE `quality_user` DISABLE KEYS */;
INSERT IGNORE INTO `quality_user` (`id`, `active`, `quality_id`, `user_id`, `quality_completed`) VALUES
	(13, b'1', 7, 14, b'1'),
	(21, b'1', 7, 4, b'0'),
	(22, b'1', 7, 3, b'0'),
	(24, b'1', 7, 20, b'0'),
	(30, b'1', 6, 4, b'0'),
	(31, b'1', 6, 7, b'0'),
	(32, b'1', 6, 12, b'0'),
	(33, b'1', 6, 16, b'0'),
	(34, b'1', 6, 17, b'1'),
	(35, b'1', 6, 18, b'0'),
	(36, b'1', 6, 19, b'0'),
	(39, b'1', 9, 11, b'1'),
	(40, b'1', 9, 13, b'1'),
	(41, b'1', 10, 4, b'0'),
	(42, b'1', 10, 6, b'0'),
	(43, b'1', 10, 7, b'0'),
	(44, b'1', 10, 11, b'0'),
	(45, b'1', 10, 13, b'0'),
	(46, b'1', 10, 17, b'1'),
	(47, b'1', 10, 20, b'0'),
	(54, b'1', 9, 7, b'0'),
	(55, b'1', 7, 1, b'0'),
	(56, b'1', 6, 1, b'0'),
	(57, b'1', 6, 14, b'0');
/*!40000 ALTER TABLE `quality_user` ENABLE KEYS */;

-- Volcando estructura para tabla bpo.rate
CREATE TABLE IF NOT EXISTS `rate` (
  `id` int(11) NOT NULL AUTO_INCREMENT,
  `active` bit(1) NOT NULL,
  `year` int(11) NOT NULL,
  `name` longtext DEFAULT NULL,
  `description` longtext DEFAULT NULL,
  `value` double NOT NULL,
  `currency` longtext DEFAULT NULL,
  PRIMARY KEY (`id`)
) ENGINE=InnoDB DEFAULT CHARSET=latin1;

-- Volcando datos para la tabla bpo.rate: ~0 rows (aproximadamente)
/*!40000 ALTER TABLE `rate` DISABLE KEYS */;
/*!40000 ALTER TABLE `rate` ENABLE KEYS */;

-- Volcando estructura para tabla bpo.request
CREATE TABLE IF NOT EXISTS `request` (
  `id` int(11) NOT NULL AUTO_INCREMENT,
  `active` bit(1) NOT NULL,
  `type` longtext NOT NULL,
  `request_date` datetime(6) NOT NULL,
  `priority` int(11) NOT NULL,
  `summary` longtext DEFAULT NULL,
  `description` longtext DEFAULT NULL,
  `user_id` int(11) NOT NULL,
  `assigned_user_id` int(11) DEFAULT NULL,
  PRIMARY KEY (`id`),
  KEY `ix_request_assigned_user_id` (`assigned_user_id`),
  KEY `ix_request_user_id` (`user_id`),
  CONSTRAINT `fk_request_user_assigned_user_id` FOREIGN KEY (`assigned_user_id`) REFERENCES `user` (`id`),
  CONSTRAINT `fk_request_user_user_id` FOREIGN KEY (`user_id`) REFERENCES `user` (`id`) ON DELETE CASCADE
) ENGINE=InnoDB AUTO_INCREMENT=10 DEFAULT CHARSET=latin1;

-- Volcando datos para la tabla bpo.request: ~9 rows (aproximadamente)
/*!40000 ALTER TABLE `request` DISABLE KEYS */;
INSERT IGNORE INTO `request` (`id`, `active`, `type`, `request_date`, `priority`, `summary`, `description`, `user_id`, `assigned_user_id`) VALUES
	(1, b'1', 'Hollydays', '2019-05-21 15:53:15.809307', 1, 'Permiso', 'eryewrteFA<', 1, NULL),
	(2, b'1', 'CompensationHours', '2019-06-05 15:00:21.778436', 2, 'Permiso', 'artqwerqwer', 6, 1),
	(3, b'1', 'Hollydays', '2019-06-05 15:04:20.586016', 1, 'Vacaciones de verano', 'aegtwerq', 6, 1),
	(4, b'1', 'CompensationHours', '2019-06-05 15:08:51.335883', 1, 'Permiso', '34qtqwerwqert', 6, 6),
	(5, b'1', 'SpecialLeave', '2019-07-23 17:18:24.058257', 2, 'Permiso por boda de familiar', 'Hola, el día 22 de Agosto se casa mi hermano en Reino Unido y  usaré los dos días de permiso especial', 3, 1),
	(6, b'1', 'Hollydays', '2019-07-23 17:19:48.945420', 3, 'Vacaciones Junio', 'Hola, solicito vacaciones del 10 al 14 de Junio', 3, 3),
	(7, b'1', 'ScheduleChange', '2019-07-23 18:01:30.830539', 2, 'Cambio a horario de tarde', 'Hola, me gustaría si es posible solicitar un cambio a horario de tarde, en concreto de 14:00 a 22:00. Comienzo un Máster en breve y me vendría bien para poder acudir a clase. Gracias', 5, 5),
	(8, b'1', 'Hollydays', '2019-07-23 18:04:58.177550', 1, 'Vacaciones de Agosto', 'Hola, solicito las dos primeras semanas de Agosto de vacaciones', 4, NULL),
	(9, b'1', 'SpecialLeave', '2019-07-23 18:06:47.574289', 2, 'Días de compensación', 'Hola, solicito los días 17 y 18 de Septiembre ', 9, 9);
/*!40000 ALTER TABLE `request` ENABLE KEYS */;

-- Volcando estructura para tabla bpo.request_history
CREATE TABLE IF NOT EXISTS `request_history` (
  `id` int(11) NOT NULL AUTO_INCREMENT,
  `active` bit(1) NOT NULL,
  `entry_date` datetime(6) NOT NULL,
  `request_id` int(11) NOT NULL,
  `comment` longtext DEFAULT NULL,
  `state` longtext NOT NULL,
  `user_id` int(11) NOT NULL,
  PRIMARY KEY (`id`),
  KEY `ix_request_history_request_id` (`request_id`),
  KEY `ix_request_history_user_id` (`user_id`),
  CONSTRAINT `fk_request_history_request_request_id` FOREIGN KEY (`request_id`) REFERENCES `request` (`id`) ON DELETE CASCADE,
  CONSTRAINT `fk_request_history_user_user_id` FOREIGN KEY (`user_id`) REFERENCES `user` (`id`) ON DELETE CASCADE
) ENGINE=InnoDB AUTO_INCREMENT=34 DEFAULT CHARSET=latin1;

-- Volcando datos para la tabla bpo.request_history: ~32 rows (aproximadamente)
/*!40000 ALTER TABLE `request_history` DISABLE KEYS */;
INSERT IGNORE INTO `request_history` (`id`, `active`, `entry_date`, `request_id`, `comment`, `state`, `user_id`) VALUES
	(1, b'1', '2019-05-21 15:53:15.809307', 1, 'Solicitud Creada', 'Created', 1),
	(2, b'1', '2019-05-21 15:53:15.809936', 1, 'Pendiente de Asignación', 'Pending', 1),
	(3, b'1', '2019-06-05 15:00:21.778436', 2, 'Solicitud Creada', 'Created', 6),
	(4, b'1', '2019-06-05 15:00:21.779937', 2, 'Pendiente de Asignación', 'Pending', 6),
	(5, b'1', '2019-06-05 15:04:20.586016', 3, 'Solicitud Creada', 'Created', 6),
	(6, b'1', '2019-06-05 15:04:20.586030', 3, 'Pendiente de Asignación', 'Pending', 6),
	(7, b'1', '2019-06-05 15:08:51.335883', 4, 'Solicitud Creada', 'Created', 6),
	(8, b'1', '2019-06-05 15:08:51.335895', 4, 'Pendiente de Asignación', 'Pending', 6),
	(9, b'1', '2019-07-10 01:07:47.880446', 4, 'Solicitud Asignada', 'InProgress', 1),
	(10, b'1', '2019-07-10 01:08:04.864668', 4, 'Horas validadas', 'Accepted', 1),
	(11, b'1', '2019-07-10 10:13:18.920350', 3, 'Solicitud Asignada', 'InProgress', 1),
	(12, b'1', '2019-07-23 12:37:01.218843', 2, 'Solicitud Asignada', 'InProgress', 1),
	(13, b'1', '2019-07-23 17:18:24.058257', 5, 'Solicitud Creada', 'Created', 3),
	(14, b'1', '2019-07-23 17:18:24.058307', 5, 'Pendiente de Asignación', 'Pending', 3),
	(15, b'1', '2019-07-23 17:19:48.945420', 6, 'Solicitud Creada', 'Created', 3),
	(16, b'1', '2019-07-23 17:19:48.945425', 6, 'Pendiente de Asignación', 'Pending', 3),
	(17, b'1', '2019-07-23 17:19:58.181129', 6, 'Solicitud Asignada', 'InProgress', 1),
	(18, b'1', '2019-07-23 17:20:12.189668', 6, 'Concedidas y anotadas', 'Accepted', 1),
	(19, b'1', '2019-07-23 18:01:30.830539', 7, 'Solicitud Creada', 'Created', 5),
	(20, b'1', '2019-07-23 18:01:30.830556', 7, 'Pendiente de Asignación', 'Pending', 5),
	(21, b'1', '2019-07-23 18:04:58.177550', 8, 'Solicitud Creada', 'Created', 4),
	(22, b'1', '2019-07-23 18:04:58.177554', 8, 'Pendiente de Asignación', 'Pending', 4),
	(23, b'1', '2019-05-22 18:05:17.437019', 1, 'Ok', 'Closed', 1),
	(24, b'1', '2019-07-23 18:06:47.574289', 9, 'Solicitud Creada', 'Created', 9),
	(25, b'1', '2019-07-23 18:06:47.574298', 9, 'Pendiente de Asignación', 'Pending', 9),
	(26, b'1', '2019-07-23 18:07:01.212712', 9, 'Solicitud Asignada', 'InProgress', 1),
	(27, b'1', '2019-07-23 18:07:44.905633', 9, 'Hola Eduardo, sólo te queda un día de compensación', 'Returned', 1),
	(28, b'1', '2019-07-23 18:08:28.493220', 9, 'Ok, entonces el 17 solo', 'Pending', 9),
	(29, b'1', '2019-07-23 20:00:40.340805', 9, 'Solicitud Asignada', 'InProgress', 1),
	(30, b'1', '2019-07-23 20:00:53.895786', 9, 'Ok', 'Accepted', 1),
	(31, b'1', '2019-09-20 16:45:29.102514', 7, 'Solicitud Asignada', 'InProgress', 1),
	(32, b'1', '2019-09-20 16:45:42.396227', 7, 'Coment test', 'Returned', 1),
	(33, b'1', '2019-10-09 14:07:06.371732', 5, 'Solicitud Asignada', 'InProgress', 1);
/*!40000 ALTER TABLE `request_history` ENABLE KEYS */;

-- Volcando estructura para tabla bpo.role
CREATE TABLE IF NOT EXISTS `role` (
  `id` int(11) NOT NULL AUTO_INCREMENT,
  `active` bit(1) NOT NULL,
  `concurrency_stamp` longtext DEFAULT NULL,
  `name` varchar(256) DEFAULT NULL,
  `normalized_name` varchar(256) DEFAULT NULL,
  PRIMARY KEY (`id`),
  UNIQUE KEY `role_name_index` (`normalized_name`)
) ENGINE=InnoDB AUTO_INCREMENT=18 DEFAULT CHARSET=latin1;

-- Volcando datos para la tabla bpo.role: ~17 rows (aproximadamente)
/*!40000 ALTER TABLE `role` DISABLE KEYS */;
INSERT IGNORE INTO `role` (`id`, `active`, `concurrency_stamp`, `name`, `normalized_name`) VALUES
	(1, b'1', NULL, 'Administration', 'ADMINISTRATION'),
	(2, b'1', NULL, 'Maintenance', 'MAINTENANCE'),
	(3, b'1', NULL, 'EconomicalManagementShow', 'ECONOMICALMANAGEMENTSHOW'),
	(4, b'1', NULL, 'EconomicalManagementEdit', 'ECONOMICALMANAGEMENTEDIT'),
	(5, b'1', NULL, 'TecnicalManagementShow', 'TECNICALMANAGEMENTSHOW'),
	(6, b'1', NULL, 'TecnicalManagementEdit', 'TECNICALMANAGEMENTEDIT'),
	(7, b'1', NULL, 'OperationalManagementShow', 'OPERATIONALMANAGEMENTSHOW'),
	(8, b'1', NULL, 'OperationalManagementEdit', 'OPERATIONALMANAGEMENTEDIT'),
	(9, b'1', NULL, 'QualityManagementShow', 'QUALITYMANAGEMENTSHOW'),
	(10, b'1', NULL, 'QualityManagementEdit', 'QUALITYMANAGEMENTEDIT'),
	(11, b'1', NULL, 'TrainingManagementShow', 'TRAININGMANAGEMENTSHOW'),
	(12, b'1', NULL, 'TrainingManagementEdit', 'TRAININGMANAGEMENTEDIT'),
	(13, b'1', NULL, 'ItManagementShow', 'ITMANAGEMENTSHOW'),
	(14, b'1', NULL, 'ItManagementEdit', 'ITMANAGEMENTEDIT'),
	(15, b'1', NULL, 'HHRRManagementShow', 'HHRRMANAGEMENTSHOW'),
	(16, b'1', NULL, 'HHRRManagementEdit', 'HHRRMANAGEMENTEDIT'),
	(17, b'1', NULL, 'Operation', 'OPERATION');
/*!40000 ALTER TABLE `role` ENABLE KEYS */;

-- Volcando estructura para tabla bpo.schedule_date
CREATE TABLE IF NOT EXISTS `schedule_date` (
  `id` int(11) NOT NULL AUTO_INCREMENT,
  `active` bit(1) NOT NULL,
  `date` datetime(6) DEFAULT NULL,
  `year` int(11) NOT NULL,
  `month` int(11) NOT NULL,
  `day` int(11) NOT NULL,
  `total_hours` double NOT NULL,
  `working_hours` double NOT NULL,
  `other_hours` double NOT NULL,
  `acronym` varchar(2) DEFAULT NULL,
  `comment` longtext DEFAULT NULL,
  `user_id` int(11) NOT NULL,
  PRIMARY KEY (`id`),
  UNIQUE KEY `ix_schedule_date_user_id_year_month_day` (`user_id`,`year`,`month`,`day`),
  CONSTRAINT `fk_schedule_date_user_user_id` FOREIGN KEY (`user_id`) REFERENCES `user` (`id`) ON DELETE CASCADE
) ENGINE=InnoDB AUTO_INCREMENT=3781 DEFAULT CHARSET=latin1;

-- Volcando datos para la tabla bpo.schedule_date: ~2.169 rows (aproximadamente)
/*!40000 ALTER TABLE `schedule_date` DISABLE KEYS */;
INSERT IGNORE INTO `schedule_date` (`id`, `active`, `date`, `year`, `month`, `day`, `total_hours`, `working_hours`, `other_hours`, `acronym`, `comment`, `user_id`) VALUES
	(1320, b'1', NULL, 2019, 1, 1, 8, 8, 0, 'T', NULL, 2),
	(1321, b'1', NULL, 2019, 8, 20, 8, 8, 0, 'T', NULL, 2),
	(1322, b'1', NULL, 2019, 8, 21, 8, 8, 0, 'T', NULL, 2),
	(1323, b'1', NULL, 2019, 8, 22, 8, 8, 0, 'T', NULL, 2),
	(1324, b'1', NULL, 2019, 8, 23, 8, 8, 0, 'T', NULL, 2),
	(1325, b'1', NULL, 2019, 8, 26, 8, 8, 0, 'T', NULL, 2),
	(1326, b'1', NULL, 2019, 8, 27, 8, 8, 0, 'T', NULL, 2),
	(1327, b'1', NULL, 2019, 8, 28, 8, 8, 0, 'T', NULL, 2),
	(1328, b'1', NULL, 2019, 8, 29, 8, 8, 0, 'T', NULL, 2),
	(1329, b'1', NULL, 2019, 8, 30, 8, 8, 0, 'T', NULL, 2),
	(1330, b'1', NULL, 2019, 9, 2, 8, 8, 0, 'T', NULL, 2),
	(1331, b'1', NULL, 2019, 9, 3, 8, 8, 0, 'T', NULL, 2),
	(1332, b'1', NULL, 2019, 9, 4, 8, 8, 0, 'T', NULL, 2),
	(1333, b'1', NULL, 2019, 9, 5, 8, 8, 0, 'T', NULL, 2),
	(1334, b'1', NULL, 2019, 8, 19, 8, 8, 0, 'T', NULL, 2),
	(1335, b'1', NULL, 2019, 9, 6, 8, 8, 0, 'T', NULL, 2),
	(1336, b'1', NULL, 2019, 9, 10, 8, 8, 0, 'T', NULL, 2),
	(1337, b'1', NULL, 2019, 9, 11, 8, 8, 0, 'T', NULL, 2),
	(1338, b'1', NULL, 2019, 9, 12, 8, 8, 0, 'T', NULL, 2),
	(1339, b'1', NULL, 2019, 9, 13, 8, 8, 0, 'T', NULL, 2),
	(1340, b'1', NULL, 2019, 9, 16, 8, 8, 0, 'T', NULL, 2),
	(1341, b'1', NULL, 2019, 9, 17, 8, 8, 0, 'T', NULL, 2),
	(1342, b'1', NULL, 2019, 9, 18, 8, 8, 0, 'T', NULL, 2),
	(1343, b'1', NULL, 2019, 9, 19, 8, 8, 0, 'T', NULL, 2),
	(1344, b'1', NULL, 2019, 9, 20, 8, 8, 0, 'T', NULL, 2),
	(1345, b'1', NULL, 2019, 9, 23, 8, 8, 0, 'T', NULL, 2),
	(1346, b'1', NULL, 2019, 9, 24, 8, 8, 0, 'T', NULL, 2),
	(1348, b'1', NULL, 2019, 9, 26, 8, 8, 0, 'T', NULL, 2),
	(1349, b'1', NULL, 2019, 9, 9, 8, 8, 0, 'T', NULL, 2),
	(1350, b'1', NULL, 2019, 8, 16, 8, 8, 0, 'T', NULL, 2),
	(1352, b'1', NULL, 2019, 8, 14, 8, 8, 0, 'T', NULL, 2),
	(1353, b'1', NULL, 2019, 7, 4, 8, 8, 0, 'T', NULL, 2),
	(1354, b'1', NULL, 2019, 7, 5, 8, 8, 0, 'T', NULL, 2),
	(1355, b'1', NULL, 2019, 7, 8, 14.5, 8, 0, 'T', '', 2),
	(1356, b'1', NULL, 2019, 7, 9, 8, 8, 0, 'T', NULL, 2),
	(1357, b'1', NULL, 2019, 7, 10, 8, 8, 0, 'T', NULL, 2),
	(1358, b'1', NULL, 2019, 7, 11, 8, 8, 0, 'T', NULL, 2),
	(1359, b'1', NULL, 2019, 7, 12, 8, 8, 0, 'T', NULL, 2),
	(1360, b'1', NULL, 2019, 7, 15, 8, 8, 0, 'T', NULL, 2),
	(1361, b'1', NULL, 2019, 7, 16, 8, 8, 0, 'T', NULL, 2),
	(1362, b'1', NULL, 2019, 7, 17, 8, 8, 0, 'B', '', 2),
	(1363, b'1', NULL, 2019, 7, 18, 8, 8, 0, 'T', NULL, 2),
	(1364, b'1', NULL, 2019, 7, 19, 8, 8, 0, 'T', NULL, 2),
	(1365, b'1', NULL, 2019, 7, 22, 8, 8, 0, 'T', NULL, 2),
	(1366, b'1', NULL, 2019, 7, 23, 8, 8, 0, 'T', NULL, 2),
	(1367, b'1', NULL, 2019, 7, 24, 8, 8, 0, 'T', NULL, 2),
	(1368, b'1', NULL, 2019, 7, 25, 8, 8, 0, 'T', NULL, 2),
	(1369, b'1', NULL, 2019, 7, 26, 8, 8, 0, 'T', NULL, 2),
	(1370, b'1', NULL, 2019, 7, 29, 8, 8, 0, 'T', NULL, 2),
	(1371, b'1', NULL, 2019, 7, 30, 8, 8, 0, 'T', NULL, 2),
	(1372, b'1', NULL, 2019, 7, 31, 8, 8, 0, 'T', NULL, 2),
	(1373, b'1', NULL, 2019, 8, 1, 8, 8, 0, 'T', NULL, 2),
	(1374, b'1', NULL, 2019, 8, 2, 8, 8, 0, 'T', NULL, 2),
	(1375, b'1', NULL, 2019, 8, 5, 8, 8, 0, 'T', NULL, 2),
	(1376, b'1', NULL, 2019, 8, 6, 8, 8, 0, 'T', NULL, 2),
	(1377, b'1', NULL, 2019, 8, 7, 8, 8, 0, 'T', NULL, 2),
	(1378, b'1', NULL, 2019, 8, 8, 8, 8, 0, 'T', NULL, 2),
	(1379, b'1', NULL, 2019, 8, 9, 8, 8, 0, 'T', NULL, 2),
	(1380, b'1', NULL, 2019, 8, 12, 8, 8, 0, 'T', NULL, 2),
	(1381, b'1', NULL, 2019, 8, 13, 8, 8, 0, 'T', NULL, 2),
	(1382, b'1', NULL, 2019, 9, 27, 8, 8, 0, 'T', NULL, 2),
	(1383, b'1', NULL, 2019, 9, 30, 8, 8, 0, 'T', NULL, 2),
	(1384, b'1', NULL, 2019, 10, 1, 8, 8, 0, 'T', NULL, 2),
	(1385, b'1', NULL, 2019, 10, 2, 8, 8, 0, 'T', NULL, 2),
	(1386, b'1', NULL, 2019, 11, 19, 8, 8, 0, 'T', NULL, 2),
	(1387, b'1', NULL, 2019, 11, 20, 8, 8, 0, 'T', NULL, 2),
	(1388, b'1', NULL, 2019, 11, 21, 8, 8, 0, 'T', NULL, 2),
	(1389, b'1', NULL, 2019, 11, 22, 8, 8, 0, 'T', NULL, 2),
	(1390, b'1', NULL, 2019, 11, 25, 8, 8, 0, 'T', NULL, 2),
	(1391, b'1', NULL, 2019, 11, 26, 8, 8, 0, 'T', NULL, 2),
	(1392, b'1', NULL, 2019, 11, 27, 8, 8, 0, 'T', NULL, 2),
	(1393, b'1', NULL, 2019, 11, 28, 8, 8, 0, 'T', NULL, 2),
	(1394, b'1', NULL, 2019, 11, 29, 8, 8, 0, 'T', NULL, 2),
	(1395, b'1', NULL, 2019, 12, 2, 8, 8, 0, 'V', '', 2),
	(1396, b'1', NULL, 2019, 12, 3, 8, 8, 0, 'V', '', 2),
	(1397, b'1', NULL, 2019, 12, 4, 8, 8, 0, 'V', '', 2),
	(1398, b'1', NULL, 2019, 12, 5, 7.5, 8, 0, 'P', '', 2),
	(1399, b'1', NULL, 2019, 12, 6, 8, 8, 0, 'V', '', 2),
	(1400, b'1', NULL, 2019, 12, 9, 8, 8, 0, 'P', '', 2),
	(1401, b'1', NULL, 2019, 12, 10, 8, 8, 0, 'V', '', 2),
	(1402, b'1', NULL, 2019, 12, 11, 8, 8, 0, 'V', '', 2),
	(1403, b'1', NULL, 2019, 12, 12, 8, 8, 0, 'V', '', 2),
	(1404, b'1', NULL, 2019, 12, 13, 8, 8, 0, 'V', '', 2),
	(1405, b'1', NULL, 2019, 12, 16, 8, 8, 0, 'V', '', 2),
	(1406, b'1', NULL, 2019, 12, 17, 8, 8, 0, 'V', '', 2),
	(1407, b'1', NULL, 2019, 12, 18, 8, 8, 0, 'V', '', 2),
	(1408, b'1', NULL, 2019, 12, 19, 8, 8, 0, 'V', '', 2),
	(1409, b'1', NULL, 2019, 12, 20, 8, 8, 0, 'V', '', 2),
	(1410, b'1', NULL, 2019, 12, 23, 8, 8, 0, 'V', '', 2),
	(1411, b'1', NULL, 2019, 12, 24, 8, 8, 0, 'V', '', 2),
	(1414, b'1', NULL, 2019, 12, 27, 8, 8, 0, 'V', '', 2),
	(1415, b'1', NULL, 2019, 11, 18, 8, 8, 0, 'T', NULL, 2),
	(1416, b'1', NULL, 2019, 7, 3, 8, 8, 0, 'T', NULL, 2),
	(1417, b'1', NULL, 2019, 11, 15, 8, 8, 0, 'T', NULL, 2),
	(1418, b'1', NULL, 2019, 11, 13, 8, 8, 0, 'T', NULL, 2),
	(1419, b'1', NULL, 2019, 10, 3, 8, 8, 0, 'T', NULL, 2),
	(1420, b'1', NULL, 2019, 10, 4, 8, 8, 0, 'T', NULL, 2),
	(1421, b'1', NULL, 2019, 10, 7, 8, 8, 0, 'T', NULL, 2),
	(1422, b'1', NULL, 2019, 10, 8, 8, 8, 0, 'T', NULL, 2),
	(1424, b'1', NULL, 2019, 10, 10, 8, 8, 0, 'T', NULL, 2),
	(1425, b'1', NULL, 2019, 10, 11, 8, 8, 0, 'T', NULL, 2),
	(1426, b'1', NULL, 2019, 10, 14, 8, 8, 0, 'T', NULL, 2),
	(1427, b'1', NULL, 2019, 10, 15, 8, 8, 0, 'T', NULL, 2),
	(1428, b'1', NULL, 2019, 10, 16, 8, 8, 0, 'T', NULL, 2),
	(1429, b'1', NULL, 2019, 10, 17, 8, 8, 0, 'T', NULL, 2),
	(1430, b'1', NULL, 2019, 10, 18, 8, 8, 0, 'T', NULL, 2),
	(1431, b'1', NULL, 2019, 10, 21, 8, 8, 0, 'T', NULL, 2),
	(1432, b'1', NULL, 2019, 10, 22, 8, 8, 0, 'T', NULL, 2),
	(1433, b'1', NULL, 2019, 10, 23, 8, 8, 0, 'T', NULL, 2),
	(1434, b'1', NULL, 2019, 10, 24, 8, 8, 0, 'T', NULL, 2),
	(1435, b'1', NULL, 2019, 10, 25, 8, 8, 0, 'T', NULL, 2),
	(1436, b'1', NULL, 2019, 10, 28, 8, 8, 0, 'T', NULL, 2),
	(1437, b'1', NULL, 2019, 10, 29, 8, 8, 0, 'T', NULL, 2),
	(1438, b'1', NULL, 2019, 10, 30, 8, 8, 0, 'T', NULL, 2),
	(1439, b'1', NULL, 2019, 10, 31, 8, 8, 0, 'T', NULL, 2),
	(1440, b'1', NULL, 2019, 11, 1, 8, 8, 0, 'T', NULL, 2),
	(1441, b'1', NULL, 2019, 11, 4, 8, 8, 0, 'T', NULL, 2),
	(1442, b'1', NULL, 2019, 11, 5, 8, 8, 0, 'T', NULL, 2),
	(1443, b'1', NULL, 2019, 11, 6, 8, 8, 0, 'T', NULL, 2),
	(1444, b'1', NULL, 2019, 11, 7, 8, 8, 0, 'T', NULL, 2),
	(1445, b'1', NULL, 2019, 11, 8, 8, 8, 0, 'T', NULL, 2),
	(1446, b'1', NULL, 2019, 11, 11, 8, 8, 0, 'A', '', 2),
	(1447, b'1', NULL, 2019, 11, 12, 8, 8, 0, 'T', '', 2),
	(1448, b'1', NULL, 2019, 11, 14, 8, 8, 0, 'L', '', 2),
	(1449, b'1', NULL, 2019, 12, 30, 8, 8, 0, 'V', '', 2),
	(1450, b'1', NULL, 2019, 7, 2, 8, 8, 0, 'T', NULL, 2),
	(1451, b'1', NULL, 2019, 6, 28, 8, 8, 0, 'T', NULL, 2),
	(1452, b'1', NULL, 2019, 2, 18, 8, 8, 0, 'T', NULL, 2),
	(1453, b'1', NULL, 2019, 2, 19, 8, 8, 0, 'T', NULL, 2),
	(1454, b'1', NULL, 2019, 2, 20, 8, 8, 0, 'T', NULL, 2),
	(1455, b'1', NULL, 2019, 2, 21, 8, 8, 0, 'T', NULL, 2),
	(1456, b'1', NULL, 2019, 2, 22, 8, 8, 0, 'T', NULL, 2),
	(1457, b'1', NULL, 2019, 2, 25, 8, 8, 0, 'T', NULL, 2),
	(1458, b'1', NULL, 2019, 2, 26, 8, 8, 0, 'T', NULL, 2),
	(1459, b'1', NULL, 2019, 2, 27, 8, 8, 0, 'T', NULL, 2),
	(1460, b'1', NULL, 2019, 2, 28, 8, 8, 0, 'T', NULL, 2),
	(1461, b'1', NULL, 2019, 3, 1, 8, 8, 0, 'T', NULL, 2),
	(1462, b'1', NULL, 2019, 3, 4, 8, 8, 0, 'T', NULL, 2),
	(1463, b'1', NULL, 2019, 3, 5, 8, 8, 0, 'T', NULL, 2),
	(1464, b'1', NULL, 2019, 3, 6, 8, 8, 0, 'T', NULL, 2),
	(1465, b'1', NULL, 2019, 2, 15, 8, 8, 0, 'T', NULL, 2),
	(1466, b'1', NULL, 2019, 3, 7, 8, 8, 0, 'T', NULL, 2),
	(1467, b'1', NULL, 2019, 3, 11, 8, 8, 0, 'T', NULL, 2),
	(1468, b'1', NULL, 2019, 3, 12, 8, 8, 0, 'T', NULL, 2),
	(1469, b'1', NULL, 2019, 3, 13, 8, 8, 0, 'T', NULL, 2),
	(1470, b'1', NULL, 2019, 3, 14, 8, 8, 0, 'T', NULL, 2),
	(1471, b'1', NULL, 2019, 3, 15, 8, 8, 0, 'T', NULL, 2),
	(1472, b'1', NULL, 2019, 3, 18, 8, 8, 0, 'T', NULL, 2),
	(1473, b'1', NULL, 2019, 3, 19, 8, 8, 0, 'T', NULL, 2),
	(1474, b'1', NULL, 2019, 3, 20, 8, 8, 0, 'T', NULL, 2),
	(1475, b'1', NULL, 2019, 3, 21, 8, 8, 0, 'T', NULL, 2),
	(1476, b'1', NULL, 2019, 3, 22, 8, 8, 0, 'T', NULL, 2),
	(1477, b'1', NULL, 2019, 3, 25, 8, 8, 0, 'T', NULL, 2),
	(1478, b'1', NULL, 2019, 3, 26, 8, 8, 0, 'T', NULL, 2),
	(1479, b'1', NULL, 2019, 3, 27, 8, 8, 0, 'T', NULL, 2),
	(1480, b'1', NULL, 2019, 3, 8, 8, 8, 0, 'T', NULL, 2),
	(1481, b'1', NULL, 2019, 2, 14, 8, 8, 0, 'T', NULL, 2),
	(1482, b'1', NULL, 2019, 2, 13, 8, 8, 0, 'T', NULL, 2),
	(1484, b'1', NULL, 2019, 1, 2, 8, 8, 0, 'T', NULL, 2),
	(1485, b'1', NULL, 2019, 1, 3, 8, 8, 0, 'T', NULL, 2),
	(1486, b'1', NULL, 2019, 1, 4, 8, 8, 0, 'T', NULL, 2),
	(1487, b'1', NULL, 2019, 1, 7, 8, 8, 0, 'T', NULL, 2),
	(1488, b'1', NULL, 2019, 1, 8, 8, 8, 0, 'T', NULL, 2),
	(1489, b'1', NULL, 2019, 1, 9, 8, 8, 0, 'T', NULL, 2),
	(1490, b'1', NULL, 2019, 1, 10, 8, 8, 0, 'T', NULL, 2),
	(1491, b'1', NULL, 2019, 1, 11, 8, 8, 0, 'T', NULL, 2),
	(1492, b'1', NULL, 2019, 1, 14, 8, 8, 0, 'T', NULL, 2),
	(1493, b'1', NULL, 2019, 1, 15, 8, 8, 0, 'T', NULL, 2),
	(1494, b'1', NULL, 2019, 1, 16, 8, 8, 0, 'T', NULL, 2),
	(1495, b'1', NULL, 2019, 1, 17, 8, 8, 0, 'T', NULL, 2),
	(1496, b'1', NULL, 2019, 1, 18, 8, 8, 0, 'T', NULL, 2),
	(1497, b'1', NULL, 2019, 1, 21, 8, 8, 0, 'T', NULL, 2),
	(1498, b'1', NULL, 2019, 1, 22, 8, 8, 0, 'T', NULL, 2),
	(1499, b'1', NULL, 2019, 1, 23, 8, 8, 0, 'T', NULL, 2),
	(1500, b'1', NULL, 2019, 1, 24, 8, 8, 0, 'T', NULL, 2),
	(1501, b'1', NULL, 2019, 1, 25, 8, 8, 0, 'T', NULL, 2),
	(1502, b'1', NULL, 2019, 1, 28, 8, 8, 0, 'T', NULL, 2),
	(1503, b'1', NULL, 2019, 1, 29, 8, 8, 0, 'T', NULL, 2),
	(1504, b'1', NULL, 2019, 1, 30, 8, 8, 0, 'T', NULL, 2),
	(1505, b'1', NULL, 2019, 1, 31, 8, 8, 0, 'T', NULL, 2),
	(1506, b'1', NULL, 2019, 2, 1, 8, 8, 0, 'T', NULL, 2),
	(1507, b'1', NULL, 2019, 2, 4, 8, 8, 0, 'T', NULL, 2),
	(1508, b'1', NULL, 2019, 2, 5, 8, 8, 0, 'T', NULL, 2),
	(1509, b'1', NULL, 2019, 2, 6, 8, 8, 0, 'T', NULL, 2),
	(1510, b'1', NULL, 2019, 2, 7, 8, 8, 0, 'T', NULL, 2),
	(1511, b'1', NULL, 2019, 2, 8, 8, 8, 0, 'T', NULL, 2),
	(1512, b'1', NULL, 2019, 2, 11, 8, 8, 0, 'T', NULL, 2),
	(1513, b'1', NULL, 2019, 3, 28, 8, 8, 0, 'T', NULL, 2),
	(1514, b'1', NULL, 2019, 3, 29, 8, 8, 0, 'T', NULL, 2),
	(1515, b'1', NULL, 2019, 4, 1, 8, 8, 0, 'T', NULL, 2),
	(1516, b'1', NULL, 2019, 4, 2, 8, 8, 0, 'T', NULL, 2),
	(1517, b'1', NULL, 2019, 5, 20, 8, 8, 0, 'T', NULL, 2),
	(1519, b'1', NULL, 2019, 5, 22, 8, 8, 0, 'T', NULL, 2),
	(1520, b'1', NULL, 2019, 5, 23, 8, 8, 0, 'T', NULL, 2),
	(1521, b'1', NULL, 2019, 5, 24, 8, 8, 0, 'T', NULL, 2),
	(1522, b'1', NULL, 2019, 5, 27, 8, 8, 0, 'T', NULL, 2),
	(1523, b'1', NULL, 2019, 5, 28, 8, 8, 0, 'T', NULL, 2),
	(1524, b'1', NULL, 2019, 5, 29, 8, 8, 0, 'T', NULL, 2),
	(1525, b'1', NULL, 2019, 5, 30, 8, 8, 0, 'T', NULL, 2),
	(1526, b'1', NULL, 2019, 5, 31, 8, 8, 0, 'T', NULL, 2),
	(1527, b'1', NULL, 2019, 6, 3, 8, 8, 0, 'T', NULL, 2),
	(1528, b'1', NULL, 2019, 6, 4, 8, 8, 0, 'T', NULL, 2),
	(1529, b'1', NULL, 2019, 6, 5, 8, 8, 0, 'T', NULL, 2),
	(1530, b'1', NULL, 2019, 6, 6, 8, 8, 0, 'T', NULL, 2),
	(1531, b'1', NULL, 2019, 6, 7, 8, 8, 0, 'T', NULL, 2),
	(1532, b'1', NULL, 2019, 6, 10, 8, 8, 0, 'T', NULL, 2),
	(1533, b'1', NULL, 2019, 6, 11, 8, 8, 0, 'T', NULL, 2),
	(1534, b'1', NULL, 2019, 6, 12, 8, 8, 0, 'T', NULL, 2),
	(1536, b'1', NULL, 2019, 6, 14, 8, 8, 0, 'T', NULL, 2),
	(1537, b'1', NULL, 2019, 6, 17, 8, 8, 0, 'T', NULL, 2),
	(1538, b'1', NULL, 2019, 6, 18, 8, 8, 0, 'T', NULL, 2),
	(1539, b'1', NULL, 2019, 6, 19, 8, 8, 0, 'T', NULL, 2),
	(1540, b'1', NULL, 2019, 6, 20, 8, 8, 0, 'T', NULL, 2),
	(1541, b'1', NULL, 2019, 6, 21, 8, 8, 0, 'T', NULL, 2),
	(1542, b'1', NULL, 2019, 6, 24, 8, 8, 0, 'T', NULL, 2),
	(1543, b'1', NULL, 2019, 6, 25, 8, 8, 0, 'T', NULL, 2),
	(1544, b'1', NULL, 2019, 6, 26, 8, 8, 0, 'T', NULL, 2),
	(1545, b'1', NULL, 2019, 6, 27, 8, 8, 0, 'T', NULL, 2),
	(1546, b'1', NULL, 2019, 5, 17, 8, 8, 0, 'T', NULL, 2),
	(1547, b'1', NULL, 2019, 7, 1, 8, 8, 0, 'T', NULL, 2),
	(1548, b'1', NULL, 2019, 5, 16, 8, 8, 0, 'T', NULL, 2),
	(1549, b'1', NULL, 2019, 5, 14, 8, 8, 0, 'T', NULL, 2),
	(1550, b'1', NULL, 2019, 4, 3, 8, 8, 0, 'T', NULL, 2),
	(1551, b'1', NULL, 2019, 4, 4, 8, 8, 0, 'T', NULL, 2),
	(1552, b'1', NULL, 2019, 4, 5, 8, 8, 0, 'T', NULL, 2),
	(1553, b'1', NULL, 2019, 4, 8, 8, 8, 0, 'T', NULL, 2),
	(1554, b'1', NULL, 2019, 4, 9, 8, 8, 0, 'T', NULL, 2),
	(1555, b'1', NULL, 2019, 4, 10, 8, 8, 0, 'T', NULL, 2),
	(1556, b'1', NULL, 2019, 4, 11, 8, 8, 0, 'T', NULL, 2),
	(1557, b'1', NULL, 2019, 4, 12, 8, 8, 0, 'T', NULL, 2),
	(1558, b'1', NULL, 2019, 4, 15, 8, 8, 0, 'T', NULL, 2),
	(1559, b'1', NULL, 2019, 4, 16, 8, 8, 0, 'T', NULL, 2),
	(1560, b'1', NULL, 2019, 4, 17, 8, 8, 0, 'T', NULL, 2),
	(1561, b'1', NULL, 2019, 4, 18, 8, 8, 0, 'T', NULL, 2),
	(1562, b'1', NULL, 2019, 4, 19, 8, 8, 0, 'T', NULL, 2),
	(1563, b'1', NULL, 2019, 4, 22, 8, 8, 0, 'T', NULL, 2),
	(1564, b'1', NULL, 2019, 4, 23, 8, 8, 0, 'T', NULL, 2),
	(1565, b'1', NULL, 2019, 4, 24, 8, 8, 0, 'T', NULL, 2),
	(1566, b'1', NULL, 2019, 4, 25, 8, 8, 0, 'T', NULL, 2),
	(1567, b'1', NULL, 2019, 4, 26, 8, 8, 0, 'T', NULL, 2),
	(1568, b'1', NULL, 2019, 4, 29, 8, 8, 0, 'T', NULL, 2),
	(1569, b'1', NULL, 2019, 4, 30, 8, 8, 0, 'T', NULL, 2),
	(1570, b'1', NULL, 2019, 5, 1, 8, 8, 0, 'T', NULL, 2),
	(1571, b'1', NULL, 2019, 5, 2, 8, 8, 0, 'T', NULL, 2),
	(1572, b'1', NULL, 2019, 5, 3, 8, 8, 0, 'T', NULL, 2),
	(1573, b'1', NULL, 2019, 5, 6, 8, 8, 0, 'T', NULL, 2),
	(1574, b'1', NULL, 2019, 5, 7, 8, 8, 0, 'T', NULL, 2),
	(1575, b'1', NULL, 2019, 5, 8, 8, 8, 0, 'T', NULL, 2),
	(1576, b'1', NULL, 2019, 5, 9, 8, 8, 0, 'T', NULL, 2),
	(1577, b'1', NULL, 2019, 5, 10, 8, 8, 0, 'T', NULL, 2),
	(1578, b'1', NULL, 2019, 5, 13, 8, 8, 0, 'T', NULL, 2),
	(1579, b'1', NULL, 2019, 5, 15, 8, 8, 0, 'T', NULL, 2),
	(1580, b'1', NULL, 2019, 12, 31, 8, 8, 0, 'V', '', 2),
	(1581, b'1', NULL, 2019, 1, 1, 8, 8, 0, 'T', NULL, 3),
	(1582, b'1', NULL, 2019, 8, 20, 8, 8, 0, 'T', NULL, 3),
	(1583, b'1', NULL, 2019, 8, 21, 8, 8, 0, 'T', NULL, 3),
	(1584, b'1', NULL, 2019, 8, 22, 8, 8, 0, 'T', NULL, 3),
	(1585, b'1', NULL, 2019, 8, 23, 8, 8, 0, 'T', NULL, 3),
	(1586, b'1', NULL, 2019, 8, 26, 8, 8, 0, 'T', NULL, 3),
	(1587, b'1', NULL, 2019, 8, 27, 8, 8, 0, 'T', NULL, 3),
	(1588, b'1', NULL, 2019, 8, 28, 8, 8, 0, 'T', NULL, 3),
	(1589, b'1', NULL, 2019, 8, 29, 8, 8, 0, 'T', NULL, 3),
	(1590, b'1', NULL, 2019, 8, 30, 8, 8, 0, 'T', NULL, 3),
	(1591, b'1', NULL, 2019, 9, 2, 8, 8, 0, 'T', NULL, 3),
	(1592, b'1', NULL, 2019, 9, 3, 8, 8, 0, 'T', NULL, 3),
	(1593, b'1', NULL, 2019, 9, 4, 8, 8, 0, 'T', NULL, 3),
	(1594, b'1', NULL, 2019, 9, 5, 8, 8, 0, 'T', NULL, 3),
	(1595, b'1', NULL, 2019, 8, 19, 8, 8, 0, 'T', NULL, 3),
	(1596, b'1', NULL, 2019, 9, 6, 8, 8, 0, 'T', NULL, 3),
	(1597, b'1', NULL, 2019, 9, 10, 8, 8, 0, 'T', NULL, 3),
	(1598, b'1', NULL, 2019, 9, 11, 8, 8, 0, 'T', NULL, 3),
	(1599, b'1', NULL, 2019, 9, 12, 8, 8, 0, 'T', NULL, 3),
	(1600, b'1', NULL, 2019, 9, 13, 8, 8, 0, 'T', NULL, 3),
	(1601, b'1', NULL, 2019, 9, 16, 8, 8, 0, 'T', NULL, 3),
	(1602, b'1', NULL, 2019, 9, 17, 8, 8, 0, 'T', NULL, 3),
	(1603, b'1', NULL, 2019, 9, 18, 8, 8, 0, 'T', NULL, 3),
	(1604, b'1', NULL, 2019, 9, 19, 8, 8, 0, 'T', NULL, 3),
	(1605, b'1', NULL, 2019, 9, 20, 8, 8, 0, 'T', NULL, 3),
	(1606, b'1', NULL, 2019, 9, 23, 8, 8, 0, 'T', NULL, 3),
	(1607, b'1', NULL, 2019, 9, 24, 8, 8, 0, 'T', NULL, 3),
	(1608, b'1', NULL, 2019, 9, 25, 8, 8, 0, 'T', NULL, 3),
	(1609, b'1', NULL, 2019, 9, 26, 8, 8, 0, 'T', NULL, 3),
	(1610, b'1', NULL, 2019, 9, 9, 8, 8, 0, 'T', NULL, 3),
	(1611, b'1', NULL, 2019, 8, 16, 8, 8, 0, 'T', NULL, 3),
	(1612, b'1', NULL, 2019, 8, 15, 8, 8, 0, 'T', NULL, 3),
	(1613, b'1', NULL, 2019, 8, 14, 8, 8, 0, 'T', NULL, 3),
	(1614, b'1', NULL, 2019, 7, 4, 8, 8, 0, 'T', NULL, 3),
	(1615, b'1', NULL, 2019, 7, 5, 8, 8, 0, 'T', NULL, 3),
	(1621, b'1', NULL, 2019, 7, 15, 8, 8, 0, 'T', NULL, 3),
	(1622, b'1', NULL, 2019, 7, 16, 8, 8, 0, 'T', NULL, 3),
	(1623, b'1', NULL, 2019, 7, 17, 8, 8, 0, 'T', NULL, 3),
	(1624, b'1', NULL, 2019, 7, 18, 8, 8, 0, 'T', NULL, 3),
	(1625, b'1', NULL, 2019, 7, 19, 8, 8, 0, 'T', NULL, 3),
	(1626, b'1', NULL, 2019, 7, 22, 8, 8, 0, 'T', NULL, 3),
	(1627, b'1', NULL, 2019, 7, 23, 8, 8, 0, 'L', '', 3),
	(1628, b'1', NULL, 2019, 7, 24, 8, 8, 0, 'T', NULL, 3),
	(1629, b'1', NULL, 2019, 7, 25, 8, 8, 0, 'T', NULL, 3),
	(1630, b'1', NULL, 2019, 7, 26, 8, 8, 0, 'T', NULL, 3),
	(1631, b'1', NULL, 2019, 7, 29, 8, 8, 0, 'T', NULL, 3),
	(1632, b'1', NULL, 2019, 7, 30, 8, 8, 0, 'T', NULL, 3),
	(1633, b'1', NULL, 2019, 7, 31, 8, 8, 0, 'T', NULL, 3),
	(1634, b'1', NULL, 2019, 8, 1, 8, 8, 0, 'T', NULL, 3),
	(1635, b'1', NULL, 2019, 8, 2, 8, 8, 0, 'T', NULL, 3),
	(1636, b'1', NULL, 2019, 8, 5, 8, 8, 0, 'T', NULL, 3),
	(1637, b'1', NULL, 2019, 8, 6, 8, 8, 0, 'T', NULL, 3),
	(1638, b'1', NULL, 2019, 8, 7, 8, 8, 0, 'T', NULL, 3),
	(1639, b'1', NULL, 2019, 8, 8, 8, 8, 0, 'T', NULL, 3),
	(1640, b'1', NULL, 2019, 8, 9, 8, 8, 0, 'T', NULL, 3),
	(1641, b'1', NULL, 2019, 8, 12, 8, 8, 0, 'T', NULL, 3),
	(1642, b'1', NULL, 2019, 8, 13, 8, 8, 0, 'T', NULL, 3),
	(1643, b'1', NULL, 2019, 9, 27, 8, 8, 0, 'T', NULL, 3),
	(1644, b'1', NULL, 2019, 9, 30, 8, 8, 0, 'T', NULL, 3),
	(1645, b'1', NULL, 2019, 10, 1, 8, 8, 0, 'T', NULL, 3),
	(1646, b'1', NULL, 2019, 10, 2, 8, 8, 0, 'T', NULL, 3),
	(1647, b'1', NULL, 2019, 11, 19, 8, 8, 0, 'T', NULL, 3),
	(1648, b'1', NULL, 2019, 11, 20, 8, 8, 0, 'T', NULL, 3),
	(1649, b'1', NULL, 2019, 11, 21, 8, 8, 0, 'T', NULL, 3),
	(1650, b'1', NULL, 2019, 11, 22, 8, 8, 0, 'T', NULL, 3),
	(1651, b'1', NULL, 2019, 11, 25, 8, 8, 0, 'T', NULL, 3),
	(1652, b'1', NULL, 2019, 11, 26, 8, 8, 0, 'T', NULL, 3),
	(1653, b'1', NULL, 2019, 11, 27, 8, 8, 0, 'T', NULL, 3),
	(1654, b'1', NULL, 2019, 11, 28, 8, 8, 0, 'T', NULL, 3),
	(1655, b'1', NULL, 2019, 11, 29, 8, 8, 0, 'T', NULL, 3),
	(1656, b'1', NULL, 2019, 12, 2, 8, 8, 0, 'T', NULL, 3),
	(1657, b'1', NULL, 2019, 12, 3, 8, 8, 0, 'T', NULL, 3),
	(1658, b'1', NULL, 2019, 12, 4, 8, 8, 0, 'T', NULL, 3),
	(1659, b'1', NULL, 2019, 12, 5, 8, 8, 0, 'T', NULL, 3),
	(1660, b'1', NULL, 2019, 12, 6, 8, 8, 0, 'T', NULL, 3),
	(1661, b'1', NULL, 2019, 12, 9, 8, 8, 0, 'S', '', 3),
	(1662, b'1', NULL, 2019, 12, 10, 8, 8, 0, 'T', NULL, 3),
	(1663, b'1', NULL, 2019, 12, 11, 8, 8, 0, 'T', NULL, 3),
	(1664, b'1', NULL, 2019, 12, 12, 8, 8, 0, 'T', NULL, 3),
	(1665, b'1', NULL, 2019, 12, 13, 8, 8, 0, 'T', NULL, 3),
	(1666, b'1', NULL, 2019, 12, 16, 8, 8, 0, 'T', NULL, 3),
	(1667, b'1', NULL, 2019, 12, 17, 8, 8, 0, 'T', NULL, 3),
	(1668, b'1', NULL, 2019, 12, 18, 8, 8, 0, 'T', NULL, 3),
	(1669, b'1', NULL, 2019, 12, 19, 8, 8, 0, 'T', NULL, 3),
	(1670, b'1', NULL, 2019, 12, 20, 8, 8, 0, 'T', NULL, 3),
	(1671, b'1', NULL, 2019, 12, 23, 8, 8, 0, 'T', NULL, 3),
	(1672, b'1', NULL, 2019, 12, 24, 8, 8, 0, 'T', NULL, 3),
	(1673, b'1', NULL, 2019, 12, 25, 8, 8, 0, 'T', NULL, 3),
	(1674, b'1', NULL, 2019, 12, 26, 8, 8, 0, 'T', NULL, 3),
	(1675, b'1', NULL, 2019, 12, 27, 8, 8, 0, 'T', NULL, 3),
	(1676, b'1', NULL, 2019, 11, 18, 8, 8, 0, 'T', NULL, 3),
	(1677, b'1', NULL, 2019, 7, 3, 8, 8, 0, 'T', NULL, 3),
	(1678, b'1', NULL, 2019, 11, 15, 8, 8, 0, 'T', NULL, 3),
	(1679, b'1', NULL, 2019, 11, 13, 8, 8, 0, 'T', NULL, 3),
	(1680, b'1', NULL, 2019, 10, 3, 8, 8, 0, 'T', NULL, 3),
	(1681, b'1', NULL, 2019, 10, 4, 8, 8, 0, 'T', NULL, 3),
	(1682, b'1', NULL, 2019, 10, 7, 8, 8, 0, 'T', NULL, 3),
	(1683, b'1', NULL, 2019, 10, 8, 8, 8, 0, 'T', NULL, 3),
	(1684, b'1', NULL, 2019, 10, 9, 8, 8, 0, 'T', NULL, 3),
	(1685, b'1', NULL, 2019, 10, 10, 8, 8, 0, 'T', NULL, 3),
	(1686, b'1', NULL, 2019, 10, 11, 8, 8, 0, 'T', NULL, 3),
	(1687, b'1', NULL, 2019, 10, 14, 8, 8, 0, 'T', NULL, 3),
	(1688, b'1', NULL, 2019, 10, 15, 8, 8, 0, 'T', NULL, 3),
	(1689, b'1', NULL, 2019, 10, 16, 8, 8, 0, 'T', NULL, 3),
	(1690, b'1', NULL, 2019, 10, 17, 8, 8, 0, 'T', NULL, 3),
	(1691, b'1', NULL, 2019, 10, 18, 8, 8, 0, 'T', NULL, 3),
	(1692, b'1', NULL, 2019, 10, 21, 8, 8, 0, 'T', NULL, 3),
	(1693, b'1', NULL, 2019, 10, 22, 8, 8, 0, 'T', NULL, 3),
	(1694, b'1', NULL, 2019, 10, 23, 8, 8, 0, 'T', NULL, 3),
	(1695, b'1', NULL, 2019, 10, 24, 8, 8, 0, 'T', NULL, 3),
	(1696, b'1', NULL, 2019, 10, 25, 8, 8, 0, 'T', NULL, 3),
	(1697, b'1', NULL, 2019, 10, 28, 8, 8, 0, 'T', NULL, 3),
	(1698, b'1', NULL, 2019, 10, 29, 8, 8, 0, 'T', NULL, 3),
	(1699, b'1', NULL, 2019, 10, 30, 8, 8, 0, 'T', NULL, 3),
	(1700, b'1', NULL, 2019, 10, 31, 8, 8, 0, 'T', NULL, 3),
	(1701, b'1', NULL, 2019, 11, 1, 8, 8, 0, 'T', NULL, 3),
	(1702, b'1', NULL, 2019, 11, 4, 8, 8, 0, 'T', NULL, 3),
	(1703, b'1', NULL, 2019, 11, 5, 8, 8, 0, 'T', NULL, 3),
	(1704, b'1', NULL, 2019, 11, 6, 8, 8, 0, 'T', NULL, 3),
	(1705, b'1', NULL, 2019, 11, 7, 8, 8, 0, 'T', NULL, 3),
	(1706, b'1', NULL, 2019, 11, 8, 8, 8, 0, 'T', NULL, 3),
	(1707, b'1', NULL, 2019, 11, 11, 8, 8, 0, 'T', NULL, 3),
	(1708, b'1', NULL, 2019, 11, 12, 8, 8, 0, 'T', NULL, 3),
	(1709, b'1', NULL, 2019, 11, 14, 8, 8, 0, 'T', NULL, 3),
	(1710, b'1', NULL, 2019, 12, 30, 8, 8, 0, 'T', NULL, 3),
	(1711, b'1', NULL, 2019, 7, 2, 8, 8, 0, 'T', NULL, 3),
	(1712, b'1', NULL, 2019, 6, 28, 8, 8, 0, 'T', NULL, 3),
	(1713, b'1', NULL, 2019, 2, 18, 8, 8, 0, 'T', NULL, 3),
	(1714, b'1', NULL, 2019, 2, 19, 8, 8, 0, 'T', NULL, 3),
	(1715, b'1', NULL, 2019, 2, 20, 8, 8, 0, 'M', '', 3),
	(1716, b'1', NULL, 2019, 2, 21, 8, 8, 0, 'T', NULL, 3),
	(1717, b'1', NULL, 2019, 2, 22, 8, 8, 0, 'T', NULL, 3),
	(1718, b'1', NULL, 2019, 2, 25, 8, 8, 0, 'T', NULL, 3),
	(1719, b'1', NULL, 2019, 2, 26, 8, 8, 0, 'T', NULL, 3),
	(1720, b'1', NULL, 2019, 2, 27, 8, 8, 0, 'T', NULL, 3),
	(1721, b'1', NULL, 2019, 2, 28, 8, 8, 0, 'T', NULL, 3),
	(1722, b'1', NULL, 2019, 3, 1, 8, 8, 0, 'T', NULL, 3),
	(1723, b'1', NULL, 2019, 3, 4, 8, 8, 0, 'T', NULL, 3),
	(1724, b'1', NULL, 2019, 3, 5, 8, 8, 0, 'T', NULL, 3),
	(1725, b'1', NULL, 2019, 3, 6, 8, 8, 0, 'T', NULL, 3),
	(1726, b'1', NULL, 2019, 2, 15, 8, 8, 0, 'T', NULL, 3),
	(1727, b'1', NULL, 2019, 3, 7, 8, 8, 0, 'T', NULL, 3),
	(1728, b'1', NULL, 2019, 3, 11, 7, 8, 0, 'T', '', 3),
	(1729, b'1', NULL, 2019, 3, 12, 8, 8, 0, 'T', NULL, 3),
	(1730, b'1', NULL, 2019, 3, 13, 6, 8, 0, 'M', '', 3),
	(1731, b'1', NULL, 2019, 3, 14, 8, 8, 0, 'T', NULL, 3),
	(1732, b'1', NULL, 2019, 3, 15, 8, 8, 0, 'T', NULL, 3),
	(1733, b'1', NULL, 2019, 3, 18, 8, 8, 0, 'T', NULL, 3),
	(1734, b'1', NULL, 2019, 3, 19, 8, 8, 0, 'T', NULL, 3),
	(1735, b'1', NULL, 2019, 3, 20, 8, 8, 0, 'T', NULL, 3),
	(1736, b'1', NULL, 2019, 3, 21, 4.5, 8, 0, 'S', '', 3),
	(1737, b'1', NULL, 2019, 3, 22, 8, 8, 0, 'T', NULL, 3),
	(1738, b'1', NULL, 2019, 3, 25, 8, 8, 0, 'T', NULL, 3),
	(1739, b'1', NULL, 2019, 3, 26, 8, 8, 0, 'T', NULL, 3),
	(1740, b'1', NULL, 2019, 3, 27, 8, 8, 0, 'T', NULL, 3),
	(1741, b'1', NULL, 2019, 3, 8, 8, 8, 0, 'T', NULL, 3),
	(1742, b'1', NULL, 2019, 2, 14, 8, 8, 0, 'T', NULL, 3),
	(1743, b'1', NULL, 2019, 2, 13, 8, 8, 0, 'T', NULL, 3),
	(1744, b'1', NULL, 2019, 2, 12, 8, 8, 0, 'T', NULL, 3),
	(1745, b'1', NULL, 2019, 1, 2, 8, 8, 0, 'T', NULL, 3),
	(1746, b'1', NULL, 2019, 1, 3, 8, 8, 0, 'Y', '', 3),
	(1747, b'1', NULL, 2019, 1, 4, 8, 8, 0, 'Y', '', 3),
	(1748, b'1', NULL, 2019, 1, 7, 8, 8, 0, 'T', NULL, 3),
	(1749, b'1', NULL, 2019, 1, 8, 8, 8, 0, 'T', NULL, 3),
	(1750, b'1', NULL, 2019, 1, 9, 8, 8, 0, 'T', NULL, 3),
	(1751, b'1', NULL, 2019, 1, 10, 8, 8, 0, 'T', NULL, 3),
	(1752, b'1', NULL, 2019, 1, 11, 8, 8, 0, 'T', NULL, 3),
	(1753, b'1', NULL, 2019, 1, 14, 8, 8, 0, 'T', NULL, 3),
	(1754, b'1', NULL, 2019, 1, 15, 8, 8, 0, 'T', NULL, 3),
	(1755, b'1', NULL, 2019, 1, 16, 8, 8, 0, 'T', NULL, 3),
	(1756, b'1', NULL, 2019, 1, 17, 8, 8, 0, 'T', NULL, 3),
	(1757, b'1', NULL, 2019, 1, 18, 8, 8, 0, 'T', NULL, 3),
	(1758, b'1', NULL, 2019, 1, 21, 8, 8, 0, 'T', NULL, 3),
	(1759, b'1', NULL, 2019, 1, 22, 8, 8, 0, 'T', NULL, 3),
	(1760, b'1', NULL, 2019, 1, 23, 8, 8, 0, 'T', NULL, 3),
	(1761, b'1', NULL, 2019, 1, 24, 8, 8, 0, 'T', NULL, 3),
	(1762, b'1', NULL, 2019, 1, 25, 8, 8, 0, 'T', NULL, 3),
	(1763, b'1', NULL, 2019, 1, 28, 8, 8, 0, 'T', NULL, 3),
	(1764, b'1', NULL, 2019, 1, 29, 8, 8, 0, 'T', NULL, 3),
	(1765, b'1', NULL, 2019, 1, 30, 8, 8, 0, 'T', NULL, 3),
	(1766, b'1', NULL, 2019, 1, 31, 8, 8, 0, 'T', NULL, 3),
	(1767, b'1', NULL, 2019, 2, 1, 8, 8, 0, 'T', NULL, 3),
	(1768, b'1', NULL, 2019, 2, 4, 8, 8, 0, 'T', NULL, 3),
	(1769, b'1', NULL, 2019, 2, 5, 8, 8, 0, 'T', NULL, 3),
	(1770, b'1', NULL, 2019, 2, 6, 8, 8, 0, 'T', NULL, 3),
	(1771, b'1', NULL, 2019, 2, 7, 8, 8, 0, 'T', NULL, 3),
	(1772, b'1', NULL, 2019, 2, 8, 8, 8, 0, 'T', NULL, 3),
	(1773, b'1', NULL, 2019, 2, 11, 8, 8, 0, 'T', NULL, 3),
	(1774, b'1', NULL, 2019, 3, 28, 8, 8, 0, 'T', NULL, 3),
	(1775, b'1', NULL, 2019, 3, 29, 8, 8, 0, 'T', NULL, 3),
	(1776, b'1', NULL, 2019, 4, 1, 8, 8, 0, 'T', NULL, 3),
	(1777, b'1', NULL, 2019, 4, 2, 8, 8, 0, 'T', NULL, 3),
	(1778, b'1', NULL, 2019, 5, 20, 8, 8, 0, 'T', NULL, 3),
	(1779, b'1', NULL, 2019, 5, 21, 8, 8, 0, 'T', NULL, 3),
	(1780, b'1', NULL, 2019, 5, 22, 8, 8, 0, 'B', '', 3),
	(1781, b'1', NULL, 2019, 5, 23, 8, 8, 0, 'B', '', 3),
	(1782, b'1', NULL, 2019, 5, 24, 8, 8, 0, 'B', '', 3),
	(1783, b'1', NULL, 2019, 5, 27, 8, 8, 0, 'T', NULL, 3),
	(1784, b'1', NULL, 2019, 5, 28, 8, 8, 0, 'T', NULL, 3),
	(1785, b'1', NULL, 2019, 5, 29, 8, 8, 0, 'T', NULL, 3),
	(1786, b'1', NULL, 2019, 5, 30, 8, 8, 0, 'T', NULL, 3),
	(1787, b'1', NULL, 2019, 5, 31, 8, 8, 0, 'T', NULL, 3),
	(1788, b'1', NULL, 2019, 6, 3, 8, 8, 0, 'T', NULL, 3),
	(1789, b'1', NULL, 2019, 6, 4, 8, 8, 0, 'T', NULL, 3),
	(1790, b'1', NULL, 2019, 6, 5, 8, 8, 0, 'T', NULL, 3),
	(1791, b'1', NULL, 2019, 6, 6, 8, 8, 0, 'T', NULL, 3),
	(1792, b'1', NULL, 2019, 6, 7, 8, 8, 0, 'T', NULL, 3),
	(1793, b'1', NULL, 2019, 6, 10, 7, 8, 0, 'V', '', 3),
	(1794, b'1', NULL, 2019, 6, 11, 7, 8, 0, 'V', '', 3),
	(1795, b'1', NULL, 2019, 6, 12, 7, 8, 0, 'V', '', 3),
	(1796, b'1', NULL, 2019, 6, 13, 7, 8, 0, 'V', '', 3),
	(1797, b'1', NULL, 2019, 6, 14, 7, 8, 0, 'V', '', 3),
	(1798, b'1', NULL, 2019, 6, 17, 8, 8, 0, 'T', '', 3),
	(1799, b'1', NULL, 2019, 6, 18, 8, 8, 0, 'T', '', 3),
	(1800, b'1', NULL, 2019, 6, 19, 8, 8, 0, 'T', '', 3),
	(1801, b'1', NULL, 2019, 6, 20, 8, 8, 0, 'T', '', 3),
	(1802, b'1', NULL, 2019, 6, 21, 8, 8, 0, 'T', '', 3),
	(1803, b'1', NULL, 2019, 6, 24, 8, 8, 0, 'T', NULL, 3),
	(1804, b'1', NULL, 2019, 6, 25, 8, 8, 0, 'T', NULL, 3),
	(1805, b'1', NULL, 2019, 6, 26, 8, 8, 0, 'T', NULL, 3),
	(1806, b'1', NULL, 2019, 6, 27, 8, 8, 0, 'T', NULL, 3),
	(1807, b'1', NULL, 2019, 5, 17, 8, 8, 0, 'T', NULL, 3),
	(1808, b'1', NULL, 2019, 7, 1, 8, 8, 0, 'T', NULL, 3),
	(1809, b'1', NULL, 2019, 5, 16, 8, 8, 0, 'T', NULL, 3),
	(1810, b'1', NULL, 2019, 5, 14, 8, 8, 0, 'T', NULL, 3),
	(1811, b'1', NULL, 2019, 4, 3, 8, 8, 0, 'T', NULL, 3),
	(1812, b'1', NULL, 2019, 4, 4, 8, 8, 0, 'T', NULL, 3),
	(1813, b'1', NULL, 2019, 4, 5, 8, 8, 0, 'T', NULL, 3),
	(1814, b'1', NULL, 2019, 4, 8, 8, 8, 0, 'T', NULL, 3),
	(1815, b'1', NULL, 2019, 4, 9, 8, 8, 0, 'T', NULL, 3),
	(1816, b'1', NULL, 2019, 4, 10, 8, 8, 0, 'L', '', 3),
	(1817, b'1', NULL, 2019, 4, 11, 8, 8, 0, 'L', '', 3),
	(1818, b'1', NULL, 2019, 4, 12, 8, 8, 0, 'T', NULL, 3),
	(1819, b'1', NULL, 2019, 4, 15, 8, 8, 0, 'T', NULL, 3),
	(1820, b'1', NULL, 2019, 4, 16, 8, 8, 0, 'T', NULL, 3),
	(1821, b'1', NULL, 2019, 4, 17, 8, 8, 0, 'T', NULL, 3),
	(1822, b'1', NULL, 2019, 4, 18, 8, 8, 0, 'T', NULL, 3),
	(1823, b'1', NULL, 2019, 4, 19, 8, 8, 0, 'T', NULL, 3),
	(1824, b'1', NULL, 2019, 4, 22, 8, 8, 0, 'T', NULL, 3),
	(1825, b'1', NULL, 2019, 4, 23, 8, 8, 0, 'T', NULL, 3),
	(1826, b'1', NULL, 2019, 4, 24, 8, 8, 0, 'T', NULL, 3),
	(1827, b'1', NULL, 2019, 4, 25, 8, 8, 0, 'T', NULL, 3),
	(1828, b'1', NULL, 2019, 4, 26, 8, 8, 0, 'T', NULL, 3),
	(1829, b'1', NULL, 2019, 4, 29, 8, 8, 0, 'T', NULL, 3),
	(1830, b'1', NULL, 2019, 4, 30, 8, 8, 0, 'P', '', 3),
	(1831, b'1', NULL, 2019, 5, 1, 8, 8, 0, 'T', NULL, 3),
	(1832, b'1', NULL, 2019, 5, 2, 8, 8, 0, 'T', NULL, 3),
	(1833, b'1', NULL, 2019, 5, 3, 8, 8, 0, 'T', NULL, 3),
	(1834, b'1', NULL, 2019, 5, 6, 8, 8, 0, 'T', NULL, 3),
	(1835, b'1', NULL, 2019, 5, 7, 8, 8, 0, 'T', NULL, 3),
	(1836, b'1', NULL, 2019, 5, 8, 8, 8, 0, 'T', NULL, 3),
	(1837, b'1', NULL, 2019, 5, 9, 8, 8, 0, 'T', NULL, 3),
	(1838, b'1', NULL, 2019, 5, 10, 8, 8, 0, 'T', NULL, 3),
	(1839, b'1', NULL, 2019, 5, 13, 8, 8, 0, 'T', NULL, 3),
	(1840, b'1', NULL, 2019, 5, 15, 8, 8, 0, 'T', NULL, 3),
	(1841, b'1', NULL, 2019, 12, 31, 8, 8, 0, 'T', NULL, 3),
	(2103, b'1', NULL, 2019, 1, 1, 8, 8, 0, 'T', NULL, 4),
	(2104, b'1', NULL, 2019, 8, 20, 8, 8, 0, 'T', NULL, 4),
	(2105, b'1', NULL, 2019, 8, 21, 8, 8, 0, 'T', NULL, 4),
	(2106, b'1', NULL, 2019, 8, 22, 8, 8, 0, 'T', NULL, 4),
	(2107, b'1', NULL, 2019, 8, 23, 8, 8, 0, 'T', NULL, 4),
	(2108, b'1', NULL, 2019, 8, 26, 8, 8, 0, 'T', NULL, 4),
	(2109, b'1', NULL, 2019, 8, 27, 8, 8, 0, 'T', NULL, 4),
	(2110, b'1', NULL, 2019, 8, 28, 8, 8, 0, 'T', NULL, 4),
	(2111, b'1', NULL, 2019, 8, 29, 8, 8, 0, 'T', NULL, 4),
	(2112, b'1', NULL, 2019, 8, 30, 8, 8, 0, 'T', NULL, 4),
	(2113, b'1', NULL, 2019, 9, 2, 8, 8, 0, 'T', NULL, 4),
	(2114, b'1', NULL, 2019, 9, 3, 8, 8, 0, 'T', NULL, 4),
	(2115, b'1', NULL, 2019, 9, 4, 8, 8, 0, 'T', NULL, 4),
	(2116, b'1', NULL, 2019, 9, 5, 8, 8, 0, 'T', NULL, 4),
	(2117, b'1', NULL, 2019, 8, 19, 8, 8, 0, 'T', NULL, 4),
	(2118, b'1', NULL, 2019, 9, 6, 8, 8, 0, 'T', NULL, 4),
	(2119, b'1', NULL, 2019, 9, 10, 8, 8, 0, 'T', NULL, 4),
	(2120, b'1', NULL, 2019, 9, 11, 8, 8, 0, 'T', NULL, 4),
	(2121, b'1', NULL, 2019, 9, 12, 8, 8, 0, 'T', NULL, 4),
	(2122, b'1', NULL, 2019, 9, 13, 8, 8, 0, 'T', NULL, 4),
	(2123, b'1', NULL, 2019, 9, 16, 8, 8, 0, 'T', NULL, 4),
	(2124, b'1', NULL, 2019, 9, 17, 8, 8, 0, 'T', NULL, 4),
	(2125, b'1', NULL, 2019, 9, 18, 8, 8, 0, 'T', NULL, 4),
	(2126, b'1', NULL, 2019, 9, 19, 8, 8, 0, 'T', NULL, 4),
	(2127, b'1', NULL, 2019, 9, 20, 8, 8, 0, 'T', NULL, 4),
	(2128, b'1', NULL, 2019, 9, 23, 8, 8, 0, 'T', NULL, 4),
	(2129, b'1', NULL, 2019, 9, 24, 8, 8, 0, 'T', NULL, 4),
	(2130, b'1', NULL, 2019, 9, 25, 8, 8, 0, 'T', NULL, 4),
	(2131, b'1', NULL, 2019, 9, 26, 8, 8, 0, 'T', NULL, 4),
	(2132, b'1', NULL, 2019, 9, 9, 8, 8, 0, 'T', NULL, 4),
	(2133, b'1', NULL, 2019, 8, 16, 8, 8, 0, 'T', NULL, 4),
	(2134, b'1', NULL, 2019, 8, 15, 8, 8, 0, 'T', NULL, 4),
	(2135, b'1', NULL, 2019, 8, 14, 8, 8, 0, 'T', NULL, 4),
	(2136, b'1', NULL, 2019, 7, 4, 8, 8, 0, 'T', NULL, 4),
	(2137, b'1', NULL, 2019, 7, 5, 8, 8, 0, 'T', NULL, 4),
	(2138, b'1', NULL, 2019, 7, 8, 6.5, 8, 0, 'V', '', 4),
	(2139, b'1', NULL, 2019, 7, 9, 6.5, 8, 0, 'V', '', 4),
	(2140, b'1', NULL, 2019, 7, 10, 6.5, 8, 0, 'V', '', 4),
	(2141, b'1', NULL, 2019, 7, 11, 8, 8, 0, 'T', NULL, 4),
	(2142, b'1', NULL, 2019, 7, 12, 8, 8, 0, 'T', NULL, 4),
	(2143, b'1', NULL, 2019, 7, 15, 8, 8, 0, 'T', NULL, 4),
	(2144, b'1', NULL, 2019, 7, 16, 8, 8, 0, 'T', NULL, 4),
	(2145, b'1', NULL, 2019, 7, 17, 8, 8, 0, 'T', NULL, 4),
	(2146, b'1', NULL, 2019, 7, 18, 8, 8, 0, 'T', NULL, 4),
	(2147, b'1', NULL, 2019, 7, 19, 8, 8, 0, 'T', NULL, 4),
	(2148, b'1', NULL, 2019, 7, 22, 8, 8, 0, 'T', NULL, 4),
	(2149, b'1', NULL, 2019, 7, 23, 8, 8, 0, 'T', NULL, 4),
	(2150, b'1', NULL, 2019, 7, 24, 8, 8, 0, 'T', NULL, 4),
	(2151, b'1', NULL, 2019, 7, 25, 8, 8, 0, 'T', NULL, 4),
	(2152, b'1', NULL, 2019, 7, 26, 8, 8, 0, 'T', NULL, 4),
	(2153, b'1', NULL, 2019, 7, 29, 8, 8, 0, 'T', NULL, 4),
	(2154, b'1', NULL, 2019, 7, 30, 8, 8, 0, 'T', NULL, 4),
	(2155, b'1', NULL, 2019, 7, 31, 8, 8, 0, 'T', NULL, 4),
	(2156, b'1', NULL, 2019, 8, 1, 8, 8, 0, 'T', NULL, 4),
	(2157, b'1', NULL, 2019, 8, 2, 8, 8, 0, 'T', NULL, 4),
	(2158, b'1', NULL, 2019, 8, 5, 8, 8, 0, 'T', NULL, 4),
	(2159, b'1', NULL, 2019, 8, 6, 8, 8, 0, 'T', NULL, 4),
	(2160, b'1', NULL, 2019, 8, 7, 8, 8, 0, 'T', NULL, 4),
	(2161, b'1', NULL, 2019, 8, 8, 8, 8, 0, 'T', NULL, 4),
	(2162, b'1', NULL, 2019, 8, 9, 8, 8, 0, 'T', NULL, 4),
	(2163, b'1', NULL, 2019, 8, 12, 8, 8, 0, 'T', NULL, 4),
	(2164, b'1', NULL, 2019, 8, 13, 8, 8, 0, 'T', NULL, 4),
	(2165, b'1', NULL, 2019, 9, 27, 8, 8, 0, 'T', NULL, 4),
	(2166, b'1', NULL, 2019, 9, 30, 8, 8, 0, 'T', NULL, 4),
	(2167, b'1', NULL, 2019, 10, 1, 8, 8, 0, 'T', NULL, 4),
	(2168, b'1', NULL, 2019, 10, 2, 8, 8, 0, 'T', NULL, 4),
	(2169, b'1', NULL, 2019, 11, 19, 8, 8, 0, 'T', NULL, 4),
	(2170, b'1', NULL, 2019, 11, 20, 8, 8, 0, 'T', NULL, 4),
	(2171, b'1', NULL, 2019, 11, 21, 8, 8, 0, 'T', NULL, 4),
	(2172, b'1', NULL, 2019, 11, 22, 8, 8, 0, 'T', NULL, 4),
	(2173, b'1', NULL, 2019, 11, 25, 8, 8, 0, 'T', NULL, 4),
	(2174, b'1', NULL, 2019, 11, 26, 8, 8, 0, 'T', NULL, 4),
	(2175, b'1', NULL, 2019, 11, 27, 8, 8, 0, 'T', NULL, 4),
	(2176, b'1', NULL, 2019, 11, 28, 8, 8, 0, 'T', NULL, 4),
	(2177, b'1', NULL, 2019, 11, 29, 8, 8, 0, 'T', NULL, 4),
	(2198, b'1', NULL, 2019, 11, 18, 8, 8, 0, 'T', NULL, 4),
	(2199, b'1', NULL, 2019, 7, 3, 8, 8, 0, 'T', NULL, 4),
	(2200, b'1', NULL, 2019, 11, 15, 8, 8, 0, 'T', NULL, 4),
	(2201, b'1', NULL, 2019, 11, 13, 8, 8, 0, 'T', NULL, 4),
	(2202, b'1', NULL, 2019, 10, 3, 8, 8, 0, 'T', NULL, 4),
	(2203, b'1', NULL, 2019, 10, 4, 8, 8, 0, 'T', NULL, 4),
	(2204, b'1', NULL, 2019, 10, 7, 8, 8, 0, 'T', NULL, 4),
	(2205, b'1', NULL, 2019, 10, 8, 8, 8, 0, 'T', NULL, 4),
	(2206, b'1', NULL, 2019, 10, 9, 8, 8, 0, 'T', NULL, 4),
	(2207, b'1', NULL, 2019, 10, 10, 8, 8, 0, 'T', NULL, 4),
	(2208, b'1', NULL, 2019, 10, 11, 8, 8, 0, 'T', NULL, 4),
	(2209, b'1', NULL, 2019, 10, 14, 8, 8, 0, 'T', NULL, 4),
	(2210, b'1', NULL, 2019, 10, 15, 8, 8, 0, 'T', NULL, 4),
	(2211, b'1', NULL, 2019, 10, 16, 8, 8, 0, 'T', NULL, 4),
	(2212, b'1', NULL, 2019, 10, 17, 8, 8, 0, 'T', NULL, 4),
	(2213, b'1', NULL, 2019, 10, 18, 8, 8, 0, 'T', NULL, 4),
	(2214, b'1', NULL, 2019, 10, 21, 8, 8, 0, 'T', NULL, 4),
	(2215, b'1', NULL, 2019, 10, 22, 8, 8, 0, 'T', NULL, 4),
	(2216, b'1', NULL, 2019, 10, 23, 8, 8, 0, 'T', NULL, 4),
	(2217, b'1', NULL, 2019, 10, 24, 8, 8, 0, 'T', NULL, 4),
	(2218, b'1', NULL, 2019, 10, 25, 8, 8, 0, 'T', NULL, 4),
	(2219, b'1', NULL, 2019, 10, 28, 8, 8, 0, 'T', NULL, 4),
	(2220, b'1', NULL, 2019, 10, 29, 8, 8, 0, 'T', NULL, 4),
	(2221, b'1', NULL, 2019, 10, 30, 8, 8, 0, 'T', NULL, 4),
	(2222, b'1', NULL, 2019, 10, 31, 8, 8, 0, 'T', NULL, 4),
	(2223, b'1', NULL, 2019, 11, 1, 8, 8, 0, 'T', NULL, 4),
	(2224, b'1', NULL, 2019, 11, 4, 8, 8, 0, 'T', NULL, 4),
	(2225, b'1', NULL, 2019, 11, 5, 8, 8, 0, 'T', NULL, 4),
	(2226, b'1', NULL, 2019, 11, 6, 8, 8, 0, 'T', NULL, 4),
	(2227, b'1', NULL, 2019, 11, 7, 8, 8, 0, 'T', NULL, 4),
	(2228, b'1', NULL, 2019, 11, 8, 8, 8, 0, 'T', NULL, 4),
	(2229, b'1', NULL, 2019, 11, 11, 8, 8, 0, 'T', NULL, 4),
	(2230, b'1', NULL, 2019, 11, 12, 8, 8, 0, 'T', NULL, 4),
	(2231, b'1', NULL, 2019, 11, 14, 8, 8, 0, 'T', NULL, 4),
	(2233, b'1', NULL, 2019, 7, 2, 8, 8, 0, 'T', NULL, 4),
	(2234, b'1', NULL, 2019, 6, 28, 8, 8, 0, 'T', NULL, 4),
	(2235, b'1', NULL, 2019, 2, 18, 8, 8, 0, 'T', NULL, 4),
	(2236, b'1', NULL, 2019, 2, 19, 8, 8, 0, 'T', NULL, 4),
	(2237, b'1', NULL, 2019, 2, 20, 8, 8, 0, 'T', NULL, 4),
	(2238, b'1', NULL, 2019, 2, 21, 8, 8, 0, 'T', NULL, 4),
	(2239, b'1', NULL, 2019, 2, 22, 8, 8, 0, 'T', NULL, 4),
	(2240, b'1', NULL, 2019, 2, 25, 8, 8, 0, 'T', NULL, 4),
	(2241, b'1', NULL, 2019, 2, 26, 8, 8, 0, 'T', NULL, 4),
	(2242, b'1', NULL, 2019, 2, 27, 8, 8, 0, 'T', NULL, 4),
	(2243, b'1', NULL, 2019, 2, 28, 8, 8, 0, 'T', NULL, 4),
	(2244, b'1', NULL, 2019, 3, 1, 8, 8, 0, 'T', NULL, 4),
	(2245, b'1', NULL, 2019, 3, 4, 8, 8, 0, 'T', NULL, 4),
	(2246, b'1', NULL, 2019, 3, 5, 8, 8, 0, 'T', NULL, 4),
	(2247, b'1', NULL, 2019, 3, 6, 8, 8, 0, 'T', NULL, 4),
	(2248, b'1', NULL, 2019, 2, 15, 8, 8, 0, 'T', NULL, 4),
	(2249, b'1', NULL, 2019, 3, 7, 8, 8, 0, 'T', NULL, 4),
	(2250, b'1', NULL, 2019, 3, 11, 8, 8, 0, 'T', NULL, 4),
	(2251, b'1', NULL, 2019, 3, 12, 8, 8, 0, 'T', NULL, 4),
	(2252, b'1', NULL, 2019, 3, 13, 8, 8, 0, 'T', NULL, 4),
	(2253, b'1', NULL, 2019, 3, 14, 8, 8, 0, 'T', NULL, 4),
	(2254, b'1', NULL, 2019, 3, 15, 8, 8, 0, 'T', NULL, 4),
	(2255, b'1', NULL, 2019, 3, 18, 8, 8, 0, 'T', NULL, 4),
	(2256, b'1', NULL, 2019, 3, 19, 8, 8, 0, 'T', NULL, 4),
	(2257, b'1', NULL, 2019, 3, 20, 8, 8, 0, 'T', NULL, 4),
	(2258, b'1', NULL, 2019, 3, 21, 8, 8, 0, 'T', NULL, 4),
	(2259, b'1', NULL, 2019, 3, 22, 8, 8, 0, 'T', NULL, 4),
	(2260, b'1', NULL, 2019, 3, 25, 8, 8, 0, 'T', NULL, 4),
	(2261, b'1', NULL, 2019, 3, 26, 8, 8, 0, 'T', NULL, 4),
	(2262, b'1', NULL, 2019, 3, 27, 8, 8, 0, 'T', NULL, 4),
	(2263, b'1', NULL, 2019, 3, 8, 8, 8, 0, 'T', NULL, 4),
	(2264, b'1', NULL, 2019, 2, 14, 8, 8, 0, 'T', NULL, 4),
	(2265, b'1', NULL, 2019, 2, 13, 8, 8, 0, 'T', NULL, 4),
	(2266, b'1', NULL, 2019, 2, 12, 8, 8, 0, 'T', NULL, 4),
	(2267, b'1', NULL, 2019, 1, 2, 8, 8, 0, 'T', NULL, 4),
	(2268, b'1', NULL, 2019, 1, 3, 8, 8, 0, 'T', NULL, 4),
	(2269, b'1', NULL, 2019, 1, 4, 8, 8, 0, 'T', NULL, 4),
	(2270, b'1', NULL, 2019, 1, 7, 8, 8, 0, 'T', NULL, 4),
	(2271, b'1', NULL, 2019, 1, 8, 8, 8, 0, 'T', NULL, 4),
	(2272, b'1', NULL, 2019, 1, 9, 8, 8, 0, 'T', NULL, 4),
	(2273, b'1', NULL, 2019, 1, 10, 8, 8, 0, 'T', NULL, 4),
	(2274, b'1', NULL, 2019, 1, 11, 8, 8, 0, 'T', NULL, 4),
	(2275, b'1', NULL, 2019, 1, 14, 8, 8, 0, 'T', NULL, 4),
	(2276, b'1', NULL, 2019, 1, 15, 8, 8, 0, 'T', NULL, 4),
	(2277, b'1', NULL, 2019, 1, 16, 8, 8, 0, 'T', NULL, 4),
	(2278, b'1', NULL, 2019, 1, 17, 8, 8, 0, 'T', NULL, 4),
	(2279, b'1', NULL, 2019, 1, 18, 8, 8, 0, 'T', NULL, 4),
	(2280, b'1', NULL, 2019, 1, 21, 8, 8, 0, 'T', NULL, 4),
	(2281, b'1', NULL, 2019, 1, 22, 8, 8, 0, 'T', NULL, 4),
	(2282, b'1', NULL, 2019, 1, 23, 8, 8, 0, 'T', NULL, 4),
	(2283, b'1', NULL, 2019, 1, 24, 8, 8, 0, 'T', NULL, 4),
	(2284, b'1', NULL, 2019, 1, 25, 8, 8, 0, 'T', NULL, 4),
	(2285, b'1', NULL, 2019, 1, 28, 8, 8, 0, 'T', NULL, 4),
	(2286, b'1', NULL, 2019, 1, 29, 8, 8, 0, 'T', NULL, 4),
	(2287, b'1', NULL, 2019, 1, 30, 8, 8, 0, 'T', NULL, 4),
	(2288, b'1', NULL, 2019, 1, 31, 8, 8, 0, 'T', NULL, 4),
	(2289, b'1', NULL, 2019, 2, 1, 8, 8, 0, 'T', NULL, 4),
	(2290, b'1', NULL, 2019, 2, 4, 8, 8, 0, 'T', NULL, 4),
	(2291, b'1', NULL, 2019, 2, 5, 8, 8, 0, 'T', NULL, 4),
	(2292, b'1', NULL, 2019, 2, 6, 8, 8, 0, 'T', NULL, 4),
	(2293, b'1', NULL, 2019, 2, 7, 8, 8, 0, 'T', NULL, 4),
	(2294, b'1', NULL, 2019, 2, 8, 8, 8, 0, 'T', NULL, 4),
	(2295, b'1', NULL, 2019, 2, 11, 8, 8, 0, 'T', NULL, 4),
	(2296, b'1', NULL, 2019, 3, 28, 8, 8, 0, 'T', NULL, 4),
	(2297, b'1', NULL, 2019, 3, 29, 8, 8, 0, 'T', NULL, 4),
	(2298, b'1', NULL, 2019, 4, 1, 8, 8, 0, 'T', NULL, 4),
	(2299, b'1', NULL, 2019, 4, 2, 8, 8, 0, 'T', NULL, 4),
	(2300, b'1', NULL, 2019, 5, 20, 8, 8, 0, 'T', NULL, 4),
	(2301, b'1', NULL, 2019, 5, 21, 8, 8, 0, 'T', NULL, 4),
	(2302, b'1', NULL, 2019, 5, 22, 8, 8, 0, 'T', NULL, 4),
	(2303, b'1', NULL, 2019, 5, 23, 8, 8, 0, 'T', NULL, 4),
	(2304, b'1', NULL, 2019, 5, 24, 8, 8, 0, 'T', NULL, 4),
	(2305, b'1', NULL, 2019, 5, 27, 8, 8, 0, 'T', NULL, 4),
	(2306, b'1', NULL, 2019, 5, 28, 8, 8, 0, 'T', NULL, 4),
	(2307, b'1', NULL, 2019, 5, 29, 8, 8, 0, 'T', NULL, 4),
	(2308, b'1', NULL, 2019, 5, 30, 8, 8, 0, 'T', NULL, 4),
	(2309, b'1', NULL, 2019, 5, 31, 8, 8, 0, 'T', NULL, 4),
	(2310, b'1', NULL, 2019, 6, 3, 8, 8, 0, 'T', NULL, 4),
	(2311, b'1', NULL, 2019, 6, 4, 8, 8, 0, 'T', NULL, 4),
	(2312, b'1', NULL, 2019, 6, 5, 8, 8, 0, 'T', NULL, 4),
	(2313, b'1', NULL, 2019, 6, 6, 8, 8, 0, 'T', NULL, 4),
	(2314, b'1', NULL, 2019, 6, 7, 8, 8, 0, 'T', NULL, 4),
	(2315, b'1', NULL, 2019, 6, 10, 8, 8, 0, 'T', NULL, 4),
	(2316, b'1', NULL, 2019, 6, 11, 8, 8, 0, 'T', NULL, 4),
	(2317, b'1', NULL, 2019, 6, 12, 8, 8, 0, 'T', NULL, 4),
	(2318, b'1', NULL, 2019, 6, 13, 8, 8, 0, 'T', NULL, 4),
	(2319, b'1', NULL, 2019, 6, 14, 8, 8, 0, 'T', NULL, 4),
	(2320, b'1', NULL, 2019, 6, 17, 8, 8, 0, 'T', NULL, 4),
	(2321, b'1', NULL, 2019, 6, 18, 8, 8, 0, 'T', NULL, 4),
	(2322, b'1', NULL, 2019, 6, 19, 8, 8, 0, 'T', NULL, 4),
	(2323, b'1', NULL, 2019, 6, 20, 8, 8, 0, 'T', NULL, 4),
	(2324, b'1', NULL, 2019, 6, 21, 8, 8, 0, 'T', NULL, 4),
	(2325, b'1', NULL, 2019, 6, 24, 8, 8, 0, 'T', NULL, 4),
	(2326, b'1', NULL, 2019, 6, 25, 8, 8, 0, 'T', NULL, 4),
	(2327, b'1', NULL, 2019, 6, 26, 8, 8, 0, 'T', NULL, 4),
	(2328, b'1', NULL, 2019, 6, 27, 8, 8, 0, 'T', NULL, 4),
	(2329, b'1', NULL, 2019, 5, 17, 8, 8, 0, 'T', NULL, 4),
	(2330, b'1', NULL, 2019, 7, 1, 8, 8, 0, 'T', NULL, 4),
	(2331, b'1', NULL, 2019, 5, 16, 8, 8, 0, 'T', NULL, 4),
	(2332, b'1', NULL, 2019, 5, 14, 8, 8, 0, 'T', NULL, 4),
	(2333, b'1', NULL, 2019, 4, 3, 8, 8, 0, 'T', NULL, 4),
	(2334, b'1', NULL, 2019, 4, 4, 8, 8, 0, 'T', NULL, 4),
	(2335, b'1', NULL, 2019, 4, 5, 8, 8, 0, 'T', NULL, 4),
	(2336, b'1', NULL, 2019, 4, 8, 8, 8, 0, 'T', NULL, 4),
	(2337, b'1', NULL, 2019, 4, 9, 8, 8, 0, 'T', NULL, 4),
	(2338, b'1', NULL, 2019, 4, 10, 8, 8, 0, 'T', NULL, 4),
	(2339, b'1', NULL, 2019, 4, 11, 8, 8, 0, 'T', NULL, 4),
	(2340, b'1', NULL, 2019, 4, 12, 8, 8, 0, 'T', NULL, 4),
	(2341, b'1', NULL, 2019, 4, 15, 8, 8, 0, 'T', NULL, 4),
	(2342, b'1', NULL, 2019, 4, 16, 8, 8, 0, 'T', NULL, 4),
	(2343, b'1', NULL, 2019, 4, 17, 8, 8, 0, 'T', NULL, 4),
	(2344, b'1', NULL, 2019, 4, 18, 8, 8, 0, 'T', NULL, 4),
	(2345, b'1', NULL, 2019, 4, 19, 8, 8, 0, 'T', NULL, 4),
	(2346, b'1', NULL, 2019, 4, 22, 8, 8, 0, 'T', NULL, 4),
	(2347, b'1', NULL, 2019, 4, 23, 8, 8, 0, 'T', NULL, 4),
	(2348, b'1', NULL, 2019, 4, 24, 8, 8, 0, 'T', NULL, 4),
	(2349, b'1', NULL, 2019, 4, 25, 8, 8, 0, 'T', NULL, 4),
	(2350, b'1', NULL, 2019, 4, 26, 8, 8, 0, 'T', NULL, 4),
	(2351, b'1', NULL, 2019, 4, 29, 8, 8, 0, 'T', NULL, 4),
	(2352, b'1', NULL, 2019, 4, 30, 8, 8, 0, 'T', NULL, 4),
	(2353, b'1', NULL, 2019, 5, 1, 8, 8, 0, 'T', NULL, 4),
	(2354, b'1', NULL, 2019, 5, 2, 8, 8, 0, 'T', NULL, 4),
	(2355, b'1', NULL, 2019, 5, 3, 8, 8, 0, 'T', NULL, 4),
	(2356, b'1', NULL, 2019, 5, 6, 8, 8, 0, 'T', NULL, 4),
	(2357, b'1', NULL, 2019, 5, 7, 8, 8, 0, 'T', NULL, 4),
	(2358, b'1', NULL, 2019, 5, 8, 8, 8, 0, 'T', NULL, 4),
	(2359, b'1', NULL, 2019, 5, 9, 8, 8, 0, 'T', NULL, 4),
	(2360, b'1', NULL, 2019, 5, 10, 8, 8, 0, 'T', NULL, 4),
	(2361, b'1', NULL, 2019, 5, 13, 8, 8, 0, 'T', NULL, 4),
	(2362, b'1', NULL, 2019, 5, 15, 8, 8, 0, 'T', NULL, 4),
	(2364, b'1', NULL, 2019, 1, 1, 8, 8, 0, 'T', NULL, 5),
	(2365, b'1', NULL, 2019, 8, 20, 8, 8, 0, 'T', NULL, 5),
	(2366, b'1', NULL, 2019, 8, 21, 8, 8, 0, 'T', NULL, 5),
	(2367, b'1', NULL, 2019, 8, 22, 8, 8, 0, 'T', NULL, 5),
	(2368, b'1', NULL, 2019, 8, 23, 8, 8, 0, 'T', NULL, 5),
	(2369, b'1', NULL, 2019, 8, 26, 8, 8, 0, 'T', NULL, 5),
	(2370, b'1', NULL, 2019, 8, 27, 8, 8, 0, 'T', NULL, 5),
	(2371, b'1', NULL, 2019, 8, 28, 8, 8, 0, 'T', NULL, 5),
	(2372, b'1', NULL, 2019, 8, 29, 8, 8, 0, 'T', NULL, 5),
	(2373, b'1', NULL, 2019, 8, 30, 8, 8, 0, 'T', NULL, 5),
	(2374, b'1', NULL, 2019, 9, 2, 8, 8, 0, 'T', NULL, 5),
	(2375, b'1', NULL, 2019, 9, 3, 8, 8, 0, 'T', NULL, 5),
	(2376, b'1', NULL, 2019, 9, 4, 8, 8, 0, 'T', NULL, 5),
	(2377, b'1', NULL, 2019, 9, 5, 8, 8, 0, 'T', NULL, 5),
	(2378, b'1', NULL, 2019, 8, 19, 8, 8, 0, 'T', NULL, 5),
	(2379, b'1', NULL, 2019, 9, 6, 8, 8, 0, 'T', NULL, 5),
	(2380, b'1', NULL, 2019, 9, 10, 8, 8, 0, 'T', NULL, 5),
	(2381, b'1', NULL, 2019, 9, 11, 8, 8, 0, 'T', NULL, 5),
	(2382, b'1', NULL, 2019, 9, 12, 8, 8, 0, 'T', NULL, 5),
	(2383, b'1', NULL, 2019, 9, 13, 8, 8, 0, 'T', NULL, 5),
	(2384, b'1', NULL, 2019, 9, 16, 8, 8, 0, 'T', NULL, 5),
	(2385, b'1', NULL, 2019, 9, 17, 8, 8, 0, 'T', NULL, 5),
	(2386, b'1', NULL, 2019, 9, 18, 8, 8, 0, 'T', NULL, 5),
	(2387, b'1', NULL, 2019, 9, 19, 8, 8, 0, 'T', NULL, 5),
	(2388, b'1', NULL, 2019, 9, 20, 8, 8, 0, 'T', NULL, 5),
	(2389, b'1', NULL, 2019, 9, 23, 8, 8, 0, 'T', NULL, 5),
	(2390, b'1', NULL, 2019, 9, 24, 8, 8, 0, 'T', NULL, 5),
	(2391, b'1', NULL, 2019, 9, 25, 8, 8, 0, 'T', NULL, 5),
	(2392, b'1', NULL, 2019, 9, 26, 8, 8, 0, 'T', NULL, 5),
	(2393, b'1', NULL, 2019, 9, 9, 8, 8, 0, 'T', NULL, 5),
	(2394, b'1', NULL, 2019, 8, 16, 8, 8, 0, 'T', NULL, 5),
	(2395, b'1', NULL, 2019, 8, 15, 8, 8, 0, 'T', NULL, 5),
	(2396, b'1', NULL, 2019, 8, 14, 8, 8, 0, 'T', NULL, 5),
	(2397, b'1', NULL, 2019, 7, 4, 8, 8, 0, 'T', NULL, 5),
	(2398, b'1', NULL, 2019, 7, 5, 8, 8, 0, 'T', NULL, 5),
	(2399, b'1', NULL, 2019, 7, 8, 8, 8, 0, 'T', NULL, 5),
	(2400, b'1', NULL, 2019, 7, 9, 8, 8, 0, 'T', NULL, 5),
	(2401, b'1', NULL, 2019, 7, 10, 8, 8, 0, 'T', NULL, 5),
	(2402, b'1', NULL, 2019, 7, 11, 8, 8, 0, 'T', NULL, 5),
	(2403, b'1', NULL, 2019, 7, 12, 8, 8, 0, 'T', NULL, 5),
	(2404, b'1', NULL, 2019, 7, 15, 8, 8, 0, 'B', '', 5),
	(2405, b'1', NULL, 2019, 7, 16, 8, 8, 0, 'B', '', 5),
	(2406, b'1', NULL, 2019, 7, 17, 8, 8, 0, 'T', NULL, 5),
	(2407, b'1', NULL, 2019, 7, 18, 8, 8, 0, 'T', NULL, 5),
	(2408, b'1', NULL, 2019, 7, 19, 8, 8, 0, 'T', NULL, 5),
	(2409, b'1', NULL, 2019, 7, 22, 8, 8, 0, 'T', NULL, 5),
	(2410, b'1', NULL, 2019, 7, 23, 8, 8, 0, 'T', NULL, 5),
	(2411, b'1', NULL, 2019, 7, 24, 8, 8, 0, 'T', 'Cambia turno con Eduardo Peirats', 5),
	(2412, b'1', NULL, 2019, 7, 25, 8, 8, 0, 'T', NULL, 5),
	(2413, b'1', NULL, 2019, 7, 26, 8, 8, 0, 'T', NULL, 5),
	(2414, b'1', NULL, 2019, 7, 29, 8, 8, 0, 'T', NULL, 5),
	(2415, b'1', NULL, 2019, 7, 30, 8, 8, 0, 'T', NULL, 5),
	(2416, b'1', NULL, 2019, 7, 31, 8, 8, 0, 'T', NULL, 5),
	(2417, b'1', NULL, 2019, 8, 1, 8, 8, 0, 'T', NULL, 5),
	(2418, b'1', NULL, 2019, 8, 2, 8, 8, 0, 'T', NULL, 5),
	(2419, b'1', NULL, 2019, 8, 5, 8, 8, 0, 'T', NULL, 5),
	(2420, b'1', NULL, 2019, 8, 6, 8, 8, 0, 'T', NULL, 5),
	(2421, b'1', NULL, 2019, 8, 7, 8, 8, 0, 'T', NULL, 5),
	(2422, b'1', NULL, 2019, 8, 8, 8, 8, 0, 'T', NULL, 5),
	(2423, b'1', NULL, 2019, 8, 9, 8, 8, 0, 'T', NULL, 5),
	(2424, b'1', NULL, 2019, 8, 12, 8, 8, 0, 'T', NULL, 5),
	(2425, b'1', NULL, 2019, 8, 13, 8, 8, 0, 'T', NULL, 5),
	(2426, b'1', NULL, 2019, 9, 27, 8, 8, 0, 'T', NULL, 5),
	(2427, b'1', NULL, 2019, 9, 30, 8, 8, 0, 'T', NULL, 5),
	(2428, b'1', NULL, 2019, 10, 1, 8, 8, 0, 'T', NULL, 5),
	(2429, b'1', NULL, 2019, 10, 2, 8, 8, 0, 'T', NULL, 5),
	(2430, b'1', NULL, 2019, 11, 19, 8, 8, 0, 'T', NULL, 5),
	(2431, b'1', NULL, 2019, 11, 20, 8, 8, 0, 'T', NULL, 5),
	(2432, b'1', NULL, 2019, 11, 21, 8, 8, 0, 'T', NULL, 5),
	(2433, b'1', NULL, 2019, 11, 22, 8, 8, 0, 'T', NULL, 5),
	(2434, b'1', NULL, 2019, 11, 25, 8, 8, 0, 'T', NULL, 5),
	(2435, b'1', NULL, 2019, 11, 26, 8, 8, 0, 'T', NULL, 5),
	(2436, b'1', NULL, 2019, 11, 27, 8, 8, 0, 'T', NULL, 5),
	(2437, b'1', NULL, 2019, 11, 28, 8, 8, 0, 'T', NULL, 5),
	(2438, b'1', NULL, 2019, 11, 29, 8, 8, 0, 'T', NULL, 5),
	(2439, b'1', NULL, 2019, 12, 2, 8, 8, 0, 'T', NULL, 5),
	(2440, b'1', NULL, 2019, 12, 3, 8, 8, 0, 'T', NULL, 5),
	(2441, b'1', NULL, 2019, 12, 4, 8, 8, 0, 'T', NULL, 5),
	(2442, b'1', NULL, 2019, 12, 5, 8, 8, 0, 'T', NULL, 5),
	(2443, b'1', NULL, 2019, 12, 6, 8, 8, 0, 'T', NULL, 5),
	(2444, b'1', NULL, 2019, 12, 9, 8, 8, 0, 'T', NULL, 5),
	(2445, b'1', NULL, 2019, 12, 10, 8, 8, 0, 'T', NULL, 5),
	(2446, b'1', NULL, 2019, 12, 11, 8, 8, 0, 'T', NULL, 5),
	(2447, b'1', NULL, 2019, 12, 12, 8, 8, 0, 'T', NULL, 5),
	(2448, b'1', NULL, 2019, 12, 13, 8, 8, 0, 'T', NULL, 5),
	(2449, b'1', NULL, 2019, 12, 16, 8, 8, 0, 'T', NULL, 5),
	(2450, b'1', NULL, 2019, 12, 17, 8, 8, 0, 'T', NULL, 5),
	(2451, b'1', NULL, 2019, 12, 18, 8, 8, 0, 'T', NULL, 5),
	(2452, b'1', NULL, 2019, 12, 19, 8, 8, 0, 'T', NULL, 5),
	(2453, b'1', NULL, 2019, 12, 20, 8, 8, 0, 'T', NULL, 5),
	(2454, b'1', NULL, 2019, 12, 23, 8, 8, 0, 'T', NULL, 5),
	(2455, b'1', NULL, 2019, 12, 24, 8, 8, 0, 'T', NULL, 5),
	(2456, b'1', NULL, 2019, 12, 25, 8, 8, 0, 'T', NULL, 5),
	(2457, b'1', NULL, 2019, 12, 26, 8, 8, 0, 'T', NULL, 5),
	(2458, b'1', NULL, 2019, 12, 27, 8, 8, 0, 'T', NULL, 5),
	(2459, b'1', NULL, 2019, 11, 18, 8, 8, 0, 'T', NULL, 5),
	(2460, b'1', NULL, 2019, 7, 3, 8, 8, 0, 'T', NULL, 5),
	(2461, b'1', NULL, 2019, 11, 15, 8, 8, 0, 'T', NULL, 5),
	(2462, b'1', NULL, 2019, 11, 13, 8, 8, 0, 'T', NULL, 5),
	(2463, b'1', NULL, 2019, 10, 3, 8, 8, 0, 'T', NULL, 5),
	(2464, b'1', NULL, 2019, 10, 4, 8, 8, 0, 'T', NULL, 5),
	(2465, b'1', NULL, 2019, 10, 7, 8, 8, 0, 'T', NULL, 5),
	(2466, b'1', NULL, 2019, 10, 8, 8, 8, 0, 'T', NULL, 5),
	(2467, b'1', NULL, 2019, 10, 9, 8, 8, 0, 'T', NULL, 5),
	(2468, b'1', NULL, 2019, 10, 10, 8, 8, 0, 'T', NULL, 5),
	(2469, b'1', NULL, 2019, 10, 11, 8, 8, 0, 'T', NULL, 5),
	(2470, b'1', NULL, 2019, 10, 14, 8, 8, 0, 'T', NULL, 5),
	(2471, b'1', NULL, 2019, 10, 15, 8, 8, 0, 'T', NULL, 5),
	(2472, b'1', NULL, 2019, 10, 16, 8, 8, 0, 'T', NULL, 5),
	(2473, b'1', NULL, 2019, 10, 17, 8, 8, 0, 'T', NULL, 5),
	(2474, b'1', NULL, 2019, 10, 18, 8, 8, 0, 'T', NULL, 5),
	(2475, b'1', NULL, 2019, 10, 21, 8, 8, 0, 'T', NULL, 5),
	(2476, b'1', NULL, 2019, 10, 22, 8, 8, 0, 'T', NULL, 5),
	(2477, b'1', NULL, 2019, 10, 23, 8, 8, 0, 'T', NULL, 5),
	(2478, b'1', NULL, 2019, 10, 24, 8, 8, 0, 'T', NULL, 5),
	(2479, b'1', NULL, 2019, 10, 25, 8, 8, 0, 'T', NULL, 5),
	(2480, b'1', NULL, 2019, 10, 28, 8, 8, 0, 'T', NULL, 5),
	(2481, b'1', NULL, 2019, 10, 29, 8, 8, 0, 'T', NULL, 5),
	(2482, b'1', NULL, 2019, 10, 30, 8, 8, 0, 'T', NULL, 5),
	(2483, b'1', NULL, 2019, 10, 31, 8, 8, 0, 'T', NULL, 5),
	(2484, b'1', NULL, 2019, 11, 1, 8, 8, 0, 'T', NULL, 5),
	(2485, b'1', NULL, 2019, 11, 4, 8, 8, 0, 'T', NULL, 5),
	(2486, b'1', NULL, 2019, 11, 5, 8, 8, 0, 'T', NULL, 5),
	(2487, b'1', NULL, 2019, 11, 6, 8, 8, 0, 'T', NULL, 5),
	(2488, b'1', NULL, 2019, 11, 7, 8, 8, 0, 'T', NULL, 5),
	(2489, b'1', NULL, 2019, 11, 8, 8, 8, 0, 'T', NULL, 5),
	(2490, b'1', NULL, 2019, 11, 11, 8, 8, 0, 'T', NULL, 5),
	(2491, b'1', NULL, 2019, 11, 12, 8, 8, 0, 'T', NULL, 5),
	(2492, b'1', NULL, 2019, 11, 14, 8, 8, 0, 'T', NULL, 5),
	(2493, b'1', NULL, 2019, 12, 30, 8, 8, 0, 'T', NULL, 5),
	(2494, b'1', NULL, 2019, 7, 2, 8, 8, 0, 'T', NULL, 5),
	(2495, b'1', NULL, 2019, 6, 28, 8, 8, 0, 'T', NULL, 5),
	(2496, b'1', NULL, 2019, 2, 18, 8, 8, 0, 'T', NULL, 5),
	(2497, b'1', NULL, 2019, 2, 19, 8, 8, 0, 'T', NULL, 5),
	(2498, b'1', NULL, 2019, 2, 20, 8, 8, 0, 'T', NULL, 5),
	(2499, b'1', NULL, 2019, 2, 21, 8, 8, 0, 'T', NULL, 5),
	(2500, b'1', NULL, 2019, 2, 22, 8, 8, 0, 'T', NULL, 5),
	(2501, b'1', NULL, 2019, 2, 25, 8, 8, 0, 'T', NULL, 5),
	(2502, b'1', NULL, 2019, 2, 26, 8, 8, 0, 'T', NULL, 5),
	(2503, b'1', NULL, 2019, 2, 27, 8, 8, 0, 'T', NULL, 5),
	(2504, b'1', NULL, 2019, 2, 28, 8, 8, 0, 'T', NULL, 5),
	(2505, b'1', NULL, 2019, 3, 1, 8, 8, 0, 'T', NULL, 5),
	(2506, b'1', NULL, 2019, 3, 4, 8, 8, 0, 'T', NULL, 5),
	(2507, b'1', NULL, 2019, 3, 5, 8, 8, 0, 'T', NULL, 5),
	(2508, b'1', NULL, 2019, 3, 6, 8, 8, 0, 'T', NULL, 5),
	(2509, b'1', NULL, 2019, 2, 15, 8, 8, 0, 'T', NULL, 5),
	(2510, b'1', NULL, 2019, 3, 7, 8, 8, 0, 'T', NULL, 5),
	(2511, b'1', NULL, 2019, 3, 11, 8, 8, 0, 'T', NULL, 5),
	(2512, b'1', NULL, 2019, 3, 12, 8, 8, 0, 'T', NULL, 5),
	(2513, b'1', NULL, 2019, 3, 13, 8, 8, 0, 'T', NULL, 5),
	(2514, b'1', NULL, 2019, 3, 14, 8, 8, 0, 'T', NULL, 5),
	(2515, b'1', NULL, 2019, 3, 15, 8, 8, 0, 'T', NULL, 5),
	(2516, b'1', NULL, 2019, 3, 18, 8, 8, 0, 'T', NULL, 5),
	(2517, b'1', NULL, 2019, 3, 19, 8, 8, 0, 'T', NULL, 5),
	(2518, b'1', NULL, 2019, 3, 20, 8, 8, 0, 'T', NULL, 5),
	(2519, b'1', NULL, 2019, 3, 21, 8, 8, 0, 'T', NULL, 5),
	(2520, b'1', NULL, 2019, 3, 22, 8, 8, 0, 'T', NULL, 5),
	(2521, b'1', NULL, 2019, 3, 25, 8, 8, 0, 'T', NULL, 5),
	(2522, b'1', NULL, 2019, 3, 26, 8, 8, 0, 'T', NULL, 5),
	(2523, b'1', NULL, 2019, 3, 27, 8, 8, 0, 'T', NULL, 5),
	(2524, b'1', NULL, 2019, 3, 8, 8, 8, 0, 'T', NULL, 5),
	(2525, b'1', NULL, 2019, 2, 14, 8, 8, 0, 'T', NULL, 5),
	(2526, b'1', NULL, 2019, 2, 13, 8, 8, 0, 'T', NULL, 5),
	(2527, b'1', NULL, 2019, 2, 12, 8, 8, 0, 'T', NULL, 5),
	(2528, b'1', NULL, 2019, 1, 2, 8, 8, 0, 'T', NULL, 5),
	(2529, b'1', NULL, 2019, 1, 3, 8, 8, 0, 'T', NULL, 5),
	(2530, b'1', NULL, 2019, 1, 4, 8, 8, 0, 'T', NULL, 5),
	(2531, b'1', NULL, 2019, 1, 7, 8, 8, 0, 'T', NULL, 5),
	(2532, b'1', NULL, 2019, 1, 8, 8, 8, 0, 'T', NULL, 5),
	(2533, b'1', NULL, 2019, 1, 9, 8, 8, 0, 'T', NULL, 5),
	(2534, b'1', NULL, 2019, 1, 10, 8, 8, 0, 'T', NULL, 5),
	(2535, b'1', NULL, 2019, 1, 11, 8, 8, 0, 'T', NULL, 5),
	(2536, b'1', NULL, 2019, 1, 14, 8, 8, 0, 'T', NULL, 5),
	(2537, b'1', NULL, 2019, 1, 15, 8, 8, 0, 'T', NULL, 5),
	(2538, b'1', NULL, 2019, 1, 16, 8, 8, 0, 'T', NULL, 5),
	(2539, b'1', NULL, 2019, 1, 17, 8, 8, 0, 'T', NULL, 5),
	(2540, b'1', NULL, 2019, 1, 18, 8, 8, 0, 'T', NULL, 5),
	(2541, b'1', NULL, 2019, 1, 21, 8, 8, 0, 'T', NULL, 5),
	(2542, b'1', NULL, 2019, 1, 22, 8, 8, 0, 'T', NULL, 5),
	(2543, b'1', NULL, 2019, 1, 23, 8, 8, 0, 'T', NULL, 5),
	(2544, b'1', NULL, 2019, 1, 24, 8, 8, 0, 'T', NULL, 5),
	(2545, b'1', NULL, 2019, 1, 25, 8, 8, 0, 'T', NULL, 5),
	(2546, b'1', NULL, 2019, 1, 28, 8, 8, 0, 'T', NULL, 5),
	(2547, b'1', NULL, 2019, 1, 29, 8, 8, 0, 'T', NULL, 5),
	(2548, b'1', NULL, 2019, 1, 30, 8, 8, 0, 'T', NULL, 5),
	(2549, b'1', NULL, 2019, 1, 31, 8, 8, 0, 'T', NULL, 5),
	(2550, b'1', NULL, 2019, 2, 1, 8, 8, 0, 'T', NULL, 5),
	(2551, b'1', NULL, 2019, 2, 4, 8, 8, 0, 'T', NULL, 5),
	(2552, b'1', NULL, 2019, 2, 5, 8, 8, 0, 'T', NULL, 5),
	(2553, b'1', NULL, 2019, 2, 6, 8, 8, 0, 'T', NULL, 5),
	(2554, b'1', NULL, 2019, 2, 7, 8, 8, 0, 'T', NULL, 5),
	(2555, b'1', NULL, 2019, 2, 8, 8, 8, 0, 'T', NULL, 5),
	(2556, b'1', NULL, 2019, 2, 11, 8, 8, 0, 'T', NULL, 5),
	(2557, b'1', NULL, 2019, 3, 28, 8, 8, 0, 'T', NULL, 5),
	(2558, b'1', NULL, 2019, 3, 29, 8, 8, 0, 'T', NULL, 5),
	(2559, b'1', NULL, 2019, 4, 1, 8, 8, 0, 'T', NULL, 5),
	(2560, b'1', NULL, 2019, 4, 2, 8, 8, 0, 'T', NULL, 5),
	(2561, b'1', NULL, 2019, 5, 20, 8, 8, 0, 'T', NULL, 5),
	(2562, b'1', NULL, 2019, 5, 21, 8, 8, 0, 'T', NULL, 5),
	(2563, b'1', NULL, 2019, 5, 22, 8, 8, 0, 'T', NULL, 5),
	(2564, b'1', NULL, 2019, 5, 23, 8, 8, 0, 'T', NULL, 5),
	(2565, b'1', NULL, 2019, 5, 24, 8, 8, 0, 'T', NULL, 5),
	(2566, b'1', NULL, 2019, 5, 27, 8, 8, 0, 'T', NULL, 5),
	(2567, b'1', NULL, 2019, 5, 28, 8, 8, 0, 'T', NULL, 5),
	(2568, b'1', NULL, 2019, 5, 29, 8, 8, 0, 'T', NULL, 5),
	(2569, b'1', NULL, 2019, 5, 30, 8, 8, 0, 'T', NULL, 5),
	(2570, b'1', NULL, 2019, 5, 31, 8, 8, 0, 'T', NULL, 5),
	(2571, b'1', NULL, 2019, 6, 3, 8, 8, 0, 'T', NULL, 5),
	(2572, b'1', NULL, 2019, 6, 4, 8, 8, 0, 'T', NULL, 5),
	(2573, b'1', NULL, 2019, 6, 5, 8, 8, 0, 'T', NULL, 5),
	(2574, b'1', NULL, 2019, 6, 6, 8, 8, 0, 'T', NULL, 5),
	(2575, b'1', NULL, 2019, 6, 7, 8, 8, 0, 'T', NULL, 5),
	(2576, b'1', NULL, 2019, 6, 10, 8, 8, 0, 'T', NULL, 5),
	(2577, b'1', NULL, 2019, 6, 11, 8, 8, 0, 'T', NULL, 5),
	(2578, b'1', NULL, 2019, 6, 12, 8, 8, 0, 'T', NULL, 5),
	(2579, b'1', NULL, 2019, 6, 13, 8, 8, 0, 'T', NULL, 5),
	(2580, b'1', NULL, 2019, 6, 14, 8, 8, 0, 'T', NULL, 5),
	(2581, b'1', NULL, 2019, 6, 17, 8, 8, 0, 'T', NULL, 5),
	(2582, b'1', NULL, 2019, 6, 18, 8, 8, 0, 'T', NULL, 5),
	(2583, b'1', NULL, 2019, 6, 19, 8, 8, 0, 'T', NULL, 5),
	(2584, b'1', NULL, 2019, 6, 20, 8, 8, 0, 'T', NULL, 5),
	(2585, b'1', NULL, 2019, 6, 21, 8, 8, 0, 'T', NULL, 5),
	(2586, b'1', NULL, 2019, 6, 24, 8, 8, 0, 'T', NULL, 5),
	(2587, b'1', NULL, 2019, 6, 25, 8, 8, 0, 'T', NULL, 5),
	(2588, b'1', NULL, 2019, 6, 26, 8, 8, 0, 'T', NULL, 5),
	(2589, b'1', NULL, 2019, 6, 27, 8, 8, 0, 'T', NULL, 5),
	(2590, b'1', NULL, 2019, 5, 17, 8, 8, 0, 'T', NULL, 5),
	(2591, b'1', NULL, 2019, 7, 1, 8, 8, 0, 'T', NULL, 5),
	(2592, b'1', NULL, 2019, 5, 16, 8, 8, 0, 'T', NULL, 5),
	(2593, b'1', NULL, 2019, 5, 14, 8, 8, 0, 'T', NULL, 5),
	(2594, b'1', NULL, 2019, 4, 3, 8, 8, 0, 'T', NULL, 5),
	(2595, b'1', NULL, 2019, 4, 4, 8, 8, 0, 'T', NULL, 5),
	(2596, b'1', NULL, 2019, 4, 5, 8, 8, 0, 'T', NULL, 5),
	(2597, b'1', NULL, 2019, 4, 8, 8, 8, 0, 'T', NULL, 5),
	(2598, b'1', NULL, 2019, 4, 9, 8, 8, 0, 'T', NULL, 5),
	(2599, b'1', NULL, 2019, 4, 10, 8, 8, 0, 'T', NULL, 5),
	(2600, b'1', NULL, 2019, 4, 11, 8, 8, 0, 'T', NULL, 5),
	(2601, b'1', NULL, 2019, 4, 12, 8, 8, 0, 'T', NULL, 5),
	(2602, b'1', NULL, 2019, 4, 15, 8, 8, 0, 'T', NULL, 5),
	(2603, b'1', NULL, 2019, 4, 16, 8, 8, 0, 'T', NULL, 5),
	(2604, b'1', NULL, 2019, 4, 17, 8, 8, 0, 'T', NULL, 5),
	(2605, b'1', NULL, 2019, 4, 18, 8, 8, 0, 'T', NULL, 5),
	(2606, b'1', NULL, 2019, 4, 19, 8, 8, 0, 'T', NULL, 5),
	(2607, b'1', NULL, 2019, 4, 22, 8, 8, 0, 'T', NULL, 5),
	(2608, b'1', NULL, 2019, 4, 23, 8, 8, 0, 'T', NULL, 5),
	(2609, b'1', NULL, 2019, 4, 24, 8, 8, 0, 'T', NULL, 5),
	(2610, b'1', NULL, 2019, 4, 25, 8, 8, 0, 'T', NULL, 5),
	(2611, b'1', NULL, 2019, 4, 26, 8, 8, 0, 'T', NULL, 5),
	(2612, b'1', NULL, 2019, 4, 29, 8, 8, 0, 'T', NULL, 5),
	(2613, b'1', NULL, 2019, 4, 30, 8, 8, 0, 'T', NULL, 5),
	(2614, b'1', NULL, 2019, 5, 1, 8, 8, 0, 'T', NULL, 5),
	(2615, b'1', NULL, 2019, 5, 2, 8, 8, 0, 'T', NULL, 5),
	(2616, b'1', NULL, 2019, 5, 3, 8, 8, 0, 'T', NULL, 5),
	(2617, b'1', NULL, 2019, 5, 6, 8, 8, 0, 'T', NULL, 5),
	(2618, b'1', NULL, 2019, 5, 7, 8, 8, 0, 'T', NULL, 5),
	(2619, b'1', NULL, 2019, 5, 8, 8, 8, 0, 'T', NULL, 5),
	(2620, b'1', NULL, 2019, 5, 9, 8, 8, 0, 'T', NULL, 5),
	(2621, b'1', NULL, 2019, 5, 10, 8, 8, 0, 'T', NULL, 5),
	(2622, b'1', NULL, 2019, 5, 13, 8, 8, 0, 'T', NULL, 5),
	(2623, b'1', NULL, 2019, 5, 15, 8, 8, 0, 'T', NULL, 5),
	(2624, b'1', NULL, 2019, 12, 31, 8, 8, 0, 'T', NULL, 5),
	(2625, b'1', NULL, 2019, 1, 1, 8, 8, 0, 'T', NULL, 6),
	(2626, b'1', NULL, 2019, 8, 20, 8, 8, 0, 'T', NULL, 6),
	(2627, b'1', NULL, 2019, 8, 21, 8, 8, 0, 'T', NULL, 6),
	(2628, b'1', NULL, 2019, 8, 22, 8, 8, 0, 'T', NULL, 6),
	(2629, b'1', NULL, 2019, 8, 23, 8, 8, 0, 'T', NULL, 6),
	(2630, b'1', NULL, 2019, 8, 26, 8, 8, 0, 'T', NULL, 6),
	(2631, b'1', NULL, 2019, 8, 27, 8, 8, 0, 'T', NULL, 6),
	(2632, b'1', NULL, 2019, 8, 28, 8, 8, 0, 'T', NULL, 6),
	(2633, b'1', NULL, 2019, 8, 29, 8, 8, 0, 'T', NULL, 6),
	(2634, b'1', NULL, 2019, 8, 30, 8, 8, 0, 'T', NULL, 6),
	(2635, b'1', NULL, 2019, 9, 2, 8, 8, 0, 'T', NULL, 6),
	(2636, b'1', NULL, 2019, 9, 3, 8, 8, 0, 'T', NULL, 6),
	(2637, b'1', NULL, 2019, 9, 4, 8, 8, 0, 'T', NULL, 6),
	(2638, b'1', NULL, 2019, 9, 5, 8, 8, 0, 'T', NULL, 6),
	(2639, b'1', NULL, 2019, 8, 19, 8, 8, 0, 'T', NULL, 6),
	(2640, b'1', NULL, 2019, 9, 6, 8, 8, 0, 'T', NULL, 6),
	(2641, b'1', NULL, 2019, 9, 10, 8, 8, 0, 'T', NULL, 6),
	(2642, b'1', NULL, 2019, 9, 11, 8, 8, 0, 'T', NULL, 6),
	(2643, b'1', NULL, 2019, 9, 12, 8, 8, 0, 'T', NULL, 6),
	(2644, b'1', NULL, 2019, 9, 13, 8, 8, 0, 'T', NULL, 6),
	(2645, b'1', NULL, 2019, 9, 16, 8, 8, 0, 'T', NULL, 6),
	(2646, b'1', NULL, 2019, 9, 17, 8, 8, 0, 'T', NULL, 6),
	(2647, b'1', NULL, 2019, 9, 18, 8, 8, 0, 'T', NULL, 6),
	(2648, b'1', NULL, 2019, 9, 19, 8, 8, 0, 'T', NULL, 6),
	(2649, b'1', NULL, 2019, 9, 20, 8, 8, 0, 'T', NULL, 6),
	(2650, b'1', NULL, 2019, 9, 23, 8, 8, 0, 'T', NULL, 6),
	(2651, b'1', NULL, 2019, 9, 24, 8, 8, 0, 'T', NULL, 6),
	(2652, b'1', NULL, 2019, 9, 25, 8, 8, 0, 'T', NULL, 6),
	(2653, b'1', NULL, 2019, 9, 26, 8, 8, 0, 'T', NULL, 6),
	(2654, b'1', NULL, 2019, 9, 9, 8, 8, 0, 'T', NULL, 6),
	(2655, b'1', NULL, 2019, 8, 16, 8, 8, 0, 'T', NULL, 6),
	(2656, b'1', NULL, 2019, 8, 15, 8, 8, 0, 'T', NULL, 6),
	(2657, b'1', NULL, 2019, 8, 14, 8, 8, 0, 'T', NULL, 6),
	(2658, b'1', NULL, 2019, 7, 4, 8, 8, 0, 'T', NULL, 6),
	(2659, b'1', NULL, 2019, 7, 5, 8, 8, 0, 'T', NULL, 6),
	(2660, b'1', NULL, 2019, 7, 8, 8, 8, 0, 'T', NULL, 6),
	(2661, b'1', NULL, 2019, 7, 9, 8, 8, 0, 'T', NULL, 6),
	(2662, b'1', NULL, 2019, 7, 10, 8, 8, 0, 'T', NULL, 6),
	(2663, b'1', NULL, 2019, 7, 11, 8, 8, 0, 'T', NULL, 6),
	(2664, b'1', NULL, 2019, 7, 12, 8, 8, 0, 'T', NULL, 6),
	(2665, b'1', NULL, 2019, 7, 15, 8, 8, 0, 'T', NULL, 6),
	(2666, b'1', NULL, 2019, 7, 16, 8, 8, 0, 'T', NULL, 6),
	(2667, b'1', NULL, 2019, 7, 17, 8, 8, 0, 'T', NULL, 6),
	(2668, b'1', NULL, 2019, 7, 18, 8, 8, 0, 'T', NULL, 6),
	(2669, b'1', NULL, 2019, 7, 19, 8, 8, 0, 'T', NULL, 6),
	(2670, b'1', NULL, 2019, 7, 22, 8, 8, 0, 'T', NULL, 6),
	(2671, b'1', NULL, 2019, 7, 23, 8, 8, 0, 'T', NULL, 6),
	(2672, b'1', NULL, 2019, 7, 24, 8, 8, 0, 'T', NULL, 6),
	(2673, b'1', NULL, 2019, 7, 25, 8, 8, 0, 'T', NULL, 6),
	(2674, b'1', NULL, 2019, 7, 26, 8, 8, 0, 'T', NULL, 6),
	(2675, b'1', NULL, 2019, 7, 29, 8, 8, 0, 'T', NULL, 6),
	(2676, b'1', NULL, 2019, 7, 30, 8, 8, 0, 'T', NULL, 6),
	(2677, b'1', NULL, 2019, 7, 31, 8, 8, 0, 'T', NULL, 6),
	(2678, b'1', NULL, 2019, 8, 1, 8, 8, 0, 'T', NULL, 6),
	(2679, b'1', NULL, 2019, 8, 2, 8, 8, 0, 'T', NULL, 6),
	(2680, b'1', NULL, 2019, 8, 5, 8, 8, 0, 'T', NULL, 6),
	(2681, b'1', NULL, 2019, 8, 6, 8, 8, 0, 'T', NULL, 6),
	(2682, b'1', NULL, 2019, 8, 7, 8, 8, 0, 'T', NULL, 6),
	(2683, b'1', NULL, 2019, 8, 8, 8, 8, 0, 'T', NULL, 6),
	(2684, b'1', NULL, 2019, 8, 9, 8, 8, 0, 'T', NULL, 6),
	(2685, b'1', NULL, 2019, 8, 12, 8, 8, 0, 'T', NULL, 6),
	(2686, b'1', NULL, 2019, 8, 13, 8, 8, 0, 'T', NULL, 6),
	(2687, b'1', NULL, 2019, 9, 27, 8, 8, 0, 'T', NULL, 6),
	(2688, b'1', NULL, 2019, 9, 30, 8, 8, 0, 'T', NULL, 6),
	(2689, b'1', NULL, 2019, 10, 1, 8, 8, 0, 'T', NULL, 6),
	(2690, b'1', NULL, 2019, 10, 2, 8, 8, 0, 'T', NULL, 6),
	(2691, b'1', NULL, 2019, 11, 19, 8, 8, 0, 'T', NULL, 6),
	(2692, b'1', NULL, 2019, 11, 20, 8, 8, 0, 'T', NULL, 6),
	(2693, b'1', NULL, 2019, 11, 21, 8, 8, 0, 'T', NULL, 6),
	(2694, b'1', NULL, 2019, 11, 22, 8, 8, 0, 'T', NULL, 6),
	(2695, b'1', NULL, 2019, 11, 25, 8, 8, 0, 'T', NULL, 6),
	(2696, b'1', NULL, 2019, 11, 26, 8, 8, 0, 'T', NULL, 6),
	(2697, b'1', NULL, 2019, 11, 27, 8, 8, 0, 'T', NULL, 6),
	(2698, b'1', NULL, 2019, 11, 28, 8, 8, 0, 'T', NULL, 6),
	(2699, b'1', NULL, 2019, 11, 29, 8, 8, 0, 'T', NULL, 6),
	(2700, b'1', NULL, 2019, 12, 2, 8, 8, 0, 'T', NULL, 6),
	(2701, b'1', NULL, 2019, 12, 3, 8, 8, 0, 'T', NULL, 6),
	(2702, b'1', NULL, 2019, 12, 4, 8, 8, 0, 'T', NULL, 6),
	(2703, b'1', NULL, 2019, 12, 5, 8, 8, 0, 'T', NULL, 6),
	(2704, b'1', NULL, 2019, 12, 6, 8, 8, 0, 'T', NULL, 6),
	(2705, b'1', NULL, 2019, 12, 9, 5.5, 8, 0, 'A', '', 6),
	(2706, b'1', NULL, 2019, 12, 10, 8, 8, 0, 'T', NULL, 6),
	(2707, b'1', NULL, 2019, 12, 11, 8, 8, 0, 'T', NULL, 6),
	(2708, b'1', NULL, 2019, 12, 12, 8, 8, 0, 'T', NULL, 6),
	(2709, b'1', NULL, 2019, 12, 13, 8, 8, 0, 'T', NULL, 6),
	(2710, b'1', NULL, 2019, 12, 16, 8, 8, 0, 'T', NULL, 6),
	(2711, b'1', NULL, 2019, 12, 17, 8, 8, 0, 'T', NULL, 6),
	(2712, b'1', NULL, 2019, 12, 18, 8, 8, 0, 'T', NULL, 6),
	(2713, b'1', NULL, 2019, 12, 19, 8, 8, 0, 'T', NULL, 6),
	(2714, b'1', NULL, 2019, 12, 20, 8, 8, 0, 'T', NULL, 6),
	(2715, b'1', NULL, 2019, 12, 23, 8, 8, 0, 'T', NULL, 6),
	(2716, b'1', NULL, 2019, 12, 24, 8, 8, 0, 'T', NULL, 6),
	(2717, b'1', NULL, 2019, 12, 25, 8, 8, 0, 'T', NULL, 6),
	(2718, b'1', NULL, 2019, 12, 26, 8, 8, 0, 'T', NULL, 6),
	(2719, b'1', NULL, 2019, 12, 27, 8, 8, 0, 'T', NULL, 6),
	(2720, b'1', NULL, 2019, 11, 18, 8, 8, 0, 'T', NULL, 6),
	(2721, b'1', NULL, 2019, 7, 3, 8, 8, 0, 'T', NULL, 6),
	(2722, b'1', NULL, 2019, 11, 15, 8, 8, 0, 'T', NULL, 6),
	(2723, b'1', NULL, 2019, 11, 13, 8, 8, 0, 'T', NULL, 6),
	(2724, b'1', NULL, 2019, 10, 3, 8, 8, 0, 'T', NULL, 6),
	(2725, b'1', NULL, 2019, 10, 4, 8, 8, 0, 'T', NULL, 6),
	(2726, b'1', NULL, 2019, 10, 7, 8, 8, 0, 'T', NULL, 6),
	(2727, b'1', NULL, 2019, 10, 8, 8, 8, 0, 'T', NULL, 6),
	(2728, b'1', NULL, 2019, 10, 9, 8, 8, 0, 'T', NULL, 6),
	(2729, b'1', NULL, 2019, 10, 10, 8, 8, 0, 'T', NULL, 6),
	(2730, b'1', NULL, 2019, 10, 11, 8, 8, 0, 'T', NULL, 6),
	(2731, b'1', NULL, 2019, 10, 14, 8, 8, 0, 'T', NULL, 6),
	(2732, b'1', NULL, 2019, 10, 15, 8, 8, 0, 'T', NULL, 6),
	(2733, b'1', NULL, 2019, 10, 16, 8, 8, 0, 'T', NULL, 6),
	(2734, b'1', NULL, 2019, 10, 17, 8, 8, 0, 'T', NULL, 6),
	(2735, b'1', NULL, 2019, 10, 18, 8, 8, 0, 'T', NULL, 6),
	(2736, b'1', NULL, 2019, 10, 21, 8, 8, 0, 'T', NULL, 6),
	(2737, b'1', NULL, 2019, 10, 22, 8, 8, 0, 'T', NULL, 6),
	(2738, b'1', NULL, 2019, 10, 23, 8, 8, 0, 'T', NULL, 6),
	(2739, b'1', NULL, 2019, 10, 24, 8, 8, 0, 'T', NULL, 6),
	(2740, b'1', NULL, 2019, 10, 25, 8, 8, 0, 'T', NULL, 6),
	(2741, b'1', NULL, 2019, 10, 28, 8, 8, 0, 'T', NULL, 6),
	(2742, b'1', NULL, 2019, 10, 29, 8, 8, 0, 'T', NULL, 6),
	(2743, b'1', NULL, 2019, 10, 30, 8, 8, 0, 'T', NULL, 6),
	(2744, b'1', NULL, 2019, 10, 31, 8, 8, 0, 'T', NULL, 6),
	(2745, b'1', NULL, 2019, 11, 1, 8, 8, 0, 'T', NULL, 6),
	(2746, b'1', NULL, 2019, 11, 4, 8, 8, 0, 'T', NULL, 6),
	(2747, b'1', NULL, 2019, 11, 5, 8, 8, 0, 'T', NULL, 6),
	(2748, b'1', NULL, 2019, 11, 6, 8, 8, 0, 'T', NULL, 6),
	(2749, b'1', NULL, 2019, 11, 7, 8, 8, 0, 'T', NULL, 6),
	(2750, b'1', NULL, 2019, 11, 8, 8, 8, 0, 'T', NULL, 6),
	(2751, b'1', NULL, 2019, 11, 11, 8, 8, 0, 'T', NULL, 6),
	(2752, b'1', NULL, 2019, 11, 12, 8, 8, 0, 'T', NULL, 6),
	(2753, b'1', NULL, 2019, 11, 14, 8, 8, 0, 'T', NULL, 6),
	(2754, b'1', NULL, 2019, 12, 30, 8, 8, 0, 'T', NULL, 6),
	(2755, b'1', NULL, 2019, 7, 2, 8, 8, 0, 'T', NULL, 6),
	(2756, b'1', NULL, 2019, 6, 28, 8, 8, 0, 'T', NULL, 6),
	(2757, b'1', NULL, 2019, 2, 18, 8, 8, 0, 'T', NULL, 6),
	(2758, b'1', NULL, 2019, 2, 19, 8, 8, 0, 'T', NULL, 6),
	(2759, b'1', NULL, 2019, 2, 20, 8, 8, 0, 'T', NULL, 6),
	(2760, b'1', NULL, 2019, 2, 21, 8, 8, 0, 'T', NULL, 6),
	(2761, b'1', NULL, 2019, 2, 22, 8, 8, 0, 'T', NULL, 6),
	(2762, b'1', NULL, 2019, 2, 25, 8, 8, 0, 'T', NULL, 6),
	(2763, b'1', NULL, 2019, 2, 26, 8, 8, 0, 'T', NULL, 6),
	(2764, b'1', NULL, 2019, 2, 27, 8, 8, 0, 'T', NULL, 6),
	(2765, b'1', NULL, 2019, 2, 28, 8, 8, 0, 'T', NULL, 6),
	(2766, b'1', NULL, 2019, 3, 1, 8, 8, 0, 'T', NULL, 6),
	(2767, b'1', NULL, 2019, 3, 4, 8, 8, 0, 'T', NULL, 6),
	(2768, b'1', NULL, 2019, 3, 5, 8, 8, 0, 'T', NULL, 6),
	(2769, b'1', NULL, 2019, 3, 6, 8, 8, 0, 'T', NULL, 6),
	(2770, b'1', NULL, 2019, 2, 15, 8, 8, 0, 'T', NULL, 6),
	(2771, b'1', NULL, 2019, 3, 7, 8, 8, 0, 'T', NULL, 6),
	(2772, b'1', NULL, 2019, 3, 11, 8, 8, 0, 'T', NULL, 6),
	(2773, b'1', NULL, 2019, 3, 12, 8, 8, 0, 'T', NULL, 6),
	(2774, b'1', NULL, 2019, 3, 13, 8, 8, 0, 'T', NULL, 6),
	(2775, b'1', NULL, 2019, 3, 14, 8, 8, 0, 'T', NULL, 6),
	(2776, b'1', NULL, 2019, 3, 15, 8, 8, 0, 'T', NULL, 6),
	(2777, b'1', NULL, 2019, 3, 18, 8, 8, 0, 'T', NULL, 6),
	(2778, b'1', NULL, 2019, 3, 19, 8, 8, 0, 'T', NULL, 6),
	(2779, b'1', NULL, 2019, 3, 20, 8, 8, 0, 'T', NULL, 6),
	(2780, b'1', NULL, 2019, 3, 21, 8, 8, 0, 'T', NULL, 6),
	(2781, b'1', NULL, 2019, 3, 22, 8, 8, 0, 'T', NULL, 6),
	(2782, b'1', NULL, 2019, 3, 25, 8, 8, 0, 'T', NULL, 6),
	(2783, b'1', NULL, 2019, 3, 26, 8, 8, 0, 'T', NULL, 6),
	(2784, b'1', NULL, 2019, 3, 27, 8, 8, 0, 'T', NULL, 6),
	(2785, b'1', NULL, 2019, 3, 8, 8, 8, 0, 'T', NULL, 6),
	(2786, b'1', NULL, 2019, 2, 14, 8, 8, 0, 'T', NULL, 6),
	(2787, b'1', NULL, 2019, 2, 13, 8, 8, 0, 'T', NULL, 6),
	(2788, b'1', NULL, 2019, 2, 12, 8, 8, 0, 'T', NULL, 6),
	(2789, b'1', NULL, 2019, 1, 2, 8, 8, 0, 'T', NULL, 6),
	(2790, b'1', NULL, 2019, 1, 3, 8, 8, 0, 'T', NULL, 6),
	(2791, b'1', NULL, 2019, 1, 4, 8, 8, 0, 'T', NULL, 6),
	(2792, b'1', NULL, 2019, 1, 7, 8, 8, 0, 'T', NULL, 6),
	(2793, b'1', NULL, 2019, 1, 8, 8, 8, 0, 'T', NULL, 6),
	(2794, b'1', NULL, 2019, 1, 9, 8, 8, 0, 'T', NULL, 6),
	(2795, b'1', NULL, 2019, 1, 10, 8, 8, 0, 'T', NULL, 6),
	(2796, b'1', NULL, 2019, 1, 11, 8, 8, 0, 'T', NULL, 6),
	(2797, b'1', NULL, 2019, 1, 14, 8, 8, 0, 'T', NULL, 6),
	(2798, b'1', NULL, 2019, 1, 15, 8, 8, 0, 'T', NULL, 6),
	(2799, b'1', NULL, 2019, 1, 16, 8, 8, 0, 'T', NULL, 6),
	(2800, b'1', NULL, 2019, 1, 17, 8, 8, 0, 'T', NULL, 6),
	(2801, b'1', NULL, 2019, 1, 18, 8, 8, 0, 'T', NULL, 6),
	(2802, b'1', NULL, 2019, 1, 21, 8, 8, 0, 'T', NULL, 6),
	(2803, b'1', NULL, 2019, 1, 22, 8, 8, 0, 'T', NULL, 6),
	(2804, b'1', NULL, 2019, 1, 23, 8, 8, 0, 'T', NULL, 6),
	(2805, b'1', NULL, 2019, 1, 24, 8, 8, 0, 'T', NULL, 6),
	(2806, b'1', NULL, 2019, 1, 25, 8, 8, 0, 'T', NULL, 6),
	(2807, b'1', NULL, 2019, 1, 28, 8, 8, 0, 'T', NULL, 6),
	(2808, b'1', NULL, 2019, 1, 29, 8, 8, 0, 'T', NULL, 6),
	(2809, b'1', NULL, 2019, 1, 30, 8, 8, 0, 'T', NULL, 6),
	(2810, b'1', NULL, 2019, 1, 31, 8, 8, 0, 'T', NULL, 6),
	(2811, b'1', NULL, 2019, 2, 1, 8, 8, 0, 'T', NULL, 6),
	(2812, b'1', NULL, 2019, 2, 4, 8, 8, 0, 'T', NULL, 6),
	(2813, b'1', NULL, 2019, 2, 5, 8, 8, 0, 'T', NULL, 6),
	(2814, b'1', NULL, 2019, 2, 6, 8, 8, 0, 'T', NULL, 6),
	(2815, b'1', NULL, 2019, 2, 7, 8, 8, 0, 'T', NULL, 6),
	(2816, b'1', NULL, 2019, 2, 8, 8, 8, 0, 'T', NULL, 6),
	(2817, b'1', NULL, 2019, 2, 11, 8, 8, 0, 'T', NULL, 6),
	(2818, b'1', NULL, 2019, 3, 28, 8, 8, 0, 'T', NULL, 6),
	(2819, b'1', NULL, 2019, 3, 29, 8, 8, 0, 'T', NULL, 6),
	(2820, b'1', NULL, 2019, 4, 1, 8, 8, 0, 'T', NULL, 6),
	(2821, b'1', NULL, 2019, 4, 2, 8, 8, 0, 'T', NULL, 6),
	(2822, b'1', NULL, 2019, 5, 20, 8, 8, 0, 'T', NULL, 6),
	(2823, b'1', NULL, 2019, 5, 21, 8, 8, 0, 'T', NULL, 6),
	(2824, b'1', NULL, 2019, 5, 22, 8, 8, 0, 'T', NULL, 6),
	(2825, b'1', NULL, 2019, 5, 23, 8, 8, 0, 'T', NULL, 6),
	(2826, b'1', NULL, 2019, 5, 24, 8, 8, 0, 'T', NULL, 6),
	(2827, b'1', NULL, 2019, 5, 27, 8, 8, 0, 'T', NULL, 6),
	(2828, b'1', NULL, 2019, 5, 28, 8, 8, 0, 'T', NULL, 6),
	(2829, b'1', NULL, 2019, 5, 29, 8, 8, 0, 'T', NULL, 6),
	(2830, b'1', NULL, 2019, 5, 30, 8, 8, 0, 'T', NULL, 6),
	(2831, b'1', NULL, 2019, 5, 31, 8, 8, 0, 'T', NULL, 6),
	(2832, b'1', NULL, 2019, 6, 3, 8, 8, 0, 'T', NULL, 6),
	(2833, b'1', NULL, 2019, 6, 4, 8, 8, 0, 'T', NULL, 6),
	(2834, b'1', NULL, 2019, 6, 5, 8, 8, 0, 'T', NULL, 6),
	(2835, b'1', NULL, 2019, 6, 6, 8, 8, 0, 'T', NULL, 6),
	(2836, b'1', NULL, 2019, 6, 7, 8, 8, 0, 'T', NULL, 6),
	(2837, b'1', NULL, 2019, 6, 10, 8, 8, 0, 'T', NULL, 6),
	(2838, b'1', NULL, 2019, 6, 11, 8, 8, 0, 'T', NULL, 6),
	(2839, b'1', NULL, 2019, 6, 12, 8, 8, 0, 'T', NULL, 6),
	(2840, b'1', NULL, 2019, 6, 13, 8, 8, 0, 'T', NULL, 6),
	(2841, b'1', NULL, 2019, 6, 14, 8, 8, 0, 'T', NULL, 6),
	(2842, b'1', NULL, 2019, 6, 17, 8, 8, 0, 'T', NULL, 6),
	(2843, b'1', NULL, 2019, 6, 18, 8, 8, 0, 'T', NULL, 6),
	(2844, b'1', NULL, 2019, 6, 19, 8, 8, 0, 'T', NULL, 6),
	(2845, b'1', NULL, 2019, 6, 20, 8, 8, 0, 'T', NULL, 6),
	(2846, b'1', NULL, 2019, 6, 21, 8, 8, 0, 'T', NULL, 6),
	(2847, b'1', NULL, 2019, 6, 24, 8, 8, 0, 'T', NULL, 6),
	(2848, b'1', NULL, 2019, 6, 25, 8, 8, 0, 'T', NULL, 6),
	(2849, b'1', NULL, 2019, 6, 26, 8, 8, 0, 'T', NULL, 6),
	(2850, b'1', NULL, 2019, 6, 27, 8, 8, 0, 'T', NULL, 6),
	(2851, b'1', NULL, 2019, 5, 17, 8, 8, 0, 'T', NULL, 6),
	(2852, b'1', NULL, 2019, 7, 1, 8, 8, 0, 'T', NULL, 6),
	(2853, b'1', NULL, 2019, 5, 16, 8, 8, 0, 'T', NULL, 6),
	(2854, b'1', NULL, 2019, 5, 14, 8, 8, 0, 'T', NULL, 6),
	(2855, b'1', NULL, 2019, 4, 3, 8, 8, 0, 'T', NULL, 6),
	(2856, b'1', NULL, 2019, 4, 4, 8, 8, 0, 'T', NULL, 6),
	(2857, b'1', NULL, 2019, 4, 5, 8, 8, 0, 'T', NULL, 6),
	(2858, b'1', NULL, 2019, 4, 8, 8, 8, 0, 'T', NULL, 6),
	(2859, b'1', NULL, 2019, 4, 9, 8, 8, 0, 'T', NULL, 6),
	(2860, b'1', NULL, 2019, 4, 10, 8, 8, 0, 'T', NULL, 6),
	(2861, b'1', NULL, 2019, 4, 11, 8, 8, 0, 'T', NULL, 6),
	(2862, b'1', NULL, 2019, 4, 12, 8, 8, 0, 'T', NULL, 6),
	(2863, b'1', NULL, 2019, 4, 15, 8, 8, 0, 'T', NULL, 6),
	(2864, b'1', NULL, 2019, 4, 16, 8, 8, 0, 'T', NULL, 6),
	(2865, b'1', NULL, 2019, 4, 17, 8, 8, 0, 'T', NULL, 6),
	(2866, b'1', NULL, 2019, 4, 18, 8, 8, 0, 'T', NULL, 6),
	(2867, b'1', NULL, 2019, 4, 19, 8, 8, 0, 'T', NULL, 6),
	(2868, b'1', NULL, 2019, 4, 22, 8, 8, 0, 'T', NULL, 6),
	(2869, b'1', NULL, 2019, 4, 23, 8, 8, 0, 'T', NULL, 6),
	(2870, b'1', NULL, 2019, 4, 24, 8, 8, 0, 'T', NULL, 6),
	(2871, b'1', NULL, 2019, 4, 25, 8, 8, 0, 'T', NULL, 6),
	(2872, b'1', NULL, 2019, 4, 26, 8, 8, 0, 'T', NULL, 6),
	(2873, b'1', NULL, 2019, 4, 29, 8, 8, 0, 'T', NULL, 6),
	(2874, b'1', NULL, 2019, 4, 30, 8, 8, 0, 'T', NULL, 6),
	(2875, b'1', NULL, 2019, 5, 1, 8, 8, 0, 'T', NULL, 6),
	(2876, b'1', NULL, 2019, 5, 2, 8, 8, 0, 'T', NULL, 6),
	(2877, b'1', NULL, 2019, 5, 3, 8, 8, 0, 'T', NULL, 6),
	(2878, b'1', NULL, 2019, 5, 6, 8, 8, 0, 'T', NULL, 6),
	(2879, b'1', NULL, 2019, 5, 7, 8, 8, 0, 'T', NULL, 6),
	(2880, b'1', NULL, 2019, 5, 8, 8, 8, 0, 'T', NULL, 6),
	(2881, b'1', NULL, 2019, 5, 9, 8, 8, 0, 'T', NULL, 6),
	(2882, b'1', NULL, 2019, 5, 10, 8, 8, 0, 'T', NULL, 6),
	(2883, b'1', NULL, 2019, 5, 13, 8, 8, 0, 'T', NULL, 6),
	(2884, b'1', NULL, 2019, 5, 15, 8, 8, 0, 'T', NULL, 6),
	(2885, b'1', NULL, 2019, 12, 31, 8, 8, 0, 'T', NULL, 6),
	(2886, b'1', NULL, 2019, 1, 1, 4, 4, 0, 'T', NULL, 7),
	(2887, b'1', NULL, 2019, 8, 20, 4, 4, 0, 'T', NULL, 7),
	(2888, b'1', NULL, 2019, 8, 21, 4, 4, 0, 'T', NULL, 7),
	(2889, b'1', NULL, 2019, 8, 22, 4, 4, 0, 'T', NULL, 7),
	(2890, b'1', NULL, 2019, 8, 26, 4, 4, 0, 'T', NULL, 7),
	(2891, b'1', NULL, 2019, 8, 27, 4, 4, 0, 'T', NULL, 7),
	(2892, b'1', NULL, 2019, 8, 28, 4, 4, 0, 'T', NULL, 7),
	(2893, b'1', NULL, 2019, 8, 29, 4, 4, 0, 'T', NULL, 7),
	(2894, b'1', NULL, 2019, 9, 2, 4, 4, 0, 'T', NULL, 7),
	(2895, b'1', NULL, 2019, 9, 3, 4, 4, 0, 'T', NULL, 7),
	(2896, b'1', NULL, 2019, 9, 4, 4, 4, 0, 'T', NULL, 7),
	(2897, b'1', NULL, 2019, 8, 19, 4, 4, 0, 'T', NULL, 7),
	(2898, b'1', NULL, 2019, 9, 5, 4, 4, 0, 'T', NULL, 7),
	(2899, b'1', NULL, 2019, 9, 10, 4, 4, 0, 'T', NULL, 7),
	(2900, b'1', NULL, 2019, 9, 11, 4, 4, 0, 'T', NULL, 7),
	(2901, b'1', NULL, 2019, 9, 12, 4, 4, 0, 'T', NULL, 7),
	(2902, b'1', NULL, 2019, 9, 16, 4, 4, 0, 'T', NULL, 7),
	(2903, b'1', NULL, 2019, 9, 17, 4, 4, 0, 'T', NULL, 7),
	(2904, b'1', NULL, 2019, 9, 18, 4, 4, 0, 'T', NULL, 7),
	(2905, b'1', NULL, 2019, 9, 19, 4, 4, 0, 'T', NULL, 7),
	(2906, b'1', NULL, 2019, 9, 23, 4, 4, 0, 'T', NULL, 7),
	(2907, b'1', NULL, 2019, 9, 24, 4, 4, 0, 'T', NULL, 7),
	(2908, b'1', NULL, 2019, 9, 25, 4, 4, 0, 'T', NULL, 7),
	(2909, b'1', NULL, 2019, 9, 9, 4, 4, 0, 'T', NULL, 7),
	(2910, b'1', NULL, 2019, 9, 26, 4, 4, 0, 'T', NULL, 7),
	(2911, b'1', NULL, 2019, 8, 15, 4, 4, 0, 'T', NULL, 7),
	(2912, b'1', NULL, 2019, 8, 13, 4, 4, 0, 'T', NULL, 7),
	(2913, b'1', NULL, 2019, 7, 4, 4, 4, 0, 'T', NULL, 7),
	(2914, b'1', NULL, 2019, 7, 8, 4, 4, 0, 'T', NULL, 7),
	(2915, b'1', NULL, 2019, 7, 9, 4, 4, 0, 'T', NULL, 7),
	(2916, b'1', NULL, 2019, 7, 10, 4, 4, 0, 'T', NULL, 7),
	(2917, b'1', NULL, 2019, 7, 11, 4, 4, 0, 'T', '', 7),
	(2918, b'1', NULL, 2019, 7, 15, 4, 4, 0, 'T', NULL, 7),
	(2919, b'1', NULL, 2019, 7, 16, 4, 4, 0, 'T', NULL, 7),
	(2920, b'1', NULL, 2019, 7, 17, 4, 4, 0, 'T', NULL, 7),
	(2921, b'1', NULL, 2019, 7, 18, 4, 4, 0, 'T', NULL, 7),
	(2922, b'1', NULL, 2019, 7, 22, 4, 4, 0, 'T', NULL, 7),
	(2923, b'1', NULL, 2019, 8, 14, 4, 4, 0, 'T', NULL, 7),
	(2924, b'1', NULL, 2019, 7, 23, 4, 4, 0, 'T', NULL, 7),
	(2925, b'1', NULL, 2019, 7, 25, 4, 4, 0, 'T', NULL, 7),
	(2926, b'1', NULL, 2019, 7, 29, 4, 4, 0, 'T', NULL, 7),
	(2927, b'1', NULL, 2019, 7, 30, 4, 4, 0, 'T', NULL, 7),
	(2928, b'1', NULL, 2019, 7, 31, 4, 4, 0, 'T', NULL, 7),
	(2929, b'1', NULL, 2019, 8, 1, 4, 4, 0, 'T', NULL, 7),
	(2930, b'1', NULL, 2019, 8, 5, 4, 4, 0, 'T', NULL, 7),
	(2931, b'1', NULL, 2019, 8, 6, 4, 4, 0, 'T', NULL, 7),
	(2932, b'1', NULL, 2019, 8, 7, 4, 4, 0, 'T', NULL, 7),
	(2933, b'1', NULL, 2019, 8, 8, 4, 4, 0, 'T', NULL, 7),
	(2934, b'1', NULL, 2019, 8, 12, 4, 4, 0, 'T', NULL, 7),
	(2935, b'1', NULL, 2019, 7, 24, 4, 4, 0, 'T', NULL, 7),
	(2936, b'1', NULL, 2019, 9, 30, 4, 4, 0, 'T', NULL, 7),
	(2937, b'1', NULL, 2019, 10, 1, 4, 4, 0, 'T', NULL, 7),
	(2938, b'1', NULL, 2019, 10, 2, 4, 4, 0, 'T', NULL, 7),
	(2939, b'1', NULL, 2019, 11, 20, 4, 4, 0, 'T', NULL, 7),
	(2940, b'1', NULL, 2019, 11, 21, 4, 4, 0, 'T', NULL, 7),
	(2941, b'1', NULL, 2019, 11, 25, 4, 4, 0, 'T', NULL, 7),
	(2942, b'1', NULL, 2019, 11, 26, 4, 4, 0, 'T', NULL, 7),
	(2943, b'1', NULL, 2019, 11, 27, 4, 4, 0, 'T', NULL, 7),
	(2944, b'1', NULL, 2019, 11, 28, 4, 4, 0, 'T', NULL, 7),
	(2945, b'1', NULL, 2019, 12, 2, 4, 4, 0, 'T', NULL, 7),
	(2946, b'1', NULL, 2019, 12, 3, 4, 4, 0, 'T', NULL, 7),
	(2947, b'1', NULL, 2019, 12, 4, 4, 4, 0, 'T', NULL, 7),
	(2948, b'1', NULL, 2019, 12, 5, 4, 4, 0, 'T', NULL, 7),
	(2949, b'1', NULL, 2019, 11, 19, 4, 4, 0, 'T', NULL, 7),
	(2950, b'1', NULL, 2019, 12, 9, 4, 4, 0, 'T', NULL, 7),
	(2951, b'1', NULL, 2019, 12, 11, 4, 4, 0, 'T', NULL, 7),
	(2952, b'1', NULL, 2019, 12, 12, 4, 4, 0, 'T', NULL, 7),
	(2953, b'1', NULL, 2019, 12, 16, 4, 4, 0, 'T', NULL, 7),
	(2954, b'1', NULL, 2019, 12, 17, 4, 4, 0, 'T', NULL, 7),
	(2955, b'1', NULL, 2019, 12, 18, 4, 4, 0, 'T', NULL, 7),
	(2956, b'1', NULL, 2019, 12, 19, 4, 4, 0, 'T', NULL, 7),
	(2957, b'1', NULL, 2019, 12, 23, 4, 4, 0, 'T', NULL, 7),
	(2958, b'1', NULL, 2019, 12, 24, 4, 4, 0, 'T', NULL, 7),
	(2959, b'1', NULL, 2019, 12, 25, 4, 4, 0, 'T', NULL, 7),
	(2960, b'1', NULL, 2019, 12, 26, 4, 4, 0, 'T', NULL, 7),
	(2961, b'1', NULL, 2019, 12, 10, 4, 4, 0, 'T', NULL, 7),
	(2962, b'1', NULL, 2019, 11, 18, 4, 4, 0, 'T', NULL, 7),
	(2963, b'1', NULL, 2019, 11, 14, 4, 4, 0, 'T', NULL, 7),
	(2964, b'1', NULL, 2019, 11, 13, 4, 4, 0, 'T', NULL, 7),
	(2965, b'1', NULL, 2019, 10, 3, 4, 4, 0, 'T', NULL, 7),
	(2966, b'1', NULL, 2019, 10, 7, 4, 4, 0, 'T', NULL, 7),
	(2967, b'1', NULL, 2019, 10, 8, 4, 4, 0, 'T', NULL, 7),
	(2968, b'1', NULL, 2019, 10, 9, 4, 4, 0, 'T', NULL, 7),
	(2969, b'1', NULL, 2019, 10, 10, 4, 4, 0, 'T', NULL, 7),
	(2970, b'1', NULL, 2019, 10, 14, 4, 4, 0, 'T', NULL, 7),
	(2971, b'1', NULL, 2019, 10, 15, 4, 4, 0, 'T', NULL, 7),
	(2972, b'1', NULL, 2019, 10, 16, 4, 4, 0, 'T', NULL, 7),
	(2973, b'1', NULL, 2019, 10, 17, 4, 4, 0, 'T', NULL, 7),
	(2974, b'1', NULL, 2019, 10, 21, 4, 4, 0, 'T', NULL, 7),
	(2975, b'1', NULL, 2019, 10, 22, 4, 4, 0, 'T', NULL, 7),
	(2976, b'1', NULL, 2019, 10, 23, 4, 4, 0, 'T', NULL, 7),
	(2977, b'1', NULL, 2019, 10, 24, 4, 4, 0, 'T', NULL, 7),
	(2978, b'1', NULL, 2019, 10, 28, 4, 4, 0, 'T', NULL, 7),
	(2979, b'1', NULL, 2019, 10, 29, 4, 4, 0, 'T', NULL, 7),
	(2980, b'1', NULL, 2019, 10, 30, 4, 4, 0, 'T', NULL, 7),
	(2981, b'1', NULL, 2019, 10, 31, 4, 4, 0, 'T', NULL, 7),
	(2982, b'1', NULL, 2019, 11, 4, 4, 4, 0, 'T', NULL, 7),
	(2983, b'1', NULL, 2019, 11, 5, 4, 4, 0, 'T', NULL, 7),
	(2984, b'1', NULL, 2019, 11, 6, 4, 4, 0, 'T', NULL, 7),
	(2985, b'1', NULL, 2019, 11, 7, 4, 4, 0, 'T', NULL, 7),
	(2986, b'1', NULL, 2019, 11, 11, 4, 4, 0, 'T', NULL, 7),
	(2987, b'1', NULL, 2019, 11, 12, 4, 4, 0, 'T', NULL, 7),
	(2988, b'1', NULL, 2019, 7, 3, 4, 4, 0, 'T', NULL, 7),
	(2989, b'1', NULL, 2019, 12, 30, 4, 4, 0, 'T', NULL, 7),
	(2990, b'1', NULL, 2019, 7, 2, 4, 4, 0, 'P', '66ue', 7),
	(2991, b'1', NULL, 2019, 6, 27, 4, 4, 0, 'T', NULL, 7),
	(2992, b'1', NULL, 2019, 2, 18, 4, 4, 0, 'T', NULL, 7),
	(2993, b'1', NULL, 2019, 2, 19, 4, 4, 0, 'T', NULL, 7),
	(2994, b'1', NULL, 2019, 2, 20, 4, 4, 0, 'T', NULL, 7),
	(2995, b'1', NULL, 2019, 2, 21, 4, 4, 0, 'T', NULL, 7),
	(2996, b'1', NULL, 2019, 2, 25, 4, 4, 0, 'T', NULL, 7),
	(2997, b'1', NULL, 2019, 2, 26, 4, 4, 0, 'T', NULL, 7),
	(2998, b'1', NULL, 2019, 2, 27, 4, 4, 0, 'T', NULL, 7),
	(2999, b'1', NULL, 2019, 2, 28, 4, 4, 0, 'T', NULL, 7),
	(3000, b'1', NULL, 2019, 3, 4, 4, 4, 0, 'T', NULL, 7),
	(3001, b'1', NULL, 2019, 3, 5, 4, 4, 0, 'T', NULL, 7),
	(3002, b'1', NULL, 2019, 2, 14, 4, 4, 0, 'T', NULL, 7),
	(3003, b'1', NULL, 2019, 3, 6, 4, 4, 0, 'T', NULL, 7),
	(3004, b'1', NULL, 2019, 3, 11, 4, 4, 0, 'T', NULL, 7),
	(3005, b'1', NULL, 2019, 3, 12, 4, 4, 0, 'T', NULL, 7),
	(3006, b'1', NULL, 2019, 3, 13, 4, 4, 0, 'T', NULL, 7),
	(3007, b'1', NULL, 2019, 3, 14, 4, 4, 0, 'T', NULL, 7),
	(3008, b'1', NULL, 2019, 3, 18, 4, 4, 0, 'T', NULL, 7),
	(3009, b'1', NULL, 2019, 3, 19, 4, 4, 0, 'T', NULL, 7),
	(3010, b'1', NULL, 2019, 3, 20, 4, 4, 0, 'T', NULL, 7),
	(3011, b'1', NULL, 2019, 3, 21, 4, 4, 0, 'T', NULL, 7),
	(3012, b'1', NULL, 2019, 3, 25, 4, 4, 0, 'T', NULL, 7),
	(3013, b'1', NULL, 2019, 3, 26, 4, 4, 0, 'T', NULL, 7),
	(3014, b'1', NULL, 2019, 3, 7, 4, 4, 0, 'T', NULL, 7),
	(3015, b'1', NULL, 2019, 3, 27, 4, 4, 0, 'T', NULL, 7),
	(3016, b'1', NULL, 2019, 2, 13, 4, 4, 0, 'T', NULL, 7),
	(3017, b'1', NULL, 2019, 2, 11, 4, 4, 0, 'T', NULL, 7),
	(3018, b'1', NULL, 2019, 1, 2, 4, 4, 0, 'T', NULL, 7),
	(3019, b'1', NULL, 2019, 1, 3, 4, 4, 0, 'T', NULL, 7),
	(3020, b'1', NULL, 2019, 1, 7, 4, 4, 0, 'T', NULL, 7),
	(3021, b'1', NULL, 2019, 1, 8, 4, 4, 0, 'T', NULL, 7),
	(3022, b'1', NULL, 2019, 1, 9, 4, 4, 0, 'T', NULL, 7),
	(3023, b'1', NULL, 2019, 1, 10, 4, 4, 0, 'T', NULL, 7),
	(3024, b'1', NULL, 2019, 1, 14, 4, 4, 0, 'T', NULL, 7),
	(3025, b'1', NULL, 2019, 1, 15, 4, 4, 0, 'T', NULL, 7),
	(3026, b'1', NULL, 2019, 1, 16, 4, 4, 0, 'T', NULL, 7),
	(3027, b'1', NULL, 2019, 1, 17, 4, 4, 0, 'T', NULL, 7),
	(3028, b'1', NULL, 2019, 2, 12, 4, 4, 0, 'T', NULL, 7),
	(3029, b'1', NULL, 2019, 1, 21, 4, 4, 0, 'T', NULL, 7),
	(3030, b'1', NULL, 2019, 1, 23, 4, 4, 0, 'T', NULL, 7),
	(3031, b'1', NULL, 2019, 1, 24, 4, 4, 0, 'T', NULL, 7),
	(3032, b'1', NULL, 2019, 1, 28, 4, 4, 0, 'T', NULL, 7),
	(3033, b'1', NULL, 2019, 1, 29, 4, 4, 0, 'T', NULL, 7),
	(3034, b'1', NULL, 2019, 1, 30, 4, 4, 0, 'T', NULL, 7),
	(3035, b'1', NULL, 2019, 1, 31, 4, 4, 0, 'T', NULL, 7),
	(3036, b'1', NULL, 2019, 2, 4, 4, 4, 0, 'T', NULL, 7),
	(3037, b'1', NULL, 2019, 2, 5, 4, 4, 0, 'T', NULL, 7),
	(3038, b'1', NULL, 2019, 2, 6, 4, 4, 0, 'T', NULL, 7),
	(3039, b'1', NULL, 2019, 2, 7, 4, 4, 0, 'T', NULL, 7),
	(3040, b'1', NULL, 2019, 1, 22, 4, 4, 0, 'T', NULL, 7),
	(3041, b'1', NULL, 2019, 3, 28, 4, 4, 0, 'T', NULL, 7),
	(3042, b'1', NULL, 2019, 4, 1, 4, 4, 0, 'T', NULL, 7),
	(3043, b'1', NULL, 2019, 4, 2, 4, 4, 0, 'T', NULL, 7),
	(3044, b'1', NULL, 2019, 5, 21, 4, 4, 0, 'T', NULL, 7),
	(3045, b'1', NULL, 2019, 5, 22, 4, 4, 0, 'T', NULL, 7),
	(3046, b'1', NULL, 2019, 5, 23, 4, 4, 0, 'T', NULL, 7),
	(3047, b'1', NULL, 2019, 5, 27, 4, 4, 0, 'T', NULL, 7),
	(3048, b'1', NULL, 2019, 5, 28, 4, 4, 0, 'T', NULL, 7),
	(3049, b'1', NULL, 2019, 5, 29, 4, 4, 0, 'T', NULL, 7),
	(3050, b'1', NULL, 2019, 5, 30, 4, 4, 0, 'T', NULL, 7),
	(3051, b'1', NULL, 2019, 6, 3, 4, 4, 0, 'T', NULL, 7),
	(3052, b'1', NULL, 2019, 6, 4, 4, 4, 0, 'T', NULL, 7),
	(3053, b'1', NULL, 2019, 6, 5, 4, 4, 0, 'T', NULL, 7),
	(3054, b'1', NULL, 2019, 5, 20, 4, 4, 0, 'T', NULL, 7),
	(3055, b'1', NULL, 2019, 6, 6, 4, 4, 0, 'T', NULL, 7),
	(3056, b'1', NULL, 2019, 6, 11, 4, 4, 0, 'T', NULL, 7),
	(3057, b'1', NULL, 2019, 6, 12, 4, 4, 0, 'T', NULL, 7),
	(3058, b'1', NULL, 2019, 6, 13, 4, 4, 0, 'T', NULL, 7),
	(3059, b'1', NULL, 2019, 6, 17, 4, 4, 0, 'T', NULL, 7),
	(3060, b'1', NULL, 2019, 6, 18, 4, 4, 0, 'T', NULL, 7),
	(3061, b'1', NULL, 2019, 6, 19, 4, 4, 0, 'T', NULL, 7),
	(3062, b'1', NULL, 2019, 6, 20, 4, 4, 0, 'T', NULL, 7),
	(3063, b'1', NULL, 2019, 6, 24, 4, 4, 0, 'T', NULL, 7),
	(3064, b'1', NULL, 2019, 6, 25, 4, 4, 0, 'T', NULL, 7),
	(3065, b'1', NULL, 2019, 6, 26, 4, 4, 0, 'T', NULL, 7),
	(3066, b'1', NULL, 2019, 6, 10, 4, 4, 0, 'T', NULL, 7),
	(3067, b'1', NULL, 2019, 5, 16, 4, 4, 0, 'T', NULL, 7),
	(3068, b'1', NULL, 2019, 5, 15, 4, 4, 0, 'T', NULL, 7),
	(3069, b'1', NULL, 2019, 5, 14, 4, 4, 0, 'T', NULL, 7),
	(3070, b'1', NULL, 2019, 4, 3, 4, 4, 0, 'T', NULL, 7),
	(3071, b'1', NULL, 2019, 4, 4, 4, 4, 0, 'T', NULL, 7),
	(3072, b'1', NULL, 2019, 4, 8, 4, 4, 0, 'T', NULL, 7),
	(3073, b'1', NULL, 2019, 4, 9, 4, 4, 0, 'T', NULL, 7),
	(3074, b'1', NULL, 2019, 4, 10, 4, 4, 0, 'T', NULL, 7),
	(3075, b'1', NULL, 2019, 4, 11, 4, 4, 0, 'T', NULL, 7),
	(3076, b'1', NULL, 2019, 4, 15, 4, 4, 0, 'T', NULL, 7),
	(3077, b'1', NULL, 2019, 4, 16, 4, 4, 0, 'T', NULL, 7),
	(3078, b'1', NULL, 2019, 4, 17, 4, 4, 0, 'T', NULL, 7),
	(3079, b'1', NULL, 2019, 4, 18, 4, 4, 0, 'T', NULL, 7),
	(3080, b'1', NULL, 2019, 4, 22, 4, 4, 0, 'T', NULL, 7),
	(3081, b'1', NULL, 2019, 4, 23, 4, 4, 0, 'T', NULL, 7),
	(3082, b'1', NULL, 2019, 4, 24, 4, 4, 0, 'T', NULL, 7),
	(3083, b'1', NULL, 2019, 4, 25, 4, 4, 0, 'T', NULL, 7),
	(3084, b'1', NULL, 2019, 4, 29, 4, 4, 0, 'T', NULL, 7),
	(3085, b'1', NULL, 2019, 4, 30, 4, 4, 0, 'T', NULL, 7),
	(3086, b'1', NULL, 2019, 5, 1, 4, 4, 0, 'T', NULL, 7),
	(3087, b'1', NULL, 2019, 5, 2, 4, 4, 0, 'T', NULL, 7),
	(3088, b'1', NULL, 2019, 5, 6, 4, 4, 0, 'T', NULL, 7),
	(3089, b'1', NULL, 2019, 5, 7, 4, 4, 0, 'T', NULL, 7),
	(3090, b'1', NULL, 2019, 5, 8, 4, 4, 0, 'T', NULL, 7),
	(3091, b'1', NULL, 2019, 5, 9, 4, 4, 0, 'T', NULL, 7),
	(3092, b'1', NULL, 2019, 5, 13, 4, 4, 0, 'T', NULL, 7),
	(3093, b'1', NULL, 2019, 7, 1, 4, 4, 0, 'T', NULL, 7),
	(3094, b'1', NULL, 2019, 12, 31, 4, 4, 0, 'T', NULL, 7),
	(3095, b'1', NULL, 2019, 1, 1, 8, 8, 0, 'T', NULL, 8),
	(3096, b'1', NULL, 2019, 8, 20, 8, 8, 0, 'T', NULL, 8),
	(3097, b'1', NULL, 2019, 8, 21, 8, 8, 0, 'T', NULL, 8),
	(3098, b'1', NULL, 2019, 8, 22, 8, 8, 0, 'T', NULL, 8),
	(3099, b'1', NULL, 2019, 8, 23, 8, 8, 0, 'T', NULL, 8),
	(3100, b'1', NULL, 2019, 8, 26, 8, 8, 0, 'T', NULL, 8),
	(3101, b'1', NULL, 2019, 8, 27, 8, 8, 0, 'T', NULL, 8),
	(3102, b'1', NULL, 2019, 8, 28, 8, 8, 0, 'T', NULL, 8),
	(3103, b'1', NULL, 2019, 8, 29, 8, 8, 0, 'T', NULL, 8),
	(3104, b'1', NULL, 2019, 8, 30, 8, 8, 0, 'T', NULL, 8),
	(3105, b'1', NULL, 2019, 9, 2, 8, 8, 0, 'T', NULL, 8),
	(3106, b'1', NULL, 2019, 9, 3, 8, 8, 0, 'T', NULL, 8),
	(3107, b'1', NULL, 2019, 9, 4, 8, 8, 0, 'T', NULL, 8),
	(3108, b'1', NULL, 2019, 9, 5, 8, 8, 0, 'T', NULL, 8),
	(3109, b'1', NULL, 2019, 8, 19, 8, 8, 0, 'T', NULL, 8),
	(3110, b'1', NULL, 2019, 9, 6, 8, 8, 0, 'T', NULL, 8),
	(3111, b'1', NULL, 2019, 9, 10, 8, 8, 0, 'T', NULL, 8),
	(3112, b'1', NULL, 2019, 9, 11, 8, 8, 0, 'T', NULL, 8),
	(3113, b'1', NULL, 2019, 9, 12, 8, 8, 0, 'T', NULL, 8),
	(3114, b'1', NULL, 2019, 9, 13, 8, 8, 0, 'T', NULL, 8),
	(3115, b'1', NULL, 2019, 9, 16, 8, 8, 0, 'T', NULL, 8),
	(3116, b'1', NULL, 2019, 9, 17, 8, 8, 0, 'T', NULL, 8),
	(3117, b'1', NULL, 2019, 9, 18, 8, 8, 0, 'T', NULL, 8),
	(3118, b'1', NULL, 2019, 9, 19, 8, 8, 0, 'T', NULL, 8),
	(3119, b'1', NULL, 2019, 9, 20, 8, 8, 0, 'T', NULL, 8),
	(3120, b'1', NULL, 2019, 9, 23, 8, 8, 0, 'T', NULL, 8),
	(3121, b'1', NULL, 2019, 9, 24, 8, 8, 0, 'T', NULL, 8),
	(3122, b'1', NULL, 2019, 9, 25, 8, 8, 0, 'T', NULL, 8),
	(3123, b'1', NULL, 2019, 9, 26, 8, 8, 0, 'T', NULL, 8),
	(3124, b'1', NULL, 2019, 9, 9, 8, 8, 0, 'T', NULL, 8),
	(3125, b'1', NULL, 2019, 8, 16, 8, 8, 0, 'T', NULL, 8),
	(3126, b'1', NULL, 2019, 8, 15, 8, 8, 0, 'T', NULL, 8),
	(3127, b'1', NULL, 2019, 8, 14, 8, 8, 0, 'T', NULL, 8),
	(3128, b'1', NULL, 2019, 7, 4, 8, 8, 0, 'T', NULL, 8),
	(3129, b'1', NULL, 2019, 7, 5, 8, 8, 0, 'T', NULL, 8),
	(3130, b'1', NULL, 2019, 7, 8, 8, 8, 0, 'T', NULL, 8),
	(3131, b'1', NULL, 2019, 7, 9, 8, 8, 0, 'T', NULL, 8),
	(3132, b'1', NULL, 2019, 7, 10, 8, 8, 0, 'T', NULL, 8),
	(3133, b'1', NULL, 2019, 7, 11, 8, 8, 0, 'T', NULL, 8),
	(3134, b'1', NULL, 2019, 7, 12, 8, 8, 0, 'T', NULL, 8),
	(3135, b'1', NULL, 2019, 7, 15, 8, 8, 0, 'T', NULL, 8),
	(3136, b'1', NULL, 2019, 7, 16, 8, 8, 0, 'T', NULL, 8),
	(3137, b'1', NULL, 2019, 7, 17, 8, 8, 0, 'T', NULL, 8),
	(3138, b'1', NULL, 2019, 7, 18, 8, 8, 0, 'T', NULL, 8),
	(3139, b'1', NULL, 2019, 7, 19, 8, 8, 0, 'T', NULL, 8),
	(3140, b'1', NULL, 2019, 7, 22, 8, 8, 0, 'A', '', 8),
	(3141, b'1', NULL, 2019, 7, 23, 8, 8, 0, 'T', NULL, 8),
	(3142, b'1', NULL, 2019, 7, 24, 8, 8, 0, 'T', NULL, 8),
	(3143, b'1', NULL, 2019, 7, 25, 8, 8, 0, 'T', NULL, 8),
	(3144, b'1', NULL, 2019, 7, 26, 8, 8, 0, 'T', NULL, 8),
	(3145, b'1', NULL, 2019, 7, 29, 8, 8, 0, 'T', NULL, 8),
	(3146, b'1', NULL, 2019, 7, 30, 8, 8, 0, 'T', NULL, 8),
	(3147, b'1', NULL, 2019, 7, 31, 8, 8, 0, 'L', '', 8),
	(3148, b'1', NULL, 2019, 8, 1, 8, 8, 0, 'T', NULL, 8),
	(3149, b'1', NULL, 2019, 8, 2, 8, 8, 0, 'T', NULL, 8),
	(3150, b'1', NULL, 2019, 8, 5, 8, 8, 0, 'T', NULL, 8),
	(3151, b'1', NULL, 2019, 8, 6, 8, 8, 0, 'T', NULL, 8),
	(3152, b'1', NULL, 2019, 8, 7, 8, 8, 0, 'T', NULL, 8),
	(3153, b'1', NULL, 2019, 8, 8, 8, 8, 0, 'T', NULL, 8),
	(3154, b'1', NULL, 2019, 8, 9, 8, 8, 0, 'T', NULL, 8),
	(3155, b'1', NULL, 2019, 8, 12, 8, 8, 0, 'T', NULL, 8),
	(3156, b'1', NULL, 2019, 8, 13, 8, 8, 0, 'T', NULL, 8),
	(3157, b'1', NULL, 2019, 9, 27, 8, 8, 0, 'T', NULL, 8),
	(3158, b'1', NULL, 2019, 9, 30, 8, 8, 0, 'T', NULL, 8),
	(3159, b'1', NULL, 2019, 10, 1, 8, 8, 0, 'T', NULL, 8),
	(3160, b'1', NULL, 2019, 10, 2, 8, 8, 0, 'T', NULL, 8),
	(3161, b'1', NULL, 2019, 11, 19, 8, 8, 0, 'T', NULL, 8),
	(3162, b'1', NULL, 2019, 11, 20, 8, 8, 0, 'T', NULL, 8),
	(3163, b'1', NULL, 2019, 11, 21, 8, 8, 0, 'T', NULL, 8),
	(3164, b'1', NULL, 2019, 11, 22, 8, 8, 0, 'T', NULL, 8),
	(3165, b'1', NULL, 2019, 11, 25, 8, 8, 0, 'T', NULL, 8),
	(3166, b'1', NULL, 2019, 11, 26, 8, 8, 0, 'T', NULL, 8),
	(3167, b'1', NULL, 2019, 11, 27, 8, 8, 0, 'T', NULL, 8),
	(3168, b'1', NULL, 2019, 11, 28, 8, 8, 0, 'T', NULL, 8),
	(3169, b'1', NULL, 2019, 11, 29, 8, 8, 0, 'T', NULL, 8),
	(3170, b'1', NULL, 2019, 12, 2, 8, 8, 0, 'T', NULL, 8),
	(3171, b'1', NULL, 2019, 12, 3, 8, 8, 0, 'T', NULL, 8),
	(3172, b'1', NULL, 2019, 12, 4, 8, 8, 0, 'T', NULL, 8),
	(3173, b'1', NULL, 2019, 12, 5, 8, 8, 0, 'T', NULL, 8),
	(3174, b'1', NULL, 2019, 12, 6, 8, 8, 0, 'T', NULL, 8),
	(3175, b'1', NULL, 2019, 12, 9, 8, 8, 0, 'T', NULL, 8),
	(3176, b'1', NULL, 2019, 12, 10, 8, 8, 0, 'T', NULL, 8),
	(3177, b'1', NULL, 2019, 12, 11, 8, 8, 0, 'T', NULL, 8),
	(3178, b'1', NULL, 2019, 12, 12, 8, 8, 0, 'T', NULL, 8),
	(3179, b'1', NULL, 2019, 12, 13, 8, 8, 0, 'T', NULL, 8),
	(3180, b'1', NULL, 2019, 12, 16, 8, 8, 0, 'T', NULL, 8),
	(3181, b'1', NULL, 2019, 12, 17, 8, 8, 0, 'T', NULL, 8),
	(3182, b'1', NULL, 2019, 12, 18, 8, 8, 0, 'T', NULL, 8),
	(3183, b'1', NULL, 2019, 12, 19, 8, 8, 0, 'T', NULL, 8),
	(3184, b'1', NULL, 2019, 12, 20, 8, 8, 0, 'T', NULL, 8),
	(3185, b'1', NULL, 2019, 12, 23, 8, 8, 0, 'T', NULL, 8),
	(3186, b'1', NULL, 2019, 12, 24, 8, 8, 0, 'T', NULL, 8),
	(3187, b'1', NULL, 2019, 12, 25, 8, 8, 0, 'T', NULL, 8),
	(3188, b'1', NULL, 2019, 12, 26, 8, 8, 0, 'T', NULL, 8),
	(3189, b'1', NULL, 2019, 12, 27, 8, 8, 0, 'T', NULL, 8),
	(3190, b'1', NULL, 2019, 11, 18, 8, 8, 0, 'T', NULL, 8),
	(3191, b'1', NULL, 2019, 7, 3, 8, 8, 0, 'T', NULL, 8),
	(3192, b'1', NULL, 2019, 11, 15, 8, 8, 0, 'T', NULL, 8),
	(3193, b'1', NULL, 2019, 11, 13, 8, 8, 0, 'T', NULL, 8),
	(3194, b'1', NULL, 2019, 10, 3, 8, 8, 0, 'T', NULL, 8),
	(3195, b'1', NULL, 2019, 10, 4, 8, 8, 0, 'T', NULL, 8),
	(3196, b'1', NULL, 2019, 10, 7, 8, 8, 0, 'T', NULL, 8),
	(3197, b'1', NULL, 2019, 10, 8, 8, 8, 0, 'T', NULL, 8),
	(3198, b'1', NULL, 2019, 10, 9, 8, 8, 0, 'T', NULL, 8),
	(3199, b'1', NULL, 2019, 10, 10, 8, 8, 0, 'T', NULL, 8),
	(3200, b'1', NULL, 2019, 10, 11, 8, 8, 0, 'T', NULL, 8),
	(3201, b'1', NULL, 2019, 10, 14, 8, 8, 0, 'T', NULL, 8),
	(3202, b'1', NULL, 2019, 10, 15, 8, 8, 0, 'T', NULL, 8),
	(3203, b'1', NULL, 2019, 10, 16, 8, 8, 0, 'T', NULL, 8),
	(3204, b'1', NULL, 2019, 10, 17, 8, 8, 0, 'T', NULL, 8),
	(3205, b'1', NULL, 2019, 10, 18, 8, 8, 0, 'T', NULL, 8),
	(3206, b'1', NULL, 2019, 10, 21, 8, 8, 0, 'T', NULL, 8),
	(3207, b'1', NULL, 2019, 10, 22, 8, 8, 0, 'T', NULL, 8),
	(3208, b'1', NULL, 2019, 10, 23, 8, 8, 0, 'T', NULL, 8),
	(3209, b'1', NULL, 2019, 10, 24, 8, 8, 0, 'T', NULL, 8),
	(3210, b'1', NULL, 2019, 10, 25, 8, 8, 0, 'T', NULL, 8),
	(3211, b'1', NULL, 2019, 10, 28, 8, 8, 0, 'T', NULL, 8),
	(3212, b'1', NULL, 2019, 10, 29, 8, 8, 0, 'T', NULL, 8),
	(3213, b'1', NULL, 2019, 10, 30, 8, 8, 0, 'T', NULL, 8),
	(3214, b'1', NULL, 2019, 10, 31, 8, 8, 0, 'T', NULL, 8),
	(3215, b'1', NULL, 2019, 11, 1, 8, 8, 0, 'T', NULL, 8),
	(3216, b'1', NULL, 2019, 11, 4, 8, 8, 0, 'T', NULL, 8),
	(3217, b'1', NULL, 2019, 11, 5, 8, 8, 0, 'T', NULL, 8),
	(3218, b'1', NULL, 2019, 11, 6, 8, 8, 0, 'T', NULL, 8),
	(3219, b'1', NULL, 2019, 11, 7, 8, 8, 0, 'T', NULL, 8),
	(3220, b'1', NULL, 2019, 11, 8, 8, 8, 0, 'T', NULL, 8),
	(3221, b'1', NULL, 2019, 11, 11, 8, 8, 0, 'T', NULL, 8),
	(3222, b'1', NULL, 2019, 11, 12, 8, 8, 0, 'T', NULL, 8),
	(3223, b'1', NULL, 2019, 11, 14, 8, 8, 0, 'T', NULL, 8),
	(3224, b'1', NULL, 2019, 12, 30, 8, 8, 0, 'T', NULL, 8),
	(3225, b'1', NULL, 2019, 7, 2, 8, 8, 0, 'T', NULL, 8),
	(3226, b'1', NULL, 2019, 6, 28, 8, 8, 0, 'T', NULL, 8),
	(3227, b'1', NULL, 2019, 2, 18, 8, 8, 0, 'T', NULL, 8),
	(3228, b'1', NULL, 2019, 2, 19, 8, 8, 0, 'T', NULL, 8),
	(3229, b'1', NULL, 2019, 2, 20, 8, 8, 0, 'T', NULL, 8),
	(3230, b'1', NULL, 2019, 2, 21, 8, 8, 0, 'T', NULL, 8),
	(3231, b'1', NULL, 2019, 2, 22, 8, 8, 0, 'T', NULL, 8),
	(3232, b'1', NULL, 2019, 2, 25, 8, 8, 0, 'T', NULL, 8),
	(3233, b'1', NULL, 2019, 2, 26, 8, 8, 0, 'T', NULL, 8),
	(3234, b'1', NULL, 2019, 2, 27, 8, 8, 0, 'T', NULL, 8),
	(3235, b'1', NULL, 2019, 2, 28, 8, 8, 0, 'T', NULL, 8),
	(3236, b'1', NULL, 2019, 3, 1, 8, 8, 0, 'T', NULL, 8),
	(3237, b'1', NULL, 2019, 3, 4, 8, 8, 0, 'T', NULL, 8),
	(3238, b'1', NULL, 2019, 3, 5, 8, 8, 0, 'T', NULL, 8),
	(3239, b'1', NULL, 2019, 3, 6, 8, 8, 0, 'T', NULL, 8),
	(3240, b'1', NULL, 2019, 2, 15, 8, 8, 0, 'T', NULL, 8),
	(3241, b'1', NULL, 2019, 3, 7, 8, 8, 0, 'T', NULL, 8),
	(3242, b'1', NULL, 2019, 3, 11, 8, 8, 0, 'T', NULL, 8),
	(3243, b'1', NULL, 2019, 3, 12, 8, 8, 0, 'T', NULL, 8),
	(3244, b'1', NULL, 2019, 3, 13, 8, 8, 0, 'T', NULL, 8),
	(3245, b'1', NULL, 2019, 3, 14, 8, 8, 0, 'T', NULL, 8),
	(3246, b'1', NULL, 2019, 3, 15, 8, 8, 0, 'T', NULL, 8),
	(3247, b'1', NULL, 2019, 3, 18, 8, 8, 0, 'T', NULL, 8),
	(3248, b'1', NULL, 2019, 3, 19, 8, 8, 0, 'T', NULL, 8),
	(3249, b'1', NULL, 2019, 3, 20, 8, 8, 0, 'T', NULL, 8),
	(3250, b'1', NULL, 2019, 3, 21, 8, 8, 0, 'T', NULL, 8),
	(3251, b'1', NULL, 2019, 3, 22, 8, 8, 0, 'T', NULL, 8),
	(3252, b'1', NULL, 2019, 3, 25, 8, 8, 0, 'T', NULL, 8),
	(3253, b'1', NULL, 2019, 3, 26, 8, 8, 0, 'T', NULL, 8),
	(3254, b'1', NULL, 2019, 3, 27, 8, 8, 0, 'T', NULL, 8),
	(3255, b'1', NULL, 2019, 3, 8, 8, 8, 0, 'T', NULL, 8),
	(3256, b'1', NULL, 2019, 2, 14, 8, 8, 0, 'T', NULL, 8),
	(3257, b'1', NULL, 2019, 2, 13, 8, 8, 0, 'T', NULL, 8),
	(3258, b'1', NULL, 2019, 2, 12, 8, 8, 0, 'T', NULL, 8),
	(3259, b'1', NULL, 2019, 1, 2, 8, 8, 0, 'T', NULL, 8),
	(3260, b'1', NULL, 2019, 1, 3, 8, 8, 0, 'T', NULL, 8),
	(3261, b'1', NULL, 2019, 1, 4, 8, 8, 0, 'T', NULL, 8),
	(3262, b'1', NULL, 2019, 1, 7, 8, 8, 0, 'T', NULL, 8),
	(3263, b'1', NULL, 2019, 1, 8, 8, 8, 0, 'T', NULL, 8),
	(3264, b'1', NULL, 2019, 1, 9, 8, 8, 0, 'T', NULL, 8),
	(3265, b'1', NULL, 2019, 1, 10, 8, 8, 0, 'T', NULL, 8),
	(3266, b'1', NULL, 2019, 1, 11, 8, 8, 0, 'T', NULL, 8),
	(3267, b'1', NULL, 2019, 1, 14, 8, 8, 0, 'T', NULL, 8),
	(3268, b'1', NULL, 2019, 1, 15, 8, 8, 0, 'T', NULL, 8),
	(3269, b'1', NULL, 2019, 1, 16, 8, 8, 0, 'T', NULL, 8),
	(3270, b'1', NULL, 2019, 1, 17, 8, 8, 0, 'T', NULL, 8),
	(3271, b'1', NULL, 2019, 1, 18, 8, 8, 0, 'T', NULL, 8),
	(3272, b'1', NULL, 2019, 1, 21, 8, 8, 0, 'T', NULL, 8),
	(3273, b'1', NULL, 2019, 1, 22, 8, 8, 0, 'T', NULL, 8),
	(3274, b'1', NULL, 2019, 1, 23, 8, 8, 0, 'T', NULL, 8),
	(3275, b'1', NULL, 2019, 1, 24, 8, 8, 0, 'T', NULL, 8),
	(3276, b'1', NULL, 2019, 1, 25, 8, 8, 0, 'T', NULL, 8),
	(3277, b'1', NULL, 2019, 1, 28, 8, 8, 0, 'T', NULL, 8),
	(3278, b'1', NULL, 2019, 1, 29, 8, 8, 0, 'T', NULL, 8),
	(3279, b'1', NULL, 2019, 1, 30, 8, 8, 0, 'T', NULL, 8),
	(3280, b'1', NULL, 2019, 1, 31, 8, 8, 0, 'T', NULL, 8),
	(3281, b'1', NULL, 2019, 2, 1, 8, 8, 0, 'T', NULL, 8),
	(3282, b'1', NULL, 2019, 2, 4, 8, 8, 0, 'T', NULL, 8),
	(3283, b'1', NULL, 2019, 2, 5, 8, 8, 0, 'T', NULL, 8),
	(3284, b'1', NULL, 2019, 2, 6, 8, 8, 0, 'T', NULL, 8),
	(3285, b'1', NULL, 2019, 2, 7, 8, 8, 0, 'T', NULL, 8),
	(3286, b'1', NULL, 2019, 2, 8, 8, 8, 0, 'T', NULL, 8),
	(3287, b'1', NULL, 2019, 2, 11, 8, 8, 0, 'T', NULL, 8),
	(3288, b'1', NULL, 2019, 3, 28, 8, 8, 0, 'T', NULL, 8),
	(3289, b'1', NULL, 2019, 3, 29, 8, 8, 0, 'T', NULL, 8),
	(3290, b'1', NULL, 2019, 4, 1, 8, 8, 0, 'T', NULL, 8),
	(3291, b'1', NULL, 2019, 4, 2, 8, 8, 0, 'T', NULL, 8),
	(3292, b'1', NULL, 2019, 5, 20, 8, 8, 0, 'T', NULL, 8),
	(3293, b'1', NULL, 2019, 5, 21, 8, 8, 0, 'T', NULL, 8),
	(3294, b'1', NULL, 2019, 5, 22, 8, 8, 0, 'T', NULL, 8),
	(3295, b'1', NULL, 2019, 5, 23, 8, 8, 0, 'T', NULL, 8),
	(3296, b'1', NULL, 2019, 5, 24, 8, 8, 0, 'T', NULL, 8),
	(3297, b'1', NULL, 2019, 5, 27, 8, 8, 0, 'T', NULL, 8),
	(3298, b'1', NULL, 2019, 5, 28, 8, 8, 0, 'T', NULL, 8),
	(3299, b'1', NULL, 2019, 5, 29, 8, 8, 0, 'T', NULL, 8),
	(3300, b'1', NULL, 2019, 5, 30, 8, 8, 0, 'T', NULL, 8),
	(3301, b'1', NULL, 2019, 5, 31, 8, 8, 0, 'T', NULL, 8),
	(3302, b'1', NULL, 2019, 6, 3, 8, 8, 0, 'T', NULL, 8),
	(3303, b'1', NULL, 2019, 6, 4, 8, 8, 0, 'T', NULL, 8),
	(3304, b'1', NULL, 2019, 6, 5, 8, 8, 0, 'T', NULL, 8),
	(3305, b'1', NULL, 2019, 6, 6, 8, 8, 0, 'T', NULL, 8),
	(3306, b'1', NULL, 2019, 6, 7, 8, 8, 0, 'T', NULL, 8),
	(3307, b'1', NULL, 2019, 6, 10, 8, 8, 0, 'T', NULL, 8),
	(3308, b'1', NULL, 2019, 6, 11, 8, 8, 0, 'T', NULL, 8),
	(3309, b'1', NULL, 2019, 6, 12, 8, 8, 0, 'T', NULL, 8),
	(3310, b'1', NULL, 2019, 6, 13, 8, 8, 0, 'T', NULL, 8),
	(3311, b'1', NULL, 2019, 6, 14, 8, 8, 0, 'T', NULL, 8),
	(3312, b'1', NULL, 2019, 6, 17, 8, 8, 0, 'T', NULL, 8),
	(3313, b'1', NULL, 2019, 6, 18, 8, 8, 0, 'T', NULL, 8),
	(3314, b'1', NULL, 2019, 6, 19, 8, 8, 0, 'T', NULL, 8),
	(3315, b'1', NULL, 2019, 6, 20, 8, 8, 0, 'T', NULL, 8),
	(3316, b'1', NULL, 2019, 6, 21, 8, 8, 0, 'T', NULL, 8),
	(3317, b'1', NULL, 2019, 6, 24, 8, 8, 0, 'T', NULL, 8),
	(3318, b'1', NULL, 2019, 6, 25, 8, 8, 0, 'T', NULL, 8),
	(3319, b'1', NULL, 2019, 6, 26, 8, 8, 0, 'T', NULL, 8),
	(3320, b'1', NULL, 2019, 6, 27, 8, 8, 0, 'T', NULL, 8),
	(3321, b'1', NULL, 2019, 5, 17, 8, 8, 0, 'T', NULL, 8),
	(3322, b'1', NULL, 2019, 7, 1, 8, 8, 0, 'T', NULL, 8),
	(3323, b'1', NULL, 2019, 5, 16, 8, 8, 0, 'T', NULL, 8),
	(3324, b'1', NULL, 2019, 5, 14, 8, 8, 0, 'T', NULL, 8),
	(3325, b'1', NULL, 2019, 4, 3, 8, 8, 0, 'T', NULL, 8),
	(3326, b'1', NULL, 2019, 4, 4, 8, 8, 0, 'T', NULL, 8),
	(3327, b'1', NULL, 2019, 4, 5, 8, 8, 0, 'T', NULL, 8),
	(3328, b'1', NULL, 2019, 4, 8, 8, 8, 0, 'T', NULL, 8),
	(3329, b'1', NULL, 2019, 4, 9, 8, 8, 0, 'T', NULL, 8),
	(3330, b'1', NULL, 2019, 4, 10, 8, 8, 0, 'T', NULL, 8),
	(3331, b'1', NULL, 2019, 4, 11, 8, 8, 0, 'T', NULL, 8),
	(3332, b'1', NULL, 2019, 4, 12, 8, 8, 0, 'T', NULL, 8),
	(3333, b'1', NULL, 2019, 4, 15, 8, 8, 0, 'T', NULL, 8),
	(3334, b'1', NULL, 2019, 4, 16, 8, 8, 0, 'T', NULL, 8),
	(3335, b'1', NULL, 2019, 4, 17, 8, 8, 0, 'T', NULL, 8),
	(3336, b'1', NULL, 2019, 4, 18, 8, 8, 0, 'T', NULL, 8),
	(3337, b'1', NULL, 2019, 4, 19, 8, 8, 0, 'T', NULL, 8),
	(3338, b'1', NULL, 2019, 4, 22, 8, 8, 0, 'T', NULL, 8),
	(3339, b'1', NULL, 2019, 4, 23, 8, 8, 0, 'T', NULL, 8),
	(3340, b'1', NULL, 2019, 4, 24, 8, 8, 0, 'T', NULL, 8),
	(3341, b'1', NULL, 2019, 4, 25, 8, 8, 0, 'T', NULL, 8),
	(3342, b'1', NULL, 2019, 4, 26, 8, 8, 0, 'T', NULL, 8),
	(3343, b'1', NULL, 2019, 4, 29, 8, 8, 0, 'T', NULL, 8),
	(3344, b'1', NULL, 2019, 4, 30, 8, 8, 0, 'T', NULL, 8),
	(3345, b'1', NULL, 2019, 5, 1, 8, 8, 0, 'T', NULL, 8),
	(3346, b'1', NULL, 2019, 5, 2, 8, 8, 0, 'T', NULL, 8),
	(3347, b'1', NULL, 2019, 5, 3, 8, 8, 0, 'T', NULL, 8),
	(3348, b'1', NULL, 2019, 5, 6, 8, 8, 0, 'T', NULL, 8),
	(3349, b'1', NULL, 2019, 5, 7, 8, 8, 0, 'T', NULL, 8),
	(3350, b'1', NULL, 2019, 5, 8, 8, 8, 0, 'T', NULL, 8),
	(3351, b'1', NULL, 2019, 5, 9, 8, 8, 0, 'T', NULL, 8),
	(3352, b'1', NULL, 2019, 5, 10, 8, 8, 0, 'T', NULL, 8),
	(3353, b'1', NULL, 2019, 5, 13, 8, 8, 0, 'T', NULL, 8),
	(3354, b'1', NULL, 2019, 5, 15, 8, 8, 0, 'T', NULL, 8),
	(3355, b'1', NULL, 2019, 12, 31, 8, 8, 0, 'T', NULL, 8),
	(3356, b'1', NULL, 2019, 1, 1, 8, 8, 0, 'T', NULL, 9),
	(3357, b'1', NULL, 2019, 8, 20, 8, 8, 0, 'T', NULL, 9),
	(3358, b'1', NULL, 2019, 8, 21, 8, 8, 0, 'T', NULL, 9),
	(3359, b'1', NULL, 2019, 8, 22, 8, 8, 0, 'T', NULL, 9),
	(3360, b'1', NULL, 2019, 8, 23, 8, 8, 0, 'T', NULL, 9),
	(3361, b'1', NULL, 2019, 8, 26, 8, 8, 0, 'T', NULL, 9),
	(3362, b'1', NULL, 2019, 8, 27, 8, 8, 0, 'T', NULL, 9),
	(3363, b'1', NULL, 2019, 8, 28, 8, 8, 0, 'T', NULL, 9),
	(3364, b'1', NULL, 2019, 8, 29, 8, 8, 0, 'T', NULL, 9),
	(3365, b'1', NULL, 2019, 8, 30, 8, 8, 0, 'T', NULL, 9),
	(3366, b'1', NULL, 2019, 9, 2, 8, 8, 0, 'T', NULL, 9),
	(3367, b'1', NULL, 2019, 9, 3, 8, 8, 0, 'T', NULL, 9),
	(3368, b'1', NULL, 2019, 9, 4, 8, 8, 0, 'T', NULL, 9),
	(3369, b'1', NULL, 2019, 9, 5, 8, 8, 0, 'T', NULL, 9),
	(3370, b'1', NULL, 2019, 8, 19, 8, 8, 0, 'T', NULL, 9),
	(3371, b'1', NULL, 2019, 9, 6, 8, 8, 0, 'T', NULL, 9),
	(3372, b'1', NULL, 2019, 9, 10, 8, 8, 0, 'T', NULL, 9),
	(3373, b'1', NULL, 2019, 9, 11, 8, 8, 0, 'T', NULL, 9),
	(3374, b'1', NULL, 2019, 9, 12, 8, 8, 0, 'T', NULL, 9),
	(3375, b'1', NULL, 2019, 9, 13, 8, 8, 0, 'T', NULL, 9),
	(3376, b'1', NULL, 2019, 9, 16, 8, 8, 0, 'T', NULL, 9),
	(3377, b'1', NULL, 2019, 9, 17, 8, 8, 0, 'T', NULL, 9),
	(3378, b'1', NULL, 2019, 9, 18, 8, 8, 0, 'T', NULL, 9),
	(3379, b'1', NULL, 2019, 9, 19, 8, 8, 0, 'T', NULL, 9),
	(3380, b'1', NULL, 2019, 9, 20, 8, 8, 0, 'T', NULL, 9),
	(3381, b'1', NULL, 2019, 9, 23, 8, 8, 0, 'T', NULL, 9),
	(3382, b'1', NULL, 2019, 9, 24, 8, 8, 0, 'T', NULL, 9),
	(3383, b'1', NULL, 2019, 9, 25, 8, 8, 0, 'T', NULL, 9),
	(3384, b'1', NULL, 2019, 9, 26, 8, 8, 0, 'T', NULL, 9),
	(3385, b'1', NULL, 2019, 9, 9, 8, 8, 0, 'T', NULL, 9),
	(3386, b'1', NULL, 2019, 8, 16, 8, 8, 0, 'T', NULL, 9),
	(3387, b'1', NULL, 2019, 8, 15, 8, 8, 0, 'T', NULL, 9),
	(3388, b'1', NULL, 2019, 8, 14, 8, 8, 0, 'T', NULL, 9),
	(3389, b'1', NULL, 2019, 7, 4, 8, 8, 0, 'T', NULL, 9),
	(3390, b'1', NULL, 2019, 7, 5, 8, 8, 0, 'T', '', 9),
	(3391, b'1', NULL, 2019, 7, 8, 8, 8, 0, 'T', NULL, 9),
	(3392, b'1', NULL, 2019, 7, 9, 8, 8, 0, 'M', '', 9),
	(3393, b'1', NULL, 2019, 7, 10, 8, 8, 0, 'T', NULL, 9),
	(3394, b'1', NULL, 2019, 7, 11, 8, 8, 0, 'T', NULL, 9),
	(3395, b'1', NULL, 2019, 7, 12, 8, 8, 0, 'T', NULL, 9),
	(3396, b'1', NULL, 2019, 7, 15, 8, 8, 0, 'T', NULL, 9),
	(3397, b'1', NULL, 2019, 7, 16, 8, 8, 0, 'T', NULL, 9),
	(3398, b'1', NULL, 2019, 7, 17, 8, 8, 0, 'T', NULL, 9),
	(3399, b'1', NULL, 2019, 7, 18, 8, 8, 0, 'T', NULL, 9),
	(3400, b'1', NULL, 2019, 7, 19, 8, 8, 0, 'T', NULL, 9),
	(3401, b'1', NULL, 2019, 7, 22, 8, 8, 0, 'T', NULL, 9),
	(3402, b'1', NULL, 2019, 7, 23, 8, 8, 0, 'T', NULL, 9),
	(3403, b'1', NULL, 2019, 7, 24, 8, 8, 0, 'T', NULL, 9),
	(3404, b'1', NULL, 2019, 7, 25, 8, 8, 0, 'T', NULL, 9),
	(3405, b'1', NULL, 2019, 7, 26, 8, 8, 0, 'T', NULL, 9),
	(3406, b'1', NULL, 2019, 7, 29, 8, 8, 0, 'T', NULL, 9),
	(3407, b'1', NULL, 2019, 7, 30, 8, 8, 0, 'T', NULL, 9),
	(3408, b'1', NULL, 2019, 7, 31, 8, 8, 0, 'T', NULL, 9),
	(3409, b'1', NULL, 2019, 8, 1, 8, 8, 0, 'T', NULL, 9),
	(3410, b'1', NULL, 2019, 8, 2, 8, 8, 0, 'T', NULL, 9),
	(3411, b'1', NULL, 2019, 8, 5, 8, 8, 0, 'T', NULL, 9),
	(3412, b'1', NULL, 2019, 8, 6, 8, 8, 0, 'T', NULL, 9),
	(3413, b'1', NULL, 2019, 8, 7, 8, 8, 0, 'T', NULL, 9),
	(3414, b'1', NULL, 2019, 8, 8, 8, 8, 0, 'T', NULL, 9),
	(3415, b'1', NULL, 2019, 8, 9, 8, 8, 0, 'T', NULL, 9),
	(3416, b'1', NULL, 2019, 8, 12, 8, 8, 0, 'T', NULL, 9),
	(3417, b'1', NULL, 2019, 8, 13, 8, 8, 0, 'T', NULL, 9),
	(3418, b'1', NULL, 2019, 9, 27, 8, 8, 0, 'T', NULL, 9),
	(3419, b'1', NULL, 2019, 9, 30, 8, 8, 0, 'T', NULL, 9),
	(3420, b'1', NULL, 2019, 10, 1, 8, 8, 0, 'T', NULL, 9),
	(3421, b'1', NULL, 2019, 10, 2, 8, 8, 0, 'T', NULL, 9),
	(3422, b'1', NULL, 2019, 11, 19, 8, 8, 0, 'T', NULL, 9),
	(3423, b'1', NULL, 2019, 11, 20, 8, 8, 0, 'T', NULL, 9),
	(3424, b'1', NULL, 2019, 11, 21, 8, 8, 0, 'T', NULL, 9),
	(3425, b'1', NULL, 2019, 11, 22, 8, 8, 0, 'T', NULL, 9),
	(3426, b'1', NULL, 2019, 11, 25, 8, 8, 0, 'T', NULL, 9),
	(3427, b'1', NULL, 2019, 11, 26, 8, 8, 0, 'T', NULL, 9),
	(3428, b'1', NULL, 2019, 11, 27, 8, 8, 0, 'T', NULL, 9),
	(3429, b'1', NULL, 2019, 11, 28, 8, 8, 0, 'T', NULL, 9),
	(3430, b'1', NULL, 2019, 11, 29, 8, 8, 0, 'T', NULL, 9),
	(3431, b'1', NULL, 2019, 12, 2, 8, 8, 0, 'T', NULL, 9),
	(3432, b'1', NULL, 2019, 12, 3, 8, 8, 0, 'T', NULL, 9),
	(3433, b'1', NULL, 2019, 12, 4, 8, 8, 0, 'T', NULL, 9),
	(3434, b'1', NULL, 2019, 12, 5, 8, 8, 0, 'T', NULL, 9),
	(3435, b'1', NULL, 2019, 12, 6, 8, 8, 0, 'T', NULL, 9),
	(3436, b'1', NULL, 2019, 12, 9, 8, 8, 0, 'T', NULL, 9),
	(3437, b'1', NULL, 2019, 12, 10, 8, 8, 0, 'T', NULL, 9),
	(3438, b'1', NULL, 2019, 12, 11, 8, 8, 0, 'T', NULL, 9),
	(3439, b'1', NULL, 2019, 12, 12, 8, 8, 0, 'T', NULL, 9),
	(3440, b'1', NULL, 2019, 12, 13, 8, 8, 0, 'T', NULL, 9),
	(3441, b'1', NULL, 2019, 12, 16, 8, 8, 0, 'T', NULL, 9),
	(3442, b'1', NULL, 2019, 12, 17, 8, 8, 0, 'T', NULL, 9),
	(3443, b'1', NULL, 2019, 12, 18, 8, 8, 0, 'T', NULL, 9),
	(3444, b'1', NULL, 2019, 12, 19, 8, 8, 0, 'T', NULL, 9),
	(3445, b'1', NULL, 2019, 12, 20, 8, 8, 0, 'T', NULL, 9),
	(3446, b'1', NULL, 2019, 12, 23, 8, 8, 0, 'T', NULL, 9),
	(3447, b'1', NULL, 2019, 12, 24, 8, 8, 0, 'T', NULL, 9),
	(3448, b'1', NULL, 2019, 12, 25, 8, 8, 0, 'T', NULL, 9),
	(3449, b'1', NULL, 2019, 12, 26, 8, 8, 0, 'T', NULL, 9),
	(3450, b'1', NULL, 2019, 12, 27, 8, 8, 0, 'T', NULL, 9),
	(3451, b'1', NULL, 2019, 11, 18, 8, 8, 0, 'T', NULL, 9),
	(3452, b'1', NULL, 2019, 7, 3, 8, 8, 0, 'T', NULL, 9),
	(3453, b'1', NULL, 2019, 11, 15, 8, 8, 0, 'T', NULL, 9),
	(3454, b'1', NULL, 2019, 11, 13, 8, 8, 0, 'T', NULL, 9),
	(3455, b'1', NULL, 2019, 10, 3, 8, 8, 0, 'T', NULL, 9),
	(3456, b'1', NULL, 2019, 10, 4, 8, 8, 0, 'T', NULL, 9),
	(3457, b'1', NULL, 2019, 10, 7, 8, 8, 0, 'T', NULL, 9),
	(3458, b'1', NULL, 2019, 10, 8, 8, 8, 0, 'T', NULL, 9),
	(3459, b'1', NULL, 2019, 10, 9, 8, 8, 0, 'T', NULL, 9),
	(3460, b'1', NULL, 2019, 10, 10, 8, 8, 0, 'T', NULL, 9),
	(3461, b'1', NULL, 2019, 10, 11, 8, 8, 0, 'T', NULL, 9),
	(3462, b'1', NULL, 2019, 10, 14, 8, 8, 0, 'T', NULL, 9),
	(3463, b'1', NULL, 2019, 10, 15, 8, 8, 0, 'T', NULL, 9),
	(3464, b'1', NULL, 2019, 10, 16, 8, 8, 0, 'T', NULL, 9),
	(3465, b'1', NULL, 2019, 10, 17, 8, 8, 0, 'T', NULL, 9),
	(3466, b'1', NULL, 2019, 10, 18, 8, 8, 0, 'T', NULL, 9),
	(3467, b'1', NULL, 2019, 10, 21, 8, 8, 0, 'T', NULL, 9),
	(3468, b'1', NULL, 2019, 10, 22, 8, 8, 0, 'T', NULL, 9),
	(3469, b'1', NULL, 2019, 10, 23, 8, 8, 0, 'T', NULL, 9),
	(3470, b'1', NULL, 2019, 10, 24, 8, 8, 0, 'T', NULL, 9),
	(3471, b'1', NULL, 2019, 10, 25, 8, 8, 0, 'T', NULL, 9),
	(3472, b'1', NULL, 2019, 10, 28, 8, 8, 0, 'T', NULL, 9),
	(3473, b'1', NULL, 2019, 10, 29, 8, 8, 0, 'T', NULL, 9),
	(3474, b'1', NULL, 2019, 10, 30, 8, 8, 0, 'T', NULL, 9),
	(3475, b'1', NULL, 2019, 10, 31, 8, 8, 0, 'T', NULL, 9),
	(3476, b'1', NULL, 2019, 11, 1, 8, 8, 0, 'T', NULL, 9),
	(3477, b'1', NULL, 2019, 11, 4, 8, 8, 0, 'T', NULL, 9),
	(3478, b'1', NULL, 2019, 11, 5, 8, 8, 0, 'T', NULL, 9),
	(3479, b'1', NULL, 2019, 11, 6, 8, 8, 0, 'T', NULL, 9),
	(3480, b'1', NULL, 2019, 11, 7, 8, 8, 0, 'T', NULL, 9),
	(3481, b'1', NULL, 2019, 11, 8, 8, 8, 0, 'T', NULL, 9),
	(3482, b'1', NULL, 2019, 11, 11, 8, 8, 0, 'T', NULL, 9),
	(3483, b'1', NULL, 2019, 11, 12, 8, 8, 0, 'T', NULL, 9),
	(3484, b'1', NULL, 2019, 11, 14, 8, 8, 0, 'T', NULL, 9),
	(3485, b'1', NULL, 2019, 12, 30, 8, 8, 0, 'T', NULL, 9),
	(3486, b'1', NULL, 2019, 7, 2, 8, 8, 0, 'T', NULL, 9),
	(3487, b'1', NULL, 2019, 6, 28, 8, 8, 0, 'T', NULL, 9),
	(3488, b'1', NULL, 2019, 2, 18, 8, 8, 0, 'T', NULL, 9),
	(3489, b'1', NULL, 2019, 2, 19, 8, 8, 0, 'T', NULL, 9),
	(3490, b'1', NULL, 2019, 2, 20, 8, 8, 0, 'T', NULL, 9),
	(3491, b'1', NULL, 2019, 2, 21, 8, 8, 0, 'T', NULL, 9),
	(3492, b'1', NULL, 2019, 2, 22, 8, 8, 0, 'T', NULL, 9),
	(3493, b'1', NULL, 2019, 2, 25, 8, 8, 0, 'T', NULL, 9),
	(3494, b'1', NULL, 2019, 2, 26, 8, 8, 0, 'T', NULL, 9),
	(3495, b'1', NULL, 2019, 2, 27, 8, 8, 0, 'T', NULL, 9),
	(3496, b'1', NULL, 2019, 2, 28, 8, 8, 0, 'T', NULL, 9),
	(3497, b'1', NULL, 2019, 3, 1, 8, 8, 0, 'T', NULL, 9),
	(3498, b'1', NULL, 2019, 3, 4, 8, 8, 0, 'T', NULL, 9),
	(3499, b'1', NULL, 2019, 3, 5, 8, 8, 0, 'T', NULL, 9),
	(3500, b'1', NULL, 2019, 3, 6, 8, 8, 0, 'T', NULL, 9),
	(3501, b'1', NULL, 2019, 2, 15, 8, 8, 0, 'T', NULL, 9),
	(3502, b'1', NULL, 2019, 3, 7, 8, 8, 0, 'T', NULL, 9),
	(3503, b'1', NULL, 2019, 3, 11, 8, 8, 0, 'T', NULL, 9),
	(3504, b'1', NULL, 2019, 3, 12, 8, 8, 0, 'T', NULL, 9),
	(3505, b'1', NULL, 2019, 3, 13, 8, 8, 0, 'T', NULL, 9),
	(3506, b'1', NULL, 2019, 3, 14, 8, 8, 0, 'T', NULL, 9),
	(3507, b'1', NULL, 2019, 3, 15, 8, 8, 0, 'T', NULL, 9),
	(3508, b'1', NULL, 2019, 3, 18, 8, 8, 0, 'T', NULL, 9),
	(3509, b'1', NULL, 2019, 3, 19, 8, 8, 0, 'T', NULL, 9),
	(3510, b'1', NULL, 2019, 3, 20, 8, 8, 0, 'T', NULL, 9),
	(3511, b'1', NULL, 2019, 3, 21, 8, 8, 0, 'T', NULL, 9),
	(3512, b'1', NULL, 2019, 3, 22, 8, 8, 0, 'T', NULL, 9),
	(3513, b'1', NULL, 2019, 3, 25, 8, 8, 0, 'T', NULL, 9),
	(3514, b'1', NULL, 2019, 3, 26, 8, 8, 0, 'T', NULL, 9),
	(3515, b'1', NULL, 2019, 3, 27, 8, 8, 0, 'T', NULL, 9),
	(3516, b'1', NULL, 2019, 3, 8, 8, 8, 0, 'T', NULL, 9),
	(3517, b'1', NULL, 2019, 2, 14, 8, 8, 0, 'T', NULL, 9),
	(3518, b'1', NULL, 2019, 2, 13, 8, 8, 0, 'T', NULL, 9),
	(3519, b'1', NULL, 2019, 2, 12, 8, 8, 0, 'T', NULL, 9),
	(3520, b'1', NULL, 2019, 1, 2, 8, 8, 0, 'T', NULL, 9),
	(3521, b'1', NULL, 2019, 1, 3, 8, 8, 0, 'T', NULL, 9),
	(3522, b'1', NULL, 2019, 1, 4, 8, 8, 0, 'T', NULL, 9),
	(3523, b'1', NULL, 2019, 1, 7, 8, 8, 0, 'T', NULL, 9),
	(3524, b'1', NULL, 2019, 1, 8, 8, 8, 0, 'T', NULL, 9),
	(3525, b'1', NULL, 2019, 1, 9, 8, 8, 0, 'T', NULL, 9),
	(3526, b'1', NULL, 2019, 1, 10, 8, 8, 0, 'T', NULL, 9),
	(3527, b'1', NULL, 2019, 1, 11, 8, 8, 0, 'T', NULL, 9),
	(3528, b'1', NULL, 2019, 1, 14, 8, 8, 0, 'T', NULL, 9),
	(3529, b'1', NULL, 2019, 1, 15, 8, 8, 0, 'T', NULL, 9),
	(3530, b'1', NULL, 2019, 1, 16, 8, 8, 0, 'T', NULL, 9),
	(3531, b'1', NULL, 2019, 1, 17, 8, 8, 0, 'T', NULL, 9),
	(3532, b'1', NULL, 2019, 1, 18, 8, 8, 0, 'T', NULL, 9),
	(3533, b'1', NULL, 2019, 1, 21, 8, 8, 0, 'T', NULL, 9),
	(3534, b'1', NULL, 2019, 1, 22, 8, 8, 0, 'T', NULL, 9),
	(3535, b'1', NULL, 2019, 1, 23, 8, 8, 0, 'T', NULL, 9),
	(3536, b'1', NULL, 2019, 1, 24, 8, 8, 0, 'T', NULL, 9),
	(3537, b'1', NULL, 2019, 1, 25, 8, 8, 0, 'T', NULL, 9),
	(3538, b'1', NULL, 2019, 1, 28, 8, 8, 0, 'T', NULL, 9),
	(3539, b'1', NULL, 2019, 1, 29, 8, 8, 0, 'T', NULL, 9),
	(3540, b'1', NULL, 2019, 1, 30, 8, 8, 0, 'T', NULL, 9),
	(3541, b'1', NULL, 2019, 1, 31, 8, 8, 0, 'T', NULL, 9),
	(3542, b'1', NULL, 2019, 2, 1, 8, 8, 0, 'T', NULL, 9),
	(3543, b'1', NULL, 2019, 2, 4, 8, 8, 0, 'T', NULL, 9),
	(3544, b'1', NULL, 2019, 2, 5, 8, 8, 0, 'T', NULL, 9),
	(3545, b'1', NULL, 2019, 2, 6, 8, 8, 0, 'T', NULL, 9),
	(3546, b'1', NULL, 2019, 2, 7, 8, 8, 0, 'T', NULL, 9),
	(3547, b'1', NULL, 2019, 2, 8, 8, 8, 0, 'T', NULL, 9),
	(3548, b'1', NULL, 2019, 2, 11, 8, 8, 0, 'T', NULL, 9),
	(3549, b'1', NULL, 2019, 3, 28, 8, 8, 0, 'T', NULL, 9),
	(3550, b'1', NULL, 2019, 3, 29, 8, 8, 0, 'T', NULL, 9),
	(3551, b'1', NULL, 2019, 4, 1, 8, 8, 0, 'T', NULL, 9),
	(3552, b'1', NULL, 2019, 4, 2, 8, 8, 0, 'T', NULL, 9),
	(3553, b'1', NULL, 2019, 5, 20, 8, 8, 0, 'T', NULL, 9),
	(3554, b'1', NULL, 2019, 5, 21, 8, 8, 0, 'T', NULL, 9),
	(3555, b'1', NULL, 2019, 5, 22, 8, 8, 0, 'T', NULL, 9),
	(3556, b'1', NULL, 2019, 5, 23, 8, 8, 0, 'T', NULL, 9),
	(3557, b'1', NULL, 2019, 5, 24, 8, 8, 0, 'T', NULL, 9),
	(3558, b'1', NULL, 2019, 5, 27, 8, 8, 0, 'T', NULL, 9),
	(3559, b'1', NULL, 2019, 5, 28, 8, 8, 0, 'T', NULL, 9),
	(3560, b'1', NULL, 2019, 5, 29, 8, 8, 0, 'T', NULL, 9),
	(3561, b'1', NULL, 2019, 5, 30, 8, 8, 0, 'T', NULL, 9),
	(3562, b'1', NULL, 2019, 5, 31, 8, 8, 0, 'T', NULL, 9),
	(3563, b'1', NULL, 2019, 6, 3, 8, 8, 0, 'T', NULL, 9),
	(3564, b'1', NULL, 2019, 6, 4, 8, 8, 0, 'T', NULL, 9),
	(3565, b'1', NULL, 2019, 6, 5, 8, 8, 0, 'T', NULL, 9),
	(3566, b'1', NULL, 2019, 6, 6, 8, 8, 0, 'T', NULL, 9),
	(3567, b'1', NULL, 2019, 6, 7, 8, 8, 0, 'T', NULL, 9),
	(3568, b'1', NULL, 2019, 6, 10, 8, 8, 0, 'T', NULL, 9),
	(3569, b'1', NULL, 2019, 6, 11, 8, 8, 0, 'T', NULL, 9),
	(3570, b'1', NULL, 2019, 6, 12, 8, 8, 0, 'T', NULL, 9),
	(3571, b'1', NULL, 2019, 6, 13, 8, 8, 0, 'T', NULL, 9),
	(3572, b'1', NULL, 2019, 6, 14, 8, 8, 0, 'T', NULL, 9),
	(3573, b'1', NULL, 2019, 6, 17, 8, 8, 0, 'T', NULL, 9),
	(3574, b'1', NULL, 2019, 6, 18, 8, 8, 0, 'T', NULL, 9),
	(3575, b'1', NULL, 2019, 6, 19, 8, 8, 0, 'T', NULL, 9),
	(3576, b'1', NULL, 2019, 6, 20, 8, 8, 0, 'T', NULL, 9),
	(3577, b'1', NULL, 2019, 6, 21, 8, 8, 0, 'T', NULL, 9),
	(3578, b'1', NULL, 2019, 6, 24, 8, 8, 0, 'T', NULL, 9),
	(3579, b'1', NULL, 2019, 6, 25, 8, 8, 0, 'T', NULL, 9),
	(3580, b'1', NULL, 2019, 6, 26, 8, 8, 0, 'T', NULL, 9),
	(3581, b'1', NULL, 2019, 6, 27, 8, 8, 0, 'T', NULL, 9),
	(3582, b'1', NULL, 2019, 5, 17, 8, 8, 0, 'T', NULL, 9),
	(3583, b'1', NULL, 2019, 7, 1, 8, 8, 0, 'T', NULL, 9),
	(3584, b'1', NULL, 2019, 5, 16, 8, 8, 0, 'T', NULL, 9),
	(3585, b'1', NULL, 2019, 5, 14, 8, 8, 0, 'T', NULL, 9),
	(3586, b'1', NULL, 2019, 4, 3, 8, 8, 0, 'T', NULL, 9),
	(3587, b'1', NULL, 2019, 4, 4, 8, 8, 0, 'T', NULL, 9),
	(3588, b'1', NULL, 2019, 4, 5, 8, 8, 0, 'T', NULL, 9),
	(3589, b'1', NULL, 2019, 4, 8, 8, 8, 0, 'T', NULL, 9),
	(3590, b'1', NULL, 2019, 4, 9, 8, 8, 0, 'T', NULL, 9),
	(3591, b'1', NULL, 2019, 4, 10, 8, 8, 0, 'T', NULL, 9),
	(3592, b'1', NULL, 2019, 4, 11, 8, 8, 0, 'T', NULL, 9),
	(3593, b'1', NULL, 2019, 4, 12, 8, 8, 0, 'T', NULL, 9),
	(3594, b'1', NULL, 2019, 4, 15, 8, 8, 0, 'T', NULL, 9),
	(3595, b'1', NULL, 2019, 4, 16, 8, 8, 0, 'T', NULL, 9),
	(3596, b'1', NULL, 2019, 4, 17, 8, 8, 0, 'T', NULL, 9),
	(3597, b'1', NULL, 2019, 4, 18, 8, 8, 0, 'T', NULL, 9),
	(3598, b'1', NULL, 2019, 4, 19, 8, 8, 0, 'T', NULL, 9),
	(3599, b'1', NULL, 2019, 4, 22, 8, 8, 0, 'T', NULL, 9),
	(3600, b'1', NULL, 2019, 4, 23, 8, 8, 0, 'T', NULL, 9),
	(3601, b'1', NULL, 2019, 4, 24, 8, 8, 0, 'T', NULL, 9),
	(3602, b'1', NULL, 2019, 4, 25, 8, 8, 0, 'T', NULL, 9),
	(3603, b'1', NULL, 2019, 4, 26, 8, 8, 0, 'T', NULL, 9),
	(3604, b'1', NULL, 2019, 4, 29, 8, 8, 0, 'T', NULL, 9),
	(3605, b'1', NULL, 2019, 4, 30, 8, 8, 0, 'T', NULL, 9),
	(3606, b'1', NULL, 2019, 5, 1, 8, 8, 0, 'T', NULL, 9),
	(3607, b'1', NULL, 2019, 5, 2, 8, 8, 0, 'T', NULL, 9),
	(3608, b'1', NULL, 2019, 5, 3, 8, 8, 0, 'T', NULL, 9),
	(3609, b'1', NULL, 2019, 5, 6, 8, 8, 0, 'T', NULL, 9),
	(3610, b'1', NULL, 2019, 5, 7, 8, 8, 0, 'T', NULL, 9),
	(3611, b'1', NULL, 2019, 5, 8, 8, 8, 0, 'T', NULL, 9),
	(3612, b'1', NULL, 2019, 5, 9, 8, 8, 0, 'T', NULL, 9),
	(3613, b'1', NULL, 2019, 5, 10, 8, 8, 0, 'T', NULL, 9),
	(3614, b'1', NULL, 2019, 5, 13, 8, 8, 0, 'T', NULL, 9),
	(3615, b'1', NULL, 2019, 5, 15, 8, 8, 0, 'T', NULL, 9),
	(3616, b'1', NULL, 2019, 12, 31, 8, 8, 0, 'T', NULL, 9),
	(3617, b'1', NULL, 2019, 7, 23, 7, 7, 0, 'T', NULL, 10),
	(3618, b'1', NULL, 2019, 11, 18, 7, 7, 0, 'T', NULL, 10),
	(3619, b'1', NULL, 2019, 11, 15, 7, 7, 0, 'T', NULL, 10),
	(3620, b'1', NULL, 2019, 11, 14, 7, 7, 0, 'T', NULL, 10),
	(3621, b'1', NULL, 2019, 11, 13, 7, 7, 0, 'T', NULL, 10),
	(3622, b'1', NULL, 2019, 11, 12, 7, 7, 0, 'T', NULL, 10),
	(3623, b'1', NULL, 2019, 11, 11, 7, 7, 0, 'T', NULL, 10),
	(3624, b'1', NULL, 2019, 11, 8, 7, 7, 0, 'T', NULL, 10),
	(3625, b'1', NULL, 2019, 11, 7, 7, 7, 0, 'T', NULL, 10),
	(3626, b'1', NULL, 2019, 11, 6, 7, 7, 0, 'T', NULL, 10),
	(3627, b'1', NULL, 2019, 11, 5, 7, 7, 0, 'T', NULL, 10),
	(3628, b'1', NULL, 2019, 11, 4, 7, 7, 0, 'T', NULL, 10),
	(3629, b'1', NULL, 2019, 11, 1, 7, 7, 0, 'T', NULL, 10),
	(3630, b'1', NULL, 2019, 10, 31, 7, 7, 0, 'T', NULL, 10),
	(3631, b'1', NULL, 2019, 10, 30, 7, 7, 0, 'T', NULL, 10),
	(3632, b'1', NULL, 2019, 10, 29, 7, 7, 0, 'T', NULL, 10),
	(3633, b'1', NULL, 2019, 10, 28, 7, 7, 0, 'T', NULL, 10),
	(3634, b'1', NULL, 2019, 10, 25, 7, 7, 0, 'T', NULL, 10),
	(3635, b'1', NULL, 2019, 10, 24, 7, 7, 0, 'T', NULL, 10),
	(3636, b'1', NULL, 2019, 10, 23, 7, 7, 0, 'T', NULL, 10),
	(3637, b'1', NULL, 2019, 10, 22, 7, 7, 0, 'T', NULL, 10),
	(3638, b'1', NULL, 2019, 10, 21, 7, 7, 0, 'T', NULL, 10),
	(3639, b'1', NULL, 2019, 10, 18, 7, 7, 0, 'T', NULL, 10),
	(3640, b'1', NULL, 2019, 10, 17, 7, 7, 0, 'T', NULL, 10),
	(3641, b'1', NULL, 2019, 10, 16, 7, 7, 0, 'T', NULL, 10),
	(3642, b'1', NULL, 2019, 10, 15, 7, 7, 0, 'T', NULL, 10),
	(3643, b'1', NULL, 2019, 11, 19, 7, 7, 0, 'T', NULL, 10),
	(3644, b'1', NULL, 2019, 10, 14, 7, 7, 0, 'T', NULL, 10),
	(3645, b'1', NULL, 2019, 11, 20, 7, 7, 0, 'T', NULL, 10),
	(3646, b'1', NULL, 2019, 11, 22, 7, 7, 0, 'T', NULL, 10),
	(3647, b'1', NULL, 2019, 12, 27, 7, 7, 0, 'T', NULL, 10),
	(3648, b'1', NULL, 2019, 12, 26, 7, 7, 0, 'T', NULL, 10),
	(3649, b'1', NULL, 2019, 12, 25, 7, 7, 0, 'T', NULL, 10),
	(3650, b'1', NULL, 2019, 12, 24, 7, 7, 0, 'T', NULL, 10),
	(3651, b'1', NULL, 2019, 12, 23, 7, 7, 0, 'T', NULL, 10),
	(3652, b'1', NULL, 2019, 12, 20, 7, 7, 0, 'T', NULL, 10),
	(3653, b'1', NULL, 2019, 12, 19, 7, 7, 0, 'T', NULL, 10),
	(3654, b'1', NULL, 2019, 12, 18, 7, 7, 0, 'T', NULL, 10),
	(3655, b'1', NULL, 2019, 12, 17, 7, 7, 0, 'T', NULL, 10),
	(3656, b'1', NULL, 2019, 12, 16, 7, 7, 0, 'T', NULL, 10),
	(3657, b'1', NULL, 2019, 12, 13, 7, 7, 0, 'T', NULL, 10),
	(3658, b'1', NULL, 2019, 12, 12, 7, 7, 0, 'T', NULL, 10),
	(3659, b'1', NULL, 2019, 12, 11, 7, 7, 0, 'T', NULL, 10),
	(3660, b'1', NULL, 2019, 12, 10, 7, 7, 0, 'T', NULL, 10),
	(3661, b'1', NULL, 2019, 12, 9, 7, 7, 0, 'T', NULL, 10),
	(3662, b'1', NULL, 2019, 12, 6, 7, 7, 0, 'T', NULL, 10),
	(3663, b'1', NULL, 2019, 12, 5, 7, 7, 0, 'T', NULL, 10),
	(3664, b'1', NULL, 2019, 12, 4, 7, 7, 0, 'T', NULL, 10),
	(3665, b'1', NULL, 2019, 12, 3, 7, 7, 0, 'T', NULL, 10),
	(3666, b'1', NULL, 2019, 12, 2, 7, 7, 0, 'T', NULL, 10),
	(3667, b'1', NULL, 2019, 11, 29, 7, 7, 0, 'T', NULL, 10),
	(3668, b'1', NULL, 2019, 11, 28, 7, 7, 0, 'T', NULL, 10),
	(3669, b'1', NULL, 2019, 11, 27, 7, 7, 0, 'T', NULL, 10),
	(3670, b'1', NULL, 2019, 11, 26, 7, 7, 0, 'T', NULL, 10),
	(3671, b'1', NULL, 2019, 11, 25, 7, 7, 0, 'T', NULL, 10),
	(3672, b'1', NULL, 2019, 11, 21, 7, 7, 0, 'T', NULL, 10),
	(3673, b'1', NULL, 2019, 10, 11, 7, 7, 0, 'T', NULL, 10),
	(3674, b'1', NULL, 2019, 10, 10, 7, 7, 0, 'T', NULL, 10),
	(3675, b'1', NULL, 2019, 10, 9, 7, 7, 0, 'T', NULL, 10),
	(3676, b'1', NULL, 2019, 8, 27, 7, 7, 0, 'T', NULL, 10),
	(3677, b'1', NULL, 2019, 8, 26, 7, 7, 0, 'T', NULL, 10),
	(3678, b'1', NULL, 2019, 8, 23, 7, 7, 0, 'T', NULL, 10),
	(3679, b'1', NULL, 2019, 8, 22, 7, 7, 0, 'T', NULL, 10),
	(3680, b'1', NULL, 2019, 8, 21, 7, 7, 0, 'T', NULL, 10),
	(3681, b'1', NULL, 2019, 8, 20, 7, 7, 0, 'T', NULL, 10),
	(3682, b'1', NULL, 2019, 8, 19, 7, 7, 0, 'T', NULL, 10),
	(3683, b'1', NULL, 2019, 8, 16, 7, 7, 0, 'T', NULL, 10),
	(3684, b'1', NULL, 2019, 8, 15, 7, 7, 0, 'T', NULL, 10),
	(3685, b'1', NULL, 2019, 8, 14, 7, 7, 0, 'T', NULL, 10),
	(3686, b'1', NULL, 2019, 8, 13, 7, 7, 0, 'T', NULL, 10),
	(3687, b'1', NULL, 2019, 8, 12, 7, 7, 0, 'T', NULL, 10),
	(3688, b'1', NULL, 2019, 8, 9, 7, 7, 0, 'T', NULL, 10),
	(3689, b'1', NULL, 2019, 8, 8, 7, 7, 0, 'T', NULL, 10),
	(3690, b'1', NULL, 2019, 8, 7, 7, 7, 0, 'T', NULL, 10),
	(3691, b'1', NULL, 2019, 8, 6, 7, 7, 0, 'T', NULL, 10),
	(3692, b'1', NULL, 2019, 8, 5, 7, 7, 0, 'T', NULL, 10),
	(3693, b'1', NULL, 2019, 8, 2, 7, 7, 0, 'T', NULL, 10),
	(3694, b'1', NULL, 2019, 8, 1, 7, 7, 0, 'T', NULL, 10),
	(3695, b'1', NULL, 2019, 7, 31, 7, 7, 0, 'T', NULL, 10),
	(3696, b'1', NULL, 2019, 7, 30, 7, 7, 0, 'T', NULL, 10),
	(3697, b'1', NULL, 2019, 7, 29, 7, 7, 0, 'T', NULL, 10),
	(3698, b'1', NULL, 2019, 7, 26, 7, 7, 0, 'T', NULL, 10),
	(3699, b'1', NULL, 2019, 7, 25, 7, 7, 0, 'T', NULL, 10),
	(3700, b'1', NULL, 2019, 7, 24, 7, 7, 0, 'T', NULL, 10),
	(3701, b'1', NULL, 2019, 8, 28, 7, 7, 0, 'T', NULL, 10),
	(3702, b'1', NULL, 2019, 8, 29, 7, 7, 0, 'T', NULL, 10),
	(3703, b'1', NULL, 2019, 8, 30, 7, 7, 0, 'T', NULL, 10),
	(3704, b'1', NULL, 2019, 9, 2, 7, 7, 0, 'T', NULL, 10),
	(3705, b'1', NULL, 2019, 10, 8, 7, 7, 0, 'T', NULL, 10),
	(3706, b'1', NULL, 2019, 10, 7, 7, 7, 0, 'T', NULL, 10),
	(3707, b'1', NULL, 2019, 10, 4, 7, 7, 0, 'T', NULL, 10),
	(3708, b'1', NULL, 2019, 10, 3, 7, 7, 0, 'T', NULL, 10),
	(3709, b'1', NULL, 2019, 10, 2, 7, 7, 0, 'T', NULL, 10),
	(3710, b'1', NULL, 2019, 10, 1, 7, 7, 0, 'T', NULL, 10),
	(3711, b'1', NULL, 2019, 9, 30, 7, 7, 0, 'T', NULL, 10),
	(3712, b'1', NULL, 2019, 9, 27, 7, 7, 0, 'T', NULL, 10),
	(3713, b'1', NULL, 2019, 9, 26, 7, 7, 0, 'T', NULL, 10),
	(3714, b'1', NULL, 2019, 9, 25, 7, 7, 0, 'T', NULL, 10),
	(3715, b'1', NULL, 2019, 9, 24, 7, 7, 0, 'T', NULL, 10),
	(3716, b'1', NULL, 2019, 9, 23, 7, 7, 0, 'T', NULL, 10),
	(3717, b'1', NULL, 2019, 12, 30, 7, 7, 0, 'T', NULL, 10),
	(3718, b'1', NULL, 2019, 9, 20, 7, 7, 0, 'T', NULL, 10),
	(3719, b'1', NULL, 2019, 9, 18, 7, 7, 0, 'T', NULL, 10),
	(3720, b'1', NULL, 2019, 9, 17, 7, 7, 0, 'T', NULL, 10),
	(3721, b'1', NULL, 2019, 9, 16, 7, 7, 0, 'T', NULL, 10),
	(3722, b'1', NULL, 2019, 9, 13, 7, 7, 0, 'T', NULL, 10),
	(3723, b'1', NULL, 2019, 9, 12, 7, 7, 0, 'T', NULL, 10),
	(3724, b'1', NULL, 2019, 9, 11, 7, 7, 0, 'T', NULL, 10),
	(3725, b'1', NULL, 2019, 9, 10, 7, 7, 0, 'T', NULL, 10),
	(3726, b'1', NULL, 2019, 9, 9, 7, 7, 0, 'T', NULL, 10),
	(3727, b'1', NULL, 2019, 9, 6, 7, 7, 0, 'T', NULL, 10),
	(3728, b'1', NULL, 2019, 9, 5, 7, 7, 0, 'T', NULL, 10),
	(3729, b'1', NULL, 2019, 9, 4, 7, 7, 0, 'T', NULL, 10),
	(3730, b'1', NULL, 2019, 9, 3, 7, 7, 0, 'T', NULL, 10),
	(3731, b'1', NULL, 2019, 9, 19, 7, 7, 0, 'T', NULL, 10),
	(3732, b'1', NULL, 2019, 12, 31, 7, 7, 0, 'T', NULL, 10),
	(3733, b'1', NULL, 2019, 7, 22, 7, 0, 0, 'T', '', 10),
	(3734, b'1', NULL, 2019, 7, 8, 7, 0, 0, 'T', '', 3),
	(3735, b'1', NULL, 2019, 7, 9, 7, 0, 0, 'T', '', 3),
	(3736, b'1', NULL, 2019, 7, 10, 7, 0, 0, 'T', '', 3),
	(3737, b'1', NULL, 2019, 7, 11, 7, 0, 0, 'T', '', 3),
	(3738, b'1', NULL, 2019, 7, 12, 7, 0, 0, 'T', '', 3),
	(3739, b'1', NULL, 2019, 7, 1, 7, 0, 0, 'T', '', 10),
	(3740, b'1', NULL, 2019, 7, 2, 7, 0, 0, 'T', '', 10),
	(3741, b'1', NULL, 2019, 7, 3, 7, 0, 0, 'T', '', 10),
	(3742, b'1', NULL, 2019, 7, 4, 7, 0, 0, 'T', '', 10),
	(3743, b'1', NULL, 2019, 7, 5, 7, 0, 0, 'T', '', 10),
	(3744, b'1', NULL, 2019, 7, 8, 7, 0, 0, 'T', '', 10),
	(3745, b'1', NULL, 2019, 7, 9, 7, 0, 0, 'T', '', 10),
	(3746, b'1', NULL, 2019, 7, 10, 7, 0, 0, 'T', '', 10),
	(3747, b'1', NULL, 2019, 7, 11, 7, 0, 0, 'T', '', 10),
	(3748, b'1', NULL, 2019, 7, 12, 7, 0, 0, 'T', '', 10),
	(3749, b'1', NULL, 2019, 7, 15, 7, 0, 0, 'T', '', 10),
	(3750, b'1', NULL, 2019, 7, 16, 7, 0, 0, 'T', '', 10),
	(3751, b'1', NULL, 2019, 7, 17, 7, 0, 0, 'T', '', 10),
	(3752, b'1', NULL, 2019, 7, 18, 7, 0, 0, 'T', '', 10),
	(3753, b'1', NULL, 2019, 7, 19, 7, 0, 0, 'T', '', 10),
	(3754, b'1', NULL, 2019, 7, 4, 3.5, 0, 0, 'P', '', 13),
	(3755, b'1', NULL, 2019, 12, 2, 8, 0, 0, 'T', '', 4),
	(3756, b'1', NULL, 2019, 12, 27, 8, 0, 0, 'T', '', 4),
	(3757, b'1', NULL, 2019, 12, 26, 8, 0, 0, 'T', '', 4),
	(3758, b'1', NULL, 2019, 12, 25, 8, 0, 0, 'T', '', 4),
	(3759, b'1', NULL, 2019, 12, 24, 8, 0, 0, 'T', '', 4),
	(3760, b'1', NULL, 2019, 12, 23, 8, 0, 0, 'T', '', 4),
	(3761, b'1', NULL, 2019, 12, 20, 8, 0, 0, 'T', '', 4),
	(3762, b'1', NULL, 2019, 12, 19, 8, 0, 0, 'T', '', 4),
	(3763, b'1', NULL, 2019, 12, 18, 8, 0, 0, 'T', '', 4),
	(3764, b'1', NULL, 2019, 12, 17, 8, 0, 0, 'T', '', 4),
	(3765, b'1', NULL, 2019, 12, 16, 8, 0, 0, 'T', '', 4),
	(3766, b'1', NULL, 2019, 12, 13, 8, 0, 0, 'T', '', 4),
	(3767, b'1', NULL, 2019, 12, 12, 8, 0, 0, 'T', '', 4),
	(3768, b'1', NULL, 2019, 12, 11, 8, 0, 0, 'T', '', 4),
	(3769, b'1', NULL, 2019, 12, 10, 8, 0, 0, 'T', '', 4),
	(3770, b'1', NULL, 2019, 12, 9, 8, 0, 0, 'T', '', 4),
	(3771, b'1', NULL, 2019, 12, 6, 8, 0, 0, 'T', '', 4),
	(3772, b'1', NULL, 2019, 12, 5, 8, 0, 0, 'T', '', 4),
	(3773, b'1', NULL, 2019, 12, 4, 8, 0, 0, 'T', '', 4),
	(3774, b'1', NULL, 2019, 12, 3, 8, 0, 0, 'T', '', 4),
	(3775, b'1', NULL, 2019, 12, 30, 8, 0, 0, 'T', '', 4),
	(3776, b'1', NULL, 2019, 12, 31, 8, 0, 0, 'T', '', 4),
	(3777, b'1', NULL, 2019, 12, 13, 8, 0, 0, 'P', '', 7),
	(3778, b'1', NULL, 2019, 12, 13, 8, 0, 0, 'M', '', 12),
	(3779, b'1', NULL, 2019, 12, 13, 8, 0, 0, 'B', '', 13),
	(3780, b'1', NULL, 2019, 12, 13, 8, 0, 0, 'A', '', 14);
/*!40000 ALTER TABLE `schedule_date` ENABLE KEYS */;

-- Volcando estructura para tabla bpo.schedule_date_term
CREATE TABLE IF NOT EXISTS `schedule_date_term` (
  `id` int(11) NOT NULL AUTO_INCREMENT,
  `active` bit(1) NOT NULL,
  `pattern` varchar(48) DEFAULT NULL,
  `hours` double NOT NULL,
  `hours_type` varchar(16) DEFAULT NULL,
  `schedule_date_id` int(11) NOT NULL,
  PRIMARY KEY (`id`),
  KEY `ix_schedule_date_term_schedule_date_id` (`schedule_date_id`),
  CONSTRAINT `fk_schedule_date_term_schedule_date_schedule_date_id` FOREIGN KEY (`schedule_date_id`) REFERENCES `schedule_date` (`id`) ON DELETE CASCADE
) ENGINE=InnoDB AUTO_INCREMENT=3885 DEFAULT CHARSET=latin1;

-- Volcando datos para la tabla bpo.schedule_date_term: ~2.173 rows (aproximadamente)
/*!40000 ALTER TABLE `schedule_date_term` DISABLE KEYS */;
INSERT IGNORE INTO `schedule_date_term` (`id`, `active`, `pattern`, `hours`, `hours_type`, `schedule_date_id`) VALUES
	(1324, b'1', '000000000000001111111111110011110000000000000000', 8, NULL, 1320),
	(1325, b'1', '000000000000001111111111110011110000000000000000', 8, NULL, 1321),
	(1326, b'1', '000000000000001111111111110011110000000000000000', 8, NULL, 1322),
	(1327, b'1', '000000000000001111111111110011110000000000000000', 8, NULL, 1323),
	(1328, b'1', '000000000000001111111111111111000000000000000000', 8, NULL, 1324),
	(1329, b'1', '000000000000001111111111110011110000000000000000', 8, NULL, 1325),
	(1330, b'1', '000000000000001111111111110011110000000000000000', 8, NULL, 1326),
	(1331, b'1', '000000000000001111111111110011110000000000000000', 8, NULL, 1327),
	(1332, b'1', '000000000000001111111111110011110000000000000000', 8, NULL, 1328),
	(1333, b'1', '000000000000001111111111111111000000000000000000', 8, NULL, 1329),
	(1334, b'1', '000000000000001111111111110011110000000000000000', 8, NULL, 1330),
	(1335, b'1', '000000000000001111111111110011110000000000000000', 8, NULL, 1331),
	(1336, b'1', '000000000000001111111111110011110000000000000000', 8, NULL, 1332),
	(1337, b'1', '000000000000001111111111110011110000000000000000', 8, NULL, 1333),
	(1338, b'1', '000000000000001111111111110011110000000000000000', 8, NULL, 1334),
	(1339, b'1', '000000000000001111111111111111000000000000000000', 8, NULL, 1335),
	(1340, b'1', '000000000000001111111111110011110000000000000000', 8, NULL, 1336),
	(1341, b'1', '000000000000001111111111110011110000000000000000', 8, NULL, 1337),
	(1342, b'1', '000000000000001111111111110011110000000000000000', 8, NULL, 1338),
	(1343, b'1', '000000000000001111111111111111000000000000000000', 8, NULL, 1339),
	(1344, b'1', '000000000000001111111111110011110000000000000000', 8, NULL, 1340),
	(1345, b'1', '000000000000001111111111110011110000000000000000', 8, NULL, 1341),
	(1346, b'1', '000000000000001111111111110011110000000000000000', 8, NULL, 1342),
	(1347, b'1', '000000000000001111111111110011110000000000000000', 8, NULL, 1343),
	(1348, b'1', '000000000000001111111111111111000000000000000000', 8, NULL, 1344),
	(1349, b'1', '000000000000001111111111110011110000000000000000', 8, NULL, 1345),
	(1350, b'1', '000000000000001111111111110011110000000000000000', 8, NULL, 1346),
	(1352, b'1', '000000000000001111111111110011110000000000000000', 8, NULL, 1348),
	(1353, b'1', '000000000000001111111111110011110000000000000000', 8, NULL, 1349),
	(1354, b'1', '000000000000001111111111111111000000000000000000', 8, NULL, 1350),
	(1356, b'1', '000000000000001111111111110011110000000000000000', 8, NULL, 1352),
	(1357, b'1', '000000000000001111111111110011110000000000000000', 8, NULL, 1353),
	(1358, b'1', '000000000000001111111111111111000000000000000000', 8, NULL, 1354),
	(1359, b'1', '000000000000001111111111110011110000000000000000', 8, 'Normal', 1355),
	(1360, b'1', '000000000000001111111111110011110000000000000000', 8, NULL, 1356),
	(1361, b'1', '000000000000001111111111110011110000000000000000', 8, NULL, 1357),
	(1362, b'1', '000000000000001111111111110011110000000000000000', 8, NULL, 1358),
	(1363, b'1', '000000000000001111111111111111000000000000000000', 8, NULL, 1359),
	(1364, b'1', '000000000000001111111111110011110000000000000000', 8, NULL, 1360),
	(1365, b'1', '000000000000001111111111110011110000000000000000', 8, NULL, 1361),
	(1366, b'1', '000000000000001111111111110011110000000000000000', 8, 'Normal', 1362),
	(1367, b'1', '000000000000001111111111110011110000000000000000', 8, NULL, 1363),
	(1368, b'1', '000000000000001111111111111111000000000000000000', 8, NULL, 1364),
	(1369, b'1', '000000000000001111111111110011110000000000000000', 8, NULL, 1365),
	(1370, b'1', '000000000000001111111111110011110000000000000000', 8, NULL, 1366),
	(1371, b'1', '000000000000001111111111110011110000000000000000', 8, NULL, 1367),
	(1372, b'1', '000000000000001111111111110011110000000000000000', 8, NULL, 1368),
	(1373, b'1', '000000000000001111111111111111000000000000000000', 8, NULL, 1369),
	(1374, b'1', '000000000000001111111111110011110000000000000000', 8, NULL, 1370),
	(1375, b'1', '000000000000001111111111110011110000000000000000', 8, NULL, 1371),
	(1376, b'1', '000000000000001111111111110011110000000000000000', 8, NULL, 1372),
	(1377, b'1', '000000000000001111111111110011110000000000000000', 8, NULL, 1373),
	(1378, b'1', '000000000000001111111111111111000000000000000000', 8, NULL, 1374),
	(1379, b'1', '000000000000001111111111110011110000000000000000', 8, NULL, 1375),
	(1380, b'1', '000000000000001111111111110011110000000000000000', 8, NULL, 1376),
	(1381, b'1', '000000000000001111111111110011110000000000000000', 8, NULL, 1377),
	(1382, b'1', '000000000000001111111111110011110000000000000000', 8, NULL, 1378),
	(1383, b'1', '000000000000001111111111111111000000000000000000', 8, NULL, 1379),
	(1384, b'1', '000000000000001111111111110011110000000000000000', 8, NULL, 1380),
	(1385, b'1', '000000000000001111111111110011110000000000000000', 8, NULL, 1381),
	(1386, b'1', '000000000000001111111111111111000000000000000000', 8, NULL, 1382),
	(1387, b'1', '000000000000001111111111110011110000000000000000', 8, NULL, 1383),
	(1388, b'1', '000000000000001111111111110011110000000000000000', 8, NULL, 1384),
	(1389, b'1', '000000000000001111111111110011110000000000000000', 8, NULL, 1385),
	(1390, b'1', '000000000000001111111111110011110000000000000000', 8, NULL, 1386),
	(1391, b'1', '000000000000001111111111110011110000000000000000', 8, NULL, 1387),
	(1392, b'1', '000000000000001111111111110011110000000000000000', 8, NULL, 1388),
	(1393, b'1', '000000000000001111111111111111000000000000000000', 8, NULL, 1389),
	(1394, b'1', '000000000000001111111111110011110000000000000000', 8, NULL, 1390),
	(1395, b'1', '000000000000001111111111110011110000000000000000', 8, NULL, 1391),
	(1396, b'1', '000000000000001111111111110011110000000000000000', 8, NULL, 1392),
	(1397, b'1', '000000000000001111111111110011110000000000000000', 8, NULL, 1393),
	(1398, b'1', '000000000000001111111111111111000000000000000000', 8, NULL, 1394),
	(1402, b'1', '000000000000000000000011111111111111100000000000', 7.5, 'Normal', 1398),
	(1404, b'1', '000000000000001111111111110011110000000000000000', 8, 'Normal', 1400),
	(1419, b'1', '000000000000001111111111110011110000000000000000', 8, NULL, 1415),
	(1420, b'1', '000000000000001111111111110011110000000000000000', 8, NULL, 1416),
	(1421, b'1', '000000000000001111111111111111000000000000000000', 8, NULL, 1417),
	(1422, b'1', '000000000000001111111111110011110000000000000000', 8, NULL, 1418),
	(1423, b'1', '000000000000001111111111110011110000000000000000', 8, NULL, 1419),
	(1424, b'1', '000000000000001111111111111111000000000000000000', 8, NULL, 1420),
	(1425, b'1', '000000000000001111111111110011110000000000000000', 8, NULL, 1421),
	(1426, b'1', '000000000000001111111111110011110000000000000000', 8, NULL, 1422),
	(1428, b'1', '000000000000001111111111110011110000000000000000', 8, NULL, 1424),
	(1429, b'1', '000000000000001111111111111111000000000000000000', 8, NULL, 1425),
	(1430, b'1', '000000000000001111111111110011110000000000000000', 8, NULL, 1426),
	(1431, b'1', '000000000000001111111111110011110000000000000000', 8, NULL, 1427),
	(1432, b'1', '000000000000001111111111110011110000000000000000', 8, NULL, 1428),
	(1433, b'1', '000000000000001111111111110011110000000000000000', 8, NULL, 1429),
	(1434, b'1', '000000000000001111111111111111000000000000000000', 8, NULL, 1430),
	(1435, b'1', '000000000000001111111111110011110000000000000000', 8, NULL, 1431),
	(1436, b'1', '000000000000001111111111110011110000000000000000', 8, NULL, 1432),
	(1437, b'1', '000000000000001111111111110011110000000000000000', 8, NULL, 1433),
	(1438, b'1', '000000000000001111111111110011110000000000000000', 8, NULL, 1434),
	(1439, b'1', '000000000000001111111111111111000000000000000000', 8, NULL, 1435),
	(1440, b'1', '000000000000001111111111110011110000000000000000', 8, NULL, 1436),
	(1441, b'1', '000000000000001111111111110011110000000000000000', 8, NULL, 1437),
	(1442, b'1', '000000000000001111111111110011110000000000000000', 8, NULL, 1438),
	(1443, b'1', '000000000000001111111111110011110000000000000000', 8, NULL, 1439),
	(1444, b'1', '000000000000001111111111111111000000000000000000', 8, NULL, 1440),
	(1445, b'1', '000000000000001111111111110011110000000000000000', 8, NULL, 1441),
	(1446, b'1', '000000000000001111111111110011110000000000000000', 8, NULL, 1442),
	(1447, b'1', '000000000000001111111111110011110000000000000000', 8, NULL, 1443),
	(1448, b'1', '000000000000001111111111110011110000000000000000', 8, NULL, 1444),
	(1449, b'1', '000000000000001111111111111111000000000000000000', 8, NULL, 1445),
	(1450, b'1', '000000000000001111111111110011110000000000000000', 8, 'Normal', 1446),
	(1451, b'1', '000000000000001111111100000000000000000000000000', 4, 'Normal', 1447),
	(1452, b'1', '000000000000001111111111110011110000000000000000', 8, 'Normal', 1448),
	(1454, b'1', '000000000000001111111111110011110000000000000000', 8, NULL, 1450),
	(1455, b'1', '000000000000001111111111111111000000000000000000', 8, NULL, 1451),
	(1456, b'1', '000000000000001111111111110011110000000000000000', 8, NULL, 1452),
	(1457, b'1', '000000000000001111111111110011110000000000000000', 8, NULL, 1453),
	(1458, b'1', '000000000000001111111111110011110000000000000000', 8, NULL, 1454),
	(1459, b'1', '000000000000001111111111110011110000000000000000', 8, NULL, 1455),
	(1460, b'1', '000000000000001111111111111111000000000000000000', 8, NULL, 1456),
	(1461, b'1', '000000000000001111111111110011110000000000000000', 8, NULL, 1457),
	(1462, b'1', '000000000000001111111111110011110000000000000000', 8, NULL, 1458),
	(1463, b'1', '000000000000001111111111110011110000000000000000', 8, NULL, 1459),
	(1464, b'1', '000000000000001111111111110011110000000000000000', 8, NULL, 1460),
	(1465, b'1', '000000000000001111111111111111000000000000000000', 8, NULL, 1461),
	(1466, b'1', '000000000000001111111111110011110000000000000000', 8, NULL, 1462),
	(1467, b'1', '000000000000001111111111110011110000000000000000', 8, NULL, 1463),
	(1468, b'1', '000000000000001111111111110011110000000000000000', 8, NULL, 1464),
	(1469, b'1', '000000000000001111111111111111000000000000000000', 8, NULL, 1465),
	(1470, b'1', '000000000000001111111111110011110000000000000000', 8, NULL, 1466),
	(1471, b'1', '000000000000001111111111110011110000000000000000', 8, NULL, 1467),
	(1472, b'1', '000000000000001111111111110011110000000000000000', 8, NULL, 1468),
	(1473, b'1', '000000000000001111111111110011110000000000000000', 8, NULL, 1469),
	(1474, b'1', '000000000000001111111111110011110000000000000000', 8, NULL, 1470),
	(1475, b'1', '000000000000001111111111111111000000000000000000', 8, NULL, 1471),
	(1476, b'1', '000000000000001111111111110011110000000000000000', 8, NULL, 1472),
	(1477, b'1', '000000000000001111111111110011110000000000000000', 8, NULL, 1473),
	(1478, b'1', '000000000000001111111111110011110000000000000000', 8, NULL, 1474),
	(1479, b'1', '000000000000001111111111110011110000000000000000', 8, NULL, 1475),
	(1480, b'1', '000000000000001111111111111111000000000000000000', 8, NULL, 1476),
	(1481, b'1', '000000000000001111111111110011110000000000000000', 8, NULL, 1477),
	(1482, b'1', '000000000000001111111111110011110000000000000000', 8, NULL, 1478),
	(1483, b'1', '000000000000001111111111110011110000000000000000', 8, NULL, 1479),
	(1484, b'1', '000000000000001111111111111111000000000000000000', 8, NULL, 1480),
	(1485, b'1', '000000000000001111111111110011110000000000000000', 8, NULL, 1481),
	(1486, b'1', '000000000000001111111111110011110000000000000000', 8, NULL, 1482),
	(1488, b'1', '000000000000001111111111110011110000000000000000', 8, NULL, 1484),
	(1489, b'1', '000000000000001111111111110011110000000000000000', 8, NULL, 1485),
	(1490, b'1', '000000000000001111111111111111000000000000000000', 8, NULL, 1486),
	(1491, b'1', '000000000000001111111111110011110000000000000000', 8, NULL, 1487),
	(1492, b'1', '000000000000001111111111110011110000000000000000', 8, NULL, 1488),
	(1493, b'1', '000000000000001111111111110011110000000000000000', 8, NULL, 1489),
	(1494, b'1', '000000000000001111111111110011110000000000000000', 8, NULL, 1490),
	(1495, b'1', '000000000000001111111111111111000000000000000000', 8, NULL, 1491),
	(1496, b'1', '000000000000001111111111110011110000000000000000', 8, NULL, 1492),
	(1497, b'1', '000000000000001111111111110011110000000000000000', 8, NULL, 1493),
	(1498, b'1', '000000000000001111111111110011110000000000000000', 8, NULL, 1494),
	(1499, b'1', '000000000000001111111111110011110000000000000000', 8, NULL, 1495),
	(1500, b'1', '000000000000001111111111111111000000000000000000', 8, NULL, 1496),
	(1501, b'1', '000000000000001111111111110011110000000000000000', 8, NULL, 1497),
	(1502, b'1', '000000000000001111111111110011110000000000000000', 8, NULL, 1498),
	(1503, b'1', '000000000000001111111111110011110000000000000000', 8, NULL, 1499),
	(1504, b'1', '000000000000001111111111110011110000000000000000', 8, NULL, 1500),
	(1505, b'1', '000000000000001111111111111111000000000000000000', 8, NULL, 1501),
	(1506, b'1', '000000000000001111111111110011110000000000000000', 8, NULL, 1502),
	(1507, b'1', '000000000000001111111111110011110000000000000000', 8, NULL, 1503),
	(1508, b'1', '000000000000001111111111110011110000000000000000', 8, NULL, 1504),
	(1509, b'1', '000000000000001111111111110011110000000000000000', 8, NULL, 1505),
	(1510, b'1', '000000000000001111111111111111000000000000000000', 8, NULL, 1506),
	(1511, b'1', '000000000000001111111111110011110000000000000000', 8, NULL, 1507),
	(1512, b'1', '000000000000001111111111110011110000000000000000', 8, NULL, 1508),
	(1513, b'1', '000000000000001111111111110011110000000000000000', 8, NULL, 1509),
	(1514, b'1', '000000000000001111111111110011110000000000000000', 8, NULL, 1510),
	(1515, b'1', '000000000000001111111111111111000000000000000000', 8, NULL, 1511),
	(1516, b'1', '000000000000001111111111110011110000000000000000', 8, NULL, 1512),
	(1517, b'1', '000000000000001111111111110011110000000000000000', 8, NULL, 1513),
	(1518, b'1', '000000000000001111111111111111000000000000000000', 8, NULL, 1514),
	(1519, b'1', '000000000000001111111111110011110000000000000000', 8, NULL, 1515),
	(1520, b'1', '000000000000001111111111110011110000000000000000', 8, NULL, 1516),
	(1521, b'1', '000000000000001111111111110011110000000000000000', 8, NULL, 1517),
	(1523, b'1', '000000000000001111111111110011110000000000000000', 8, NULL, 1519),
	(1524, b'1', '000000000000001111111111110011110000000000000000', 8, NULL, 1520),
	(1525, b'1', '000000000000001111111111111111000000000000000000', 8, NULL, 1521),
	(1526, b'1', '000000000000001111111111110011110000000000000000', 8, NULL, 1522),
	(1527, b'1', '000000000000001111111111110011110000000000000000', 8, NULL, 1523),
	(1528, b'1', '000000000000001111111111110011110000000000000000', 8, NULL, 1524),
	(1529, b'1', '000000000000001111111111110011110000000000000000', 8, NULL, 1525),
	(1530, b'1', '000000000000001111111111111111000000000000000000', 8, NULL, 1526),
	(1531, b'1', '000000000000001111111111110011110000000000000000', 8, NULL, 1527),
	(1532, b'1', '000000000000001111111111110011110000000000000000', 8, NULL, 1528),
	(1533, b'1', '000000000000001111111111110011110000000000000000', 8, NULL, 1529),
	(1534, b'1', '000000000000001111111111110011110000000000000000', 8, NULL, 1530),
	(1535, b'1', '000000000000001111111111111111000000000000000000', 8, NULL, 1531),
	(1536, b'1', '000000000000001111111111110011110000000000000000', 8, NULL, 1532),
	(1537, b'1', '000000000000001111111111110011110000000000000000', 8, NULL, 1533),
	(1538, b'1', '000000000000001111111111110011110000000000000000', 8, NULL, 1534),
	(1540, b'1', '000000000000001111111111111111000000000000000000', 8, NULL, 1536),
	(1541, b'1', '000000000000001111111111110011110000000000000000', 8, NULL, 1537),
	(1542, b'1', '000000000000001111111111110011110000000000000000', 8, NULL, 1538),
	(1543, b'1', '000000000000001111111111110011110000000000000000', 8, NULL, 1539),
	(1544, b'1', '000000000000001111111111110011110000000000000000', 8, NULL, 1540),
	(1545, b'1', '000000000000001111111111111111000000000000000000', 8, NULL, 1541),
	(1546, b'1', '000000000000001111111111110011110000000000000000', 8, NULL, 1542),
	(1547, b'1', '000000000000001111111111110011110000000000000000', 8, NULL, 1543),
	(1548, b'1', '000000000000001111111111110011110000000000000000', 8, NULL, 1544),
	(1549, b'1', '000000000000001111111111110011110000000000000000', 8, NULL, 1545),
	(1550, b'1', '000000000000001111111111111111000000000000000000', 8, NULL, 1546),
	(1551, b'1', '000000000000001111111111110011110000000000000000', 8, NULL, 1547),
	(1552, b'1', '000000000000001111111111110011110000000000000000', 8, NULL, 1548),
	(1553, b'1', '000000000000001111111111110011110000000000000000', 8, NULL, 1549),
	(1554, b'1', '000000000000001111111111110011110000000000000000', 8, NULL, 1550),
	(1555, b'1', '000000000000001111111111110011110000000000000000', 8, NULL, 1551),
	(1556, b'1', '000000000000001111111111111111000000000000000000', 8, NULL, 1552),
	(1557, b'1', '000000000000001111111111110011110000000000000000', 8, NULL, 1553),
	(1558, b'1', '000000000000001111111111110011110000000000000000', 8, NULL, 1554),
	(1559, b'1', '000000000000001111111111110011110000000000000000', 8, NULL, 1555),
	(1560, b'1', '000000000000001111111111110011110000000000000000', 8, NULL, 1556),
	(1561, b'1', '000000000000001111111111111111000000000000000000', 8, NULL, 1557),
	(1562, b'1', '000000000000001111111111110011110000000000000000', 8, NULL, 1558),
	(1563, b'1', '000000000000001111111111110011110000000000000000', 8, NULL, 1559),
	(1564, b'1', '000000000000001111111111110011110000000000000000', 8, NULL, 1560),
	(1565, b'1', '000000000000001111111111110011110000000000000000', 8, NULL, 1561),
	(1566, b'1', '000000000000001111111111111111000000000000000000', 8, NULL, 1562),
	(1567, b'1', '000000000000001111111111110011110000000000000000', 8, NULL, 1563),
	(1568, b'1', '000000000000001111111111110011110000000000000000', 8, NULL, 1564),
	(1569, b'1', '000000000000001111111111110011110000000000000000', 8, NULL, 1565),
	(1570, b'1', '000000000000001111111111110011110000000000000000', 8, NULL, 1566),
	(1571, b'1', '000000000000001111111111111111000000000000000000', 8, NULL, 1567),
	(1572, b'1', '000000000000001111111111110011110000000000000000', 8, NULL, 1568),
	(1573, b'1', '000000000000001111111111110011110000000000000000', 8, NULL, 1569),
	(1574, b'1', '000000000000001111111111110011110000000000000000', 8, NULL, 1570),
	(1575, b'1', '000000000000001111111111110011110000000000000000', 8, NULL, 1571),
	(1576, b'1', '000000000000001111111111111111000000000000000000', 8, NULL, 1572),
	(1577, b'1', '000000000000001111111111110011110000000000000000', 8, NULL, 1573),
	(1578, b'1', '000000000000001111111111110011110000000000000000', 8, NULL, 1574),
	(1579, b'1', '000000000000001111111111110011110000000000000000', 8, NULL, 1575),
	(1580, b'1', '000000000000001111111111110011110000000000000000', 8, NULL, 1576),
	(1581, b'1', '000000000000001111111111111111000000000000000000', 8, NULL, 1577),
	(1582, b'1', '000000000000001111111111110011110000000000000000', 8, NULL, 1578),
	(1583, b'1', '000000000000001111111111110011110000000000000000', 8, NULL, 1579),
	(1585, b'1', '000000000000001111111111111111000000000000000000', 8, NULL, 1581),
	(1586, b'1', '000000000000001111111111111111000000000000000000', 8, NULL, 1582),
	(1587, b'1', '000000000000001111111111111111000000000000000000', 8, NULL, 1583),
	(1588, b'1', '000000000000001111111111111111000000000000000000', 8, NULL, 1584),
	(1589, b'1', '000000000000001111111111111111000000000000000000', 8, NULL, 1585),
	(1590, b'1', '000000000000001111111111111111000000000000000000', 8, NULL, 1586),
	(1591, b'1', '000000000000001111111111111111000000000000000000', 8, NULL, 1587),
	(1592, b'1', '000000000000001111111111111111000000000000000000', 8, NULL, 1588),
	(1593, b'1', '000000000000001111111111111111000000000000000000', 8, NULL, 1589),
	(1594, b'1', '000000000000001111111111111111000000000000000000', 8, NULL, 1590),
	(1595, b'1', '000000000000001111111111111111000000000000000000', 8, NULL, 1591),
	(1596, b'1', '000000000000001111111111111111000000000000000000', 8, NULL, 1592),
	(1597, b'1', '000000000000001111111111111111000000000000000000', 8, NULL, 1593),
	(1598, b'1', '000000000000001111111111111111000000000000000000', 8, NULL, 1594),
	(1599, b'1', '000000000000001111111111111111000000000000000000', 8, NULL, 1595),
	(1600, b'1', '000000000000001111111111111111000000000000000000', 8, NULL, 1596),
	(1601, b'1', '000000000000001111111111111111000000000000000000', 8, NULL, 1597),
	(1602, b'1', '000000000000001111111111111111000000000000000000', 8, NULL, 1598),
	(1603, b'1', '000000000000001111111111111111000000000000000000', 8, NULL, 1599),
	(1604, b'1', '000000000000001111111111111111000000000000000000', 8, NULL, 1600),
	(1605, b'1', '000000000000001111111111111111000000000000000000', 8, NULL, 1601),
	(1606, b'1', '000000000000001111111111111111000000000000000000', 8, NULL, 1602),
	(1607, b'1', '000000000000001111111111111111000000000000000000', 8, NULL, 1603),
	(1608, b'1', '000000000000001111111111111111000000000000000000', 8, NULL, 1604),
	(1609, b'1', '000000000000001111111111111111000000000000000000', 8, NULL, 1605),
	(1610, b'1', '000000000000001111111111111111000000000000000000', 8, NULL, 1606),
	(1611, b'1', '000000000000001111111111111111000000000000000000', 8, NULL, 1607),
	(1612, b'1', '000000000000001111111111111111000000000000000000', 8, NULL, 1608),
	(1613, b'1', '000000000000001111111111111111000000000000000000', 8, NULL, 1609),
	(1614, b'1', '000000000000001111111111111111000000000000000000', 8, NULL, 1610),
	(1615, b'1', '000000000000001111111111111111000000000000000000', 8, NULL, 1611),
	(1616, b'1', '000000000000001111111111111111000000000000000000', 8, NULL, 1612),
	(1617, b'1', '000000000000001111111111111111000000000000000000', 8, NULL, 1613),
	(1618, b'1', '000000000000001111111111111111000000000000000000', 8, NULL, 1614),
	(1619, b'1', '000000000000001111111111111111000000000000000000', 8, NULL, 1615),
	(1625, b'1', '000000000000001111111111111111000000000000000000', 8, NULL, 1621),
	(1626, b'1', '000000000000001111111111111111000000000000000000', 8, NULL, 1622),
	(1627, b'1', '000000000000001111111111111111000000000000000000', 8, NULL, 1623),
	(1628, b'1', '000000000000001111111111111111000000000000000000', 8, NULL, 1624),
	(1629, b'1', '000000000000001111111111111111000000000000000000', 8, NULL, 1625),
	(1630, b'1', '000000000000001111111111111111000000000000000000', 8, NULL, 1626),
	(1631, b'1', '000000000000001111111111111111000000000000000000', 8, 'Normal', 1627),
	(1632, b'1', '000000000000001111111111111111000000000000000000', 8, NULL, 1628),
	(1633, b'1', '000000000000001111111111111111000000000000000000', 8, NULL, 1629),
	(1634, b'1', '000000000000001111111111111111000000000000000000', 8, NULL, 1630),
	(1635, b'1', '000000000000001111111111111111000000000000000000', 8, NULL, 1631),
	(1636, b'1', '000000000000001111111111111111000000000000000000', 8, NULL, 1632),
	(1637, b'1', '000000000000001111111111111111000000000000000000', 8, NULL, 1633),
	(1638, b'1', '000000000000001111111111111111000000000000000000', 8, NULL, 1634),
	(1639, b'1', '000000000000001111111111111111000000000000000000', 8, NULL, 1635),
	(1640, b'1', '000000000000001111111111111111000000000000000000', 8, NULL, 1636),
	(1641, b'1', '000000000000001111111111111111000000000000000000', 8, NULL, 1637),
	(1642, b'1', '000000000000001111111111111111000000000000000000', 8, NULL, 1638),
	(1643, b'1', '000000000000001111111111111111000000000000000000', 8, NULL, 1639),
	(1644, b'1', '000000000000001111111111111111000000000000000000', 8, NULL, 1640),
	(1645, b'1', '000000000000001111111111111111000000000000000000', 8, NULL, 1641),
	(1646, b'1', '000000000000001111111111111111000000000000000000', 8, NULL, 1642),
	(1647, b'1', '000000000000001111111111111111000000000000000000', 8, NULL, 1643),
	(1648, b'1', '000000000000001111111111111111000000000000000000', 8, NULL, 1644),
	(1649, b'1', '000000000000001111111111111111000000000000000000', 8, NULL, 1645),
	(1650, b'1', '000000000000001111111111111111000000000000000000', 8, NULL, 1646),
	(1651, b'1', '000000000000001111111111111111000000000000000000', 8, NULL, 1647),
	(1652, b'1', '000000000000001111111111111111000000000000000000', 8, NULL, 1648),
	(1653, b'1', '000000000000001111111111111111000000000000000000', 8, NULL, 1649),
	(1654, b'1', '000000000000001111111111111111000000000000000000', 8, NULL, 1650),
	(1655, b'1', '000000000000001111111111111111000000000000000000', 8, NULL, 1651),
	(1656, b'1', '000000000000001111111111111111000000000000000000', 8, NULL, 1652),
	(1657, b'1', '000000000000001111111111111111000000000000000000', 8, NULL, 1653),
	(1658, b'1', '000000000000001111111111111111000000000000000000', 8, NULL, 1654),
	(1659, b'1', '000000000000001111111111111111000000000000000000', 8, NULL, 1655),
	(1660, b'1', '000000000000001111111111111111000000000000000000', 8, NULL, 1656),
	(1661, b'1', '000000000000001111111111111111000000000000000000', 8, NULL, 1657),
	(1662, b'1', '000000000000001111111111111111000000000000000000', 8, NULL, 1658),
	(1663, b'1', '000000000000001111111111111111000000000000000000', 8, NULL, 1659),
	(1664, b'1', '000000000000001111111111111111000000000000000000', 8, NULL, 1660),
	(1665, b'1', '000000000000001111111111111111000000000000000000', 8, 'Normal', 1661),
	(1666, b'1', '000000000000001111111111111111000000000000000000', 8, NULL, 1662),
	(1667, b'1', '000000000000001111111111111111000000000000000000', 8, NULL, 1663),
	(1668, b'1', '000000000000001111111111111111000000000000000000', 8, NULL, 1664),
	(1669, b'1', '000000000000001111111111111111000000000000000000', 8, NULL, 1665),
	(1670, b'1', '000000000000001111111111111111000000000000000000', 8, NULL, 1666),
	(1671, b'1', '000000000000001111111111111111000000000000000000', 8, NULL, 1667),
	(1672, b'1', '000000000000001111111111111111000000000000000000', 8, NULL, 1668),
	(1673, b'1', '000000000000001111111111111111000000000000000000', 8, NULL, 1669),
	(1674, b'1', '000000000000001111111111111111000000000000000000', 8, NULL, 1670),
	(1675, b'1', '000000000000001111111111111111000000000000000000', 8, NULL, 1671),
	(1676, b'1', '000000000000001111111111111111000000000000000000', 8, NULL, 1672),
	(1677, b'1', '000000000000001111111111111111000000000000000000', 8, NULL, 1673),
	(1678, b'1', '000000000000001111111111111111000000000000000000', 8, NULL, 1674),
	(1679, b'1', '000000000000001111111111111111000000000000000000', 8, NULL, 1675),
	(1680, b'1', '000000000000001111111111111111000000000000000000', 8, NULL, 1676),
	(1681, b'1', '000000000000001111111111111111000000000000000000', 8, NULL, 1677),
	(1682, b'1', '000000000000001111111111111111000000000000000000', 8, NULL, 1678),
	(1683, b'1', '000000000000001111111111111111000000000000000000', 8, NULL, 1679),
	(1684, b'1', '000000000000001111111111111111000000000000000000', 8, NULL, 1680),
	(1685, b'1', '000000000000001111111111111111000000000000000000', 8, NULL, 1681),
	(1686, b'1', '000000000000001111111111111111000000000000000000', 8, NULL, 1682),
	(1687, b'1', '000000000000001111111111111111000000000000000000', 8, NULL, 1683),
	(1688, b'1', '000000000000001111111111111111000000000000000000', 8, NULL, 1684),
	(1689, b'1', '000000000000001111111111111111000000000000000000', 8, NULL, 1685),
	(1690, b'1', '000000000000001111111111111111000000000000000000', 8, NULL, 1686),
	(1691, b'1', '000000000000001111111111111111000000000000000000', 8, NULL, 1687),
	(1692, b'1', '000000000000001111111111111111000000000000000000', 8, NULL, 1688),
	(1693, b'1', '000000000000001111111111111111000000000000000000', 8, NULL, 1689),
	(1694, b'1', '000000000000001111111111111111000000000000000000', 8, NULL, 1690),
	(1695, b'1', '000000000000001111111111111111000000000000000000', 8, NULL, 1691),
	(1696, b'1', '000000000000001111111111111111000000000000000000', 8, NULL, 1692),
	(1697, b'1', '000000000000001111111111111111000000000000000000', 8, NULL, 1693),
	(1698, b'1', '000000000000001111111111111111000000000000000000', 8, NULL, 1694),
	(1699, b'1', '000000000000001111111111111111000000000000000000', 8, NULL, 1695),
	(1700, b'1', '000000000000001111111111111111000000000000000000', 8, NULL, 1696),
	(1701, b'1', '000000000000001111111111111111000000000000000000', 8, NULL, 1697),
	(1702, b'1', '000000000000001111111111111111000000000000000000', 8, NULL, 1698),
	(1703, b'1', '000000000000001111111111111111000000000000000000', 8, NULL, 1699),
	(1704, b'1', '000000000000001111111111111111000000000000000000', 8, NULL, 1700),
	(1705, b'1', '000000000000001111111111111111000000000000000000', 8, NULL, 1701),
	(1706, b'1', '000000000000001111111111111111000000000000000000', 8, NULL, 1702),
	(1707, b'1', '000000000000001111111111111111000000000000000000', 8, NULL, 1703),
	(1708, b'1', '000000000000001111111111111111000000000000000000', 8, NULL, 1704),
	(1709, b'1', '000000000000001111111111111111000000000000000000', 8, NULL, 1705),
	(1710, b'1', '000000000000001111111111111111000000000000000000', 8, NULL, 1706),
	(1711, b'1', '000000000000001111111111111111000000000000000000', 8, NULL, 1707),
	(1712, b'1', '000000000000001111111111111111000000000000000000', 8, NULL, 1708),
	(1713, b'1', '000000000000001111111111111111000000000000000000', 8, NULL, 1709),
	(1714, b'1', '000000000000001111111111111111000000000000000000', 8, NULL, 1710),
	(1715, b'1', '000000000000001111111111111111000000000000000000', 8, NULL, 1711),
	(1716, b'1', '000000000000001111111111111111000000000000000000', 8, NULL, 1712),
	(1717, b'1', '000000000000001111111111111111000000000000000000', 8, NULL, 1713),
	(1718, b'1', '000000000000001111111111111111000000000000000000', 8, NULL, 1714),
	(1719, b'1', '000000000000001111111111111111000000000000000000', 8, 'Normal', 1715),
	(1720, b'1', '000000000000001111111111111111000000000000000000', 8, NULL, 1716),
	(1721, b'1', '000000000000001111111111111111000000000000000000', 8, NULL, 1717),
	(1722, b'1', '000000000000001111111111111111000000000000000000', 8, NULL, 1718),
	(1723, b'1', '000000000000001111111111111111000000000000000000', 8, NULL, 1719),
	(1724, b'1', '000000000000001111111111111111000000000000000000', 8, NULL, 1720),
	(1725, b'1', '000000000000001111111111111111000000000000000000', 8, NULL, 1721),
	(1726, b'1', '000000000000001111111111111111000000000000000000', 8, NULL, 1722),
	(1727, b'1', '000000000000001111111111111111000000000000000000', 8, NULL, 1723),
	(1728, b'1', '000000000000001111111111111111000000000000000000', 8, NULL, 1724),
	(1729, b'1', '000000000000001111111111111111000000000000000000', 8, NULL, 1725),
	(1730, b'1', '000000000000001111111111111111000000000000000000', 8, NULL, 1726),
	(1731, b'1', '000000000000001111111111111111000000000000000000', 8, NULL, 1727),
	(1732, b'1', '000000000000000000000011111111000000000000000000', 4, 'Normal', 1728),
	(1733, b'1', '000000000000001111111111111111000000000000000000', 8, NULL, 1729),
	(1734, b'1', '000000000000001111111111110000000000000000000000', 6, 'Normal', 1730),
	(1735, b'1', '000000000000001111111111111111000000000000000000', 8, NULL, 1731),
	(1736, b'1', '000000000000001111111111111111000000000000000000', 8, NULL, 1732),
	(1737, b'1', '000000000000001111111111111111000000000000000000', 8, NULL, 1733),
	(1738, b'1', '000000000000001111111111111111000000000000000000', 8, NULL, 1734),
	(1739, b'1', '000000000000001111111111111111000000000000000000', 8, NULL, 1735),
	(1740, b'1', '000000000000000000000111111111000000000000000000', 4.5, 'Normal', 1736),
	(1741, b'1', '000000000000001111111111111111000000000000000000', 8, NULL, 1737),
	(1742, b'1', '000000000000001111111111111111000000000000000000', 8, NULL, 1738),
	(1743, b'1', '000000000000001111111111111111000000000000000000', 8, NULL, 1739),
	(1744, b'1', '000000000000001111111111111111000000000000000000', 8, NULL, 1740),
	(1745, b'1', '000000000000001111111111111111000000000000000000', 8, NULL, 1741),
	(1746, b'1', '000000000000001111111111111111000000000000000000', 8, NULL, 1742),
	(1747, b'1', '000000000000001111111111111111000000000000000000', 8, NULL, 1743),
	(1748, b'1', '000000000000001111111111111111000000000000000000', 8, NULL, 1744),
	(1749, b'1', '000000000000001111111111111111000000000000000000', 8, NULL, 1745),
	(1750, b'1', '000000000000001111111111111111000000000000000000', 8, 'Normal', 1746),
	(1751, b'1', '000000000000001111111111111111000000000000000000', 8, 'Normal', 1747),
	(1752, b'1', '000000000000001111111111111111000000000000000000', 8, NULL, 1748),
	(1753, b'1', '000000000000001111111111111111000000000000000000', 8, NULL, 1749),
	(1754, b'1', '000000000000001111111111111111000000000000000000', 8, NULL, 1750),
	(1755, b'1', '000000000000001111111111111111000000000000000000', 8, NULL, 1751),
	(1756, b'1', '000000000000001111111111111111000000000000000000', 8, NULL, 1752),
	(1757, b'1', '000000000000001111111111111111000000000000000000', 8, NULL, 1753),
	(1758, b'1', '000000000000001111111111111111000000000000000000', 8, NULL, 1754),
	(1759, b'1', '000000000000001111111111111111000000000000000000', 8, NULL, 1755),
	(1760, b'1', '000000000000001111111111111111000000000000000000', 8, NULL, 1756),
	(1761, b'1', '000000000000001111111111111111000000000000000000', 8, NULL, 1757),
	(1762, b'1', '000000000000001111111111111111000000000000000000', 8, NULL, 1758),
	(1763, b'1', '000000000000001111111111111111000000000000000000', 8, NULL, 1759),
	(1764, b'1', '000000000000001111111111111111000000000000000000', 8, NULL, 1760),
	(1765, b'1', '000000000000001111111111111111000000000000000000', 8, NULL, 1761),
	(1766, b'1', '000000000000001111111111111111000000000000000000', 8, NULL, 1762),
	(1767, b'1', '000000000000001111111111111111000000000000000000', 8, NULL, 1763),
	(1768, b'1', '000000000000001111111111111111000000000000000000', 8, NULL, 1764),
	(1769, b'1', '000000000000001111111111111111000000000000000000', 8, NULL, 1765),
	(1770, b'1', '000000000000001111111111111111000000000000000000', 8, NULL, 1766),
	(1771, b'1', '000000000000001111111111111111000000000000000000', 8, NULL, 1767),
	(1772, b'1', '000000000000001111111111111111000000000000000000', 8, NULL, 1768),
	(1773, b'1', '000000000000001111111111111111000000000000000000', 8, NULL, 1769),
	(1774, b'1', '000000000000001111111111111111000000000000000000', 8, NULL, 1770),
	(1775, b'1', '000000000000001111111111111111000000000000000000', 8, NULL, 1771),
	(1776, b'1', '000000000000001111111111111111000000000000000000', 8, NULL, 1772),
	(1777, b'1', '000000000000001111111111111111000000000000000000', 8, NULL, 1773),
	(1778, b'1', '000000000000001111111111111111000000000000000000', 8, NULL, 1774),
	(1779, b'1', '000000000000001111111111111111000000000000000000', 8, NULL, 1775),
	(1780, b'1', '000000000000001111111111111111000000000000000000', 8, NULL, 1776),
	(1781, b'1', '000000000000001111111111111111000000000000000000', 8, NULL, 1777),
	(1782, b'1', '000000000000001111111111111111000000000000000000', 8, NULL, 1778),
	(1783, b'1', '000000000000001111111111111111000000000000000000', 8, NULL, 1779),
	(1784, b'1', '000000000000001111111111111111000000000000000000', 8, 'Normal', 1780),
	(1785, b'1', '000000000000001111111111111111000000000000000000', 8, 'Normal', 1781),
	(1786, b'1', '000000000000001111111111111111000000000000000000', 8, 'Normal', 1782),
	(1787, b'1', '000000000000001111111111111111000000000000000000', 8, NULL, 1783),
	(1788, b'1', '000000000000001111111111111111000000000000000000', 8, NULL, 1784),
	(1789, b'1', '000000000000001111111111111111000000000000000000', 8, NULL, 1785),
	(1790, b'1', '000000000000001111111111111111000000000000000000', 8, NULL, 1786),
	(1791, b'1', '000000000000001111111111111111000000000000000000', 8, NULL, 1787),
	(1792, b'1', '000000000000001111111111111111000000000000000000', 8, NULL, 1788),
	(1793, b'1', '000000000000001111111111111111000000000000000000', 8, NULL, 1789),
	(1794, b'1', '000000000000001111111111111111000000000000000000', 8, NULL, 1790),
	(1795, b'1', '000000000000001111111111111111000000000000000000', 8, NULL, 1791),
	(1796, b'1', '000000000000001111111111111111000000000000000000', 8, NULL, 1792),
	(1807, b'1', '000000000000001111111111111111000000000000000000', 8, NULL, 1803),
	(1808, b'1', '000000000000001111111111111111000000000000000000', 8, NULL, 1804),
	(1809, b'1', '000000000000001111111111111111000000000000000000', 8, NULL, 1805),
	(1810, b'1', '000000000000001111111111111111000000000000000000', 8, NULL, 1806),
	(1811, b'1', '000000000000001111111111111111000000000000000000', 8, NULL, 1807),
	(1812, b'1', '000000000000001111111111111111000000000000000000', 8, NULL, 1808),
	(1813, b'1', '000000000000001111111111111111000000000000000000', 8, NULL, 1809),
	(1814, b'1', '000000000000001111111111111111000000000000000000', 8, NULL, 1810),
	(1815, b'1', '000000000000001111111111111111000000000000000000', 8, NULL, 1811),
	(1816, b'1', '000000000000001111111111111111000000000000000000', 8, NULL, 1812),
	(1817, b'1', '000000000000001111111111111111000000000000000000', 8, NULL, 1813),
	(1818, b'1', '000000000000001111111111111111000000000000000000', 8, NULL, 1814),
	(1819, b'1', '000000000000001111111111111111000000000000000000', 8, NULL, 1815),
	(1820, b'1', '000000000000001111111111111111000000000000000000', 8, 'Normal', 1816),
	(1821, b'1', '000000000000001111111111111111000000000000000000', 8, 'Normal', 1817),
	(1822, b'1', '000000000000001111111111111111000000000000000000', 8, NULL, 1818),
	(1823, b'1', '000000000000001111111111111111000000000000000000', 8, NULL, 1819),
	(1824, b'1', '000000000000001111111111111111000000000000000000', 8, NULL, 1820),
	(1825, b'1', '000000000000001111111111111111000000000000000000', 8, NULL, 1821),
	(1826, b'1', '000000000000001111111111111111000000000000000000', 8, NULL, 1822),
	(1827, b'1', '000000000000001111111111111111000000000000000000', 8, NULL, 1823),
	(1828, b'1', '000000000000001111111111111111000000000000000000', 8, NULL, 1824),
	(1829, b'1', '000000000000001111111111111111000000000000000000', 8, NULL, 1825),
	(1830, b'1', '000000000000001111111111111111000000000000000000', 8, NULL, 1826),
	(1831, b'1', '000000000000001111111111111111000000000000000000', 8, NULL, 1827),
	(1832, b'1', '000000000000001111111111111111000000000000000000', 8, NULL, 1828),
	(1833, b'1', '000000000000001111111111111111000000000000000000', 8, NULL, 1829),
	(1834, b'1', '000000000000001111111111111111000000000000000000', 8, 'Normal', 1830),
	(1835, b'1', '000000000000001111111111111111000000000000000000', 8, NULL, 1831),
	(1836, b'1', '000000000000001111111111111111000000000000000000', 8, NULL, 1832),
	(1837, b'1', '000000000000001111111111111111000000000000000000', 8, NULL, 1833),
	(1838, b'1', '000000000000001111111111111111000000000000000000', 8, NULL, 1834),
	(1839, b'1', '000000000000001111111111111111000000000000000000', 8, NULL, 1835),
	(1840, b'1', '000000000000001111111111111111000000000000000000', 8, NULL, 1836),
	(1841, b'1', '000000000000001111111111111111000000000000000000', 8, NULL, 1837),
	(1842, b'1', '000000000000001111111111111111000000000000000000', 8, NULL, 1838),
	(1843, b'1', '000000000000001111111111111111000000000000000000', 8, NULL, 1839),
	(1844, b'1', '000000000000001111111111111111000000000000000000', 8, NULL, 1840),
	(1845, b'1', '000000000000001111111111111111000000000000000000', 8, NULL, 1841),
	(2107, b'1', '000000000000001111111111111111000000000000000000', 8, NULL, 2103),
	(2108, b'1', '000000000000001111111111111111000000000000000000', 8, NULL, 2104),
	(2109, b'1', '000000000000001111111111111111000000000000000000', 8, NULL, 2105),
	(2110, b'1', '000000000000001111111111111111000000000000000000', 8, NULL, 2106),
	(2111, b'1', '000000000000001111111111111111000000000000000000', 8, NULL, 2107),
	(2112, b'1', '000000000000001111111111111111000000000000000000', 8, NULL, 2108),
	(2113, b'1', '000000000000001111111111111111000000000000000000', 8, NULL, 2109),
	(2114, b'1', '000000000000001111111111111111000000000000000000', 8, NULL, 2110),
	(2115, b'1', '000000000000001111111111111111000000000000000000', 8, NULL, 2111),
	(2116, b'1', '000000000000001111111111111111000000000000000000', 8, NULL, 2112),
	(2117, b'1', '000000000000001111111111111111000000000000000000', 8, NULL, 2113),
	(2118, b'1', '000000000000001111111111111111000000000000000000', 8, NULL, 2114),
	(2119, b'1', '000000000000001111111111111111000000000000000000', 8, NULL, 2115),
	(2120, b'1', '000000000000001111111111111111000000000000000000', 8, NULL, 2116),
	(2121, b'1', '000000000000001111111111111111000000000000000000', 8, NULL, 2117),
	(2122, b'1', '000000000000001111111111111111000000000000000000', 8, NULL, 2118),
	(2123, b'1', '000000000000001111111111111111000000000000000000', 8, NULL, 2119),
	(2124, b'1', '000000000000001111111111111111000000000000000000', 8, NULL, 2120),
	(2125, b'1', '000000000000001111111111111111000000000000000000', 8, NULL, 2121),
	(2126, b'1', '000000000000001111111111111111000000000000000000', 8, NULL, 2122),
	(2127, b'1', '000000000000001111111111111111000000000000000000', 8, NULL, 2123),
	(2128, b'1', '000000000000001111111111111111000000000000000000', 8, NULL, 2124),
	(2129, b'1', '000000000000001111111111111111000000000000000000', 8, NULL, 2125),
	(2130, b'1', '000000000000001111111111111111000000000000000000', 8, NULL, 2126),
	(2131, b'1', '000000000000001111111111111111000000000000000000', 8, NULL, 2127),
	(2132, b'1', '000000000000001111111111111111000000000000000000', 8, NULL, 2128),
	(2133, b'1', '000000000000001111111111111111000000000000000000', 8, NULL, 2129),
	(2134, b'1', '000000000000001111111111111111000000000000000000', 8, NULL, 2130),
	(2135, b'1', '000000000000001111111111111111000000000000000000', 8, NULL, 2131),
	(2136, b'1', '000000000000001111111111111111000000000000000000', 8, NULL, 2132),
	(2137, b'1', '000000000000001111111111111111000000000000000000', 8, NULL, 2133),
	(2138, b'1', '000000000000001111111111111111000000000000000000', 8, NULL, 2134),
	(2139, b'1', '000000000000001111111111111111000000000000000000', 8, NULL, 2135),
	(2140, b'1', '000000000000001111111111111111000000000000000000', 8, NULL, 2136),
	(2141, b'1', '000000000000001111111111111111000000000000000000', 8, NULL, 2137),
	(2145, b'1', '000000000000001111111111111111000000000000000000', 8, NULL, 2141),
	(2146, b'1', '000000000000001111111111111111000000000000000000', 8, NULL, 2142),
	(2147, b'1', '000000000000001111111111111111000000000000000000', 8, NULL, 2143),
	(2148, b'1', '000000000000001111111111111111000000000000000000', 8, NULL, 2144),
	(2149, b'1', '000000000000001111111111111111000000000000000000', 8, NULL, 2145),
	(2150, b'1', '000000000000001111111111111111000000000000000000', 8, NULL, 2146),
	(2151, b'1', '000000000000001111111111111111000000000000000000', 8, NULL, 2147),
	(2152, b'1', '000000000000001111111111111111000000000000000000', 8, NULL, 2148),
	(2153, b'1', '000000000000001111111111111111000000000000000000', 8, NULL, 2149),
	(2154, b'1', '000000000000001111111111111111000000000000000000', 8, NULL, 2150),
	(2155, b'1', '000000000000001111111111111111000000000000000000', 8, NULL, 2151),
	(2156, b'1', '000000000000001111111111111111000000000000000000', 8, NULL, 2152),
	(2157, b'1', '000000000000001111111111111111000000000000000000', 8, NULL, 2153),
	(2158, b'1', '000000000000001111111111111111000000000000000000', 8, NULL, 2154),
	(2159, b'1', '000000000000001111111111111111000000000000000000', 8, NULL, 2155),
	(2160, b'1', '000000000000001111111111111111000000000000000000', 8, NULL, 2156),
	(2161, b'1', '000000000000001111111111111111000000000000000000', 8, NULL, 2157),
	(2162, b'1', '000000000000001111111111111111000000000000000000', 8, NULL, 2158),
	(2163, b'1', '000000000000001111111111111111000000000000000000', 8, NULL, 2159),
	(2164, b'1', '000000000000001111111111111111000000000000000000', 8, NULL, 2160),
	(2165, b'1', '000000000000001111111111111111000000000000000000', 8, NULL, 2161),
	(2166, b'1', '000000000000001111111111111111000000000000000000', 8, NULL, 2162),
	(2167, b'1', '000000000000001111111111111111000000000000000000', 8, NULL, 2163),
	(2168, b'1', '000000000000001111111111111111000000000000000000', 8, NULL, 2164),
	(2169, b'1', '000000000000001111111111111111000000000000000000', 8, NULL, 2165),
	(2170, b'1', '000000000000001111111111111111000000000000000000', 8, NULL, 2166),
	(2171, b'1', '000000000000001111111111111111000000000000000000', 8, NULL, 2167),
	(2172, b'1', '000000000000001111111111111111000000000000000000', 8, NULL, 2168),
	(2173, b'1', '000000000000001111111111111111000000000000000000', 8, NULL, 2169),
	(2174, b'1', '000000000000001111111111111111000000000000000000', 8, NULL, 2170),
	(2175, b'1', '000000000000001111111111111111000000000000000000', 8, NULL, 2171),
	(2176, b'1', '000000000000001111111111111111000000000000000000', 8, NULL, 2172),
	(2177, b'1', '000000000000001111111111111111000000000000000000', 8, NULL, 2173),
	(2178, b'1', '000000000000001111111111111111000000000000000000', 8, NULL, 2174),
	(2179, b'1', '000000000000001111111111111111000000000000000000', 8, NULL, 2175),
	(2180, b'1', '000000000000001111111111111111000000000000000000', 8, NULL, 2176),
	(2181, b'1', '000000000000001111111111111111000000000000000000', 8, NULL, 2177),
	(2202, b'1', '000000000000001111111111111111000000000000000000', 8, NULL, 2198),
	(2203, b'1', '000000000000001111111111111111000000000000000000', 8, NULL, 2199),
	(2204, b'1', '000000000000001111111111111111000000000000000000', 8, NULL, 2200),
	(2205, b'1', '000000000000001111111111111111000000000000000000', 8, NULL, 2201),
	(2206, b'1', '000000000000001111111111111111000000000000000000', 8, NULL, 2202),
	(2207, b'1', '000000000000001111111111111111000000000000000000', 8, NULL, 2203),
	(2208, b'1', '000000000000001111111111111111000000000000000000', 8, NULL, 2204),
	(2209, b'1', '000000000000001111111111111111000000000000000000', 8, NULL, 2205),
	(2210, b'1', '000000000000001111111111111111000000000000000000', 8, NULL, 2206),
	(2211, b'1', '000000000000001111111111111111000000000000000000', 8, NULL, 2207),
	(2212, b'1', '000000000000001111111111111111000000000000000000', 8, NULL, 2208),
	(2213, b'1', '000000000000001111111111111111000000000000000000', 8, NULL, 2209),
	(2214, b'1', '000000000000001111111111111111000000000000000000', 8, NULL, 2210),
	(2215, b'1', '000000000000001111111111111111000000000000000000', 8, NULL, 2211),
	(2216, b'1', '000000000000001111111111111111000000000000000000', 8, NULL, 2212),
	(2217, b'1', '000000000000001111111111111111000000000000000000', 8, NULL, 2213),
	(2218, b'1', '000000000000001111111111111111000000000000000000', 8, NULL, 2214),
	(2219, b'1', '000000000000001111111111111111000000000000000000', 8, NULL, 2215),
	(2220, b'1', '000000000000001111111111111111000000000000000000', 8, NULL, 2216),
	(2221, b'1', '000000000000001111111111111111000000000000000000', 8, NULL, 2217),
	(2222, b'1', '000000000000001111111111111111000000000000000000', 8, NULL, 2218),
	(2223, b'1', '000000000000001111111111111111000000000000000000', 8, NULL, 2219),
	(2224, b'1', '000000000000001111111111111111000000000000000000', 8, NULL, 2220),
	(2225, b'1', '000000000000001111111111111111000000000000000000', 8, NULL, 2221),
	(2226, b'1', '000000000000001111111111111111000000000000000000', 8, NULL, 2222),
	(2227, b'1', '000000000000001111111111111111000000000000000000', 8, NULL, 2223),
	(2228, b'1', '000000000000001111111111111111000000000000000000', 8, NULL, 2224),
	(2229, b'1', '000000000000001111111111111111000000000000000000', 8, NULL, 2225),
	(2230, b'1', '000000000000001111111111111111000000000000000000', 8, NULL, 2226),
	(2231, b'1', '000000000000001111111111111111000000000000000000', 8, NULL, 2227),
	(2232, b'1', '000000000000001111111111111111000000000000000000', 8, NULL, 2228),
	(2233, b'1', '000000000000001111111111111111000000000000000000', 8, NULL, 2229),
	(2234, b'1', '000000000000001111111111111111000000000000000000', 8, NULL, 2230),
	(2235, b'1', '000000000000001111111111111111000000000000000000', 8, NULL, 2231),
	(2237, b'1', '000000000000001111111111111111000000000000000000', 8, NULL, 2233),
	(2238, b'1', '000000000000001111111111111111000000000000000000', 8, NULL, 2234),
	(2239, b'1', '000000000000001111111111111111000000000000000000', 8, NULL, 2235),
	(2240, b'1', '000000000000001111111111111111000000000000000000', 8, NULL, 2236),
	(2241, b'1', '000000000000001111111111111111000000000000000000', 8, NULL, 2237),
	(2242, b'1', '000000000000001111111111111111000000000000000000', 8, NULL, 2238),
	(2243, b'1', '000000000000001111111111111111000000000000000000', 8, NULL, 2239),
	(2244, b'1', '000000000000001111111111111111000000000000000000', 8, NULL, 2240),
	(2245, b'1', '000000000000001111111111111111000000000000000000', 8, NULL, 2241),
	(2246, b'1', '000000000000001111111111111111000000000000000000', 8, NULL, 2242),
	(2247, b'1', '000000000000001111111111111111000000000000000000', 8, NULL, 2243),
	(2248, b'1', '000000000000001111111111111111000000000000000000', 8, NULL, 2244),
	(2249, b'1', '000000000000001111111111111111000000000000000000', 8, NULL, 2245),
	(2250, b'1', '000000000000001111111111111111000000000000000000', 8, NULL, 2246),
	(2251, b'1', '000000000000001111111111111111000000000000000000', 8, NULL, 2247),
	(2252, b'1', '000000000000001111111111111111000000000000000000', 8, NULL, 2248),
	(2253, b'1', '000000000000001111111111111111000000000000000000', 8, NULL, 2249),
	(2254, b'1', '000000000000001111111111111111000000000000000000', 8, NULL, 2250),
	(2255, b'1', '000000000000001111111111111111000000000000000000', 8, NULL, 2251),
	(2256, b'1', '000000000000001111111111111111000000000000000000', 8, NULL, 2252),
	(2257, b'1', '000000000000001111111111111111000000000000000000', 8, NULL, 2253),
	(2258, b'1', '000000000000001111111111111111000000000000000000', 8, NULL, 2254),
	(2259, b'1', '000000000000001111111111111111000000000000000000', 8, NULL, 2255),
	(2260, b'1', '000000000000001111111111111111000000000000000000', 8, NULL, 2256),
	(2261, b'1', '000000000000001111111111111111000000000000000000', 8, NULL, 2257),
	(2262, b'1', '000000000000001111111111111111000000000000000000', 8, NULL, 2258),
	(2263, b'1', '000000000000001111111111111111000000000000000000', 8, NULL, 2259),
	(2264, b'1', '000000000000001111111111111111000000000000000000', 8, NULL, 2260),
	(2265, b'1', '000000000000001111111111111111000000000000000000', 8, NULL, 2261),
	(2266, b'1', '000000000000001111111111111111000000000000000000', 8, NULL, 2262),
	(2267, b'1', '000000000000001111111111111111000000000000000000', 8, NULL, 2263),
	(2268, b'1', '000000000000001111111111111111000000000000000000', 8, NULL, 2264),
	(2269, b'1', '000000000000001111111111111111000000000000000000', 8, NULL, 2265),
	(2270, b'1', '000000000000001111111111111111000000000000000000', 8, NULL, 2266),
	(2271, b'1', '000000000000001111111111111111000000000000000000', 8, NULL, 2267),
	(2272, b'1', '000000000000001111111111111111000000000000000000', 8, NULL, 2268),
	(2273, b'1', '000000000000001111111111111111000000000000000000', 8, NULL, 2269),
	(2274, b'1', '000000000000001111111111111111000000000000000000', 8, NULL, 2270),
	(2275, b'1', '000000000000001111111111111111000000000000000000', 8, NULL, 2271),
	(2276, b'1', '000000000000001111111111111111000000000000000000', 8, NULL, 2272),
	(2277, b'1', '000000000000001111111111111111000000000000000000', 8, NULL, 2273),
	(2278, b'1', '000000000000001111111111111111000000000000000000', 8, NULL, 2274),
	(2279, b'1', '000000000000001111111111111111000000000000000000', 8, NULL, 2275),
	(2280, b'1', '000000000000001111111111111111000000000000000000', 8, NULL, 2276),
	(2281, b'1', '000000000000001111111111111111000000000000000000', 8, NULL, 2277),
	(2282, b'1', '000000000000001111111111111111000000000000000000', 8, NULL, 2278),
	(2283, b'1', '000000000000001111111111111111000000000000000000', 8, NULL, 2279),
	(2284, b'1', '000000000000001111111111111111000000000000000000', 8, NULL, 2280),
	(2285, b'1', '000000000000001111111111111111000000000000000000', 8, NULL, 2281),
	(2286, b'1', '000000000000001111111111111111000000000000000000', 8, NULL, 2282),
	(2287, b'1', '000000000000001111111111111111000000000000000000', 8, NULL, 2283),
	(2288, b'1', '000000000000001111111111111111000000000000000000', 8, NULL, 2284),
	(2289, b'1', '000000000000001111111111111111000000000000000000', 8, NULL, 2285),
	(2290, b'1', '000000000000001111111111111111000000000000000000', 8, NULL, 2286),
	(2291, b'1', '000000000000001111111111111111000000000000000000', 8, NULL, 2287),
	(2292, b'1', '000000000000001111111111111111000000000000000000', 8, NULL, 2288),
	(2293, b'1', '000000000000001111111111111111000000000000000000', 8, NULL, 2289),
	(2294, b'1', '000000000000001111111111111111000000000000000000', 8, NULL, 2290),
	(2295, b'1', '000000000000001111111111111111000000000000000000', 8, NULL, 2291),
	(2296, b'1', '000000000000001111111111111111000000000000000000', 8, NULL, 2292),
	(2297, b'1', '000000000000001111111111111111000000000000000000', 8, NULL, 2293),
	(2298, b'1', '000000000000001111111111111111000000000000000000', 8, NULL, 2294),
	(2299, b'1', '000000000000001111111111111111000000000000000000', 8, NULL, 2295),
	(2300, b'1', '000000000000001111111111111111000000000000000000', 8, NULL, 2296),
	(2301, b'1', '000000000000001111111111111111000000000000000000', 8, NULL, 2297),
	(2302, b'1', '000000000000001111111111111111000000000000000000', 8, NULL, 2298),
	(2303, b'1', '000000000000001111111111111111000000000000000000', 8, NULL, 2299),
	(2304, b'1', '000000000000001111111111111111000000000000000000', 8, NULL, 2300),
	(2305, b'1', '000000000000001111111111111111000000000000000000', 8, NULL, 2301),
	(2306, b'1', '000000000000001111111111111111000000000000000000', 8, NULL, 2302),
	(2307, b'1', '000000000000001111111111111111000000000000000000', 8, NULL, 2303),
	(2308, b'1', '000000000000001111111111111111000000000000000000', 8, NULL, 2304),
	(2309, b'1', '000000000000001111111111111111000000000000000000', 8, NULL, 2305),
	(2310, b'1', '000000000000001111111111111111000000000000000000', 8, NULL, 2306),
	(2311, b'1', '000000000000001111111111111111000000000000000000', 8, NULL, 2307),
	(2312, b'1', '000000000000001111111111111111000000000000000000', 8, NULL, 2308),
	(2313, b'1', '000000000000001111111111111111000000000000000000', 8, NULL, 2309),
	(2314, b'1', '000000000000001111111111111111000000000000000000', 8, NULL, 2310),
	(2315, b'1', '000000000000001111111111111111000000000000000000', 8, NULL, 2311),
	(2316, b'1', '000000000000001111111111111111000000000000000000', 8, NULL, 2312),
	(2317, b'1', '000000000000001111111111111111000000000000000000', 8, NULL, 2313),
	(2318, b'1', '000000000000001111111111111111000000000000000000', 8, NULL, 2314),
	(2319, b'1', '000000000000001111111111111111000000000000000000', 8, NULL, 2315),
	(2320, b'1', '000000000000001111111111111111000000000000000000', 8, NULL, 2316),
	(2321, b'1', '000000000000001111111111111111000000000000000000', 8, NULL, 2317),
	(2322, b'1', '000000000000001111111111111111000000000000000000', 8, NULL, 2318),
	(2323, b'1', '000000000000001111111111111111000000000000000000', 8, NULL, 2319),
	(2324, b'1', '000000000000001111111111111111000000000000000000', 8, NULL, 2320),
	(2325, b'1', '000000000000001111111111111111000000000000000000', 8, NULL, 2321),
	(2326, b'1', '000000000000001111111111111111000000000000000000', 8, NULL, 2322),
	(2327, b'1', '000000000000001111111111111111000000000000000000', 8, NULL, 2323),
	(2328, b'1', '000000000000001111111111111111000000000000000000', 8, NULL, 2324),
	(2329, b'1', '000000000000001111111111111111000000000000000000', 8, NULL, 2325),
	(2330, b'1', '000000000000001111111111111111000000000000000000', 8, NULL, 2326),
	(2331, b'1', '000000000000001111111111111111000000000000000000', 8, NULL, 2327),
	(2332, b'1', '000000000000001111111111111111000000000000000000', 8, NULL, 2328),
	(2333, b'1', '000000000000001111111111111111000000000000000000', 8, NULL, 2329),
	(2334, b'1', '000000000000001111111111111111000000000000000000', 8, NULL, 2330),
	(2335, b'1', '000000000000001111111111111111000000000000000000', 8, NULL, 2331),
	(2336, b'1', '000000000000001111111111111111000000000000000000', 8, NULL, 2332),
	(2337, b'1', '000000000000001111111111111111000000000000000000', 8, NULL, 2333),
	(2338, b'1', '000000000000001111111111111111000000000000000000', 8, NULL, 2334),
	(2339, b'1', '000000000000001111111111111111000000000000000000', 8, NULL, 2335),
	(2340, b'1', '000000000000001111111111111111000000000000000000', 8, NULL, 2336),
	(2341, b'1', '000000000000001111111111111111000000000000000000', 8, NULL, 2337),
	(2342, b'1', '000000000000001111111111111111000000000000000000', 8, NULL, 2338),
	(2343, b'1', '000000000000001111111111111111000000000000000000', 8, NULL, 2339),
	(2344, b'1', '000000000000001111111111111111000000000000000000', 8, NULL, 2340),
	(2345, b'1', '000000000000001111111111111111000000000000000000', 8, NULL, 2341),
	(2346, b'1', '000000000000001111111111111111000000000000000000', 8, NULL, 2342),
	(2347, b'1', '000000000000001111111111111111000000000000000000', 8, NULL, 2343),
	(2348, b'1', '000000000000001111111111111111000000000000000000', 8, NULL, 2344),
	(2349, b'1', '000000000000001111111111111111000000000000000000', 8, NULL, 2345),
	(2350, b'1', '000000000000001111111111111111000000000000000000', 8, NULL, 2346),
	(2351, b'1', '000000000000001111111111111111000000000000000000', 8, NULL, 2347),
	(2352, b'1', '000000000000001111111111111111000000000000000000', 8, NULL, 2348),
	(2353, b'1', '000000000000001111111111111111000000000000000000', 8, NULL, 2349),
	(2354, b'1', '000000000000001111111111111111000000000000000000', 8, NULL, 2350),
	(2355, b'1', '000000000000001111111111111111000000000000000000', 8, NULL, 2351),
	(2356, b'1', '000000000000001111111111111111000000000000000000', 8, NULL, 2352),
	(2357, b'1', '000000000000001111111111111111000000000000000000', 8, NULL, 2353),
	(2358, b'1', '000000000000001111111111111111000000000000000000', 8, NULL, 2354),
	(2359, b'1', '000000000000001111111111111111000000000000000000', 8, NULL, 2355),
	(2360, b'1', '000000000000001111111111111111000000000000000000', 8, NULL, 2356),
	(2361, b'1', '000000000000001111111111111111000000000000000000', 8, NULL, 2357),
	(2362, b'1', '000000000000001111111111111111000000000000000000', 8, NULL, 2358),
	(2363, b'1', '000000000000001111111111111111000000000000000000', 8, NULL, 2359),
	(2364, b'1', '000000000000001111111111111111000000000000000000', 8, NULL, 2360),
	(2365, b'1', '000000000000001111111111111111000000000000000000', 8, NULL, 2361),
	(2366, b'1', '000000000000001111111111111111000000000000000000', 8, NULL, 2362),
	(2368, b'1', '000000000000000011111111111111110000000000000000', 8, NULL, 2364),
	(2369, b'1', '000000000000000011111111111111110000000000000000', 8, NULL, 2365),
	(2370, b'1', '000000000000000011111111111111110000000000000000', 8, NULL, 2366),
	(2371, b'1', '000000000000000011111111111111110000000000000000', 8, NULL, 2367),
	(2372, b'1', '000000000000000011111111111111110000000000000000', 8, NULL, 2368),
	(2373, b'1', '000000000000000011111111111111110000000000000000', 8, NULL, 2369),
	(2374, b'1', '000000000000000011111111111111110000000000000000', 8, NULL, 2370),
	(2375, b'1', '000000000000000011111111111111110000000000000000', 8, NULL, 2371),
	(2376, b'1', '000000000000000011111111111111110000000000000000', 8, NULL, 2372),
	(2377, b'1', '000000000000000011111111111111110000000000000000', 8, NULL, 2373),
	(2378, b'1', '000000000000000011111111111111110000000000000000', 8, NULL, 2374),
	(2379, b'1', '000000000000000011111111111111110000000000000000', 8, NULL, 2375),
	(2380, b'1', '000000000000000011111111111111110000000000000000', 8, NULL, 2376),
	(2381, b'1', '000000000000000011111111111111110000000000000000', 8, NULL, 2377),
	(2382, b'1', '000000000000000011111111111111110000000000000000', 8, NULL, 2378),
	(2383, b'1', '000000000000000011111111111111110000000000000000', 8, NULL, 2379),
	(2384, b'1', '000000000000000011111111111111110000000000000000', 8, NULL, 2380),
	(2385, b'1', '000000000000000011111111111111110000000000000000', 8, NULL, 2381),
	(2386, b'1', '000000000000000011111111111111110000000000000000', 8, NULL, 2382),
	(2387, b'1', '000000000000000011111111111111110000000000000000', 8, NULL, 2383),
	(2388, b'1', '000000000000000011111111111111110000000000000000', 8, NULL, 2384),
	(2389, b'1', '000000000000000011111111111111110000000000000000', 8, NULL, 2385),
	(2390, b'1', '000000000000000011111111111111110000000000000000', 8, NULL, 2386),
	(2391, b'1', '000000000000000011111111111111110000000000000000', 8, NULL, 2387),
	(2392, b'1', '000000000000000011111111111111110000000000000000', 8, NULL, 2388),
	(2393, b'1', '000000000000000011111111111111110000000000000000', 8, NULL, 2389),
	(2394, b'1', '000000000000000011111111111111110000000000000000', 8, NULL, 2390),
	(2395, b'1', '000000000000000011111111111111110000000000000000', 8, NULL, 2391),
	(2396, b'1', '000000000000000011111111111111110000000000000000', 8, NULL, 2392),
	(2397, b'1', '000000000000000011111111111111110000000000000000', 8, NULL, 2393),
	(2398, b'1', '000000000000000011111111111111110000000000000000', 8, NULL, 2394),
	(2399, b'1', '000000000000000011111111111111110000000000000000', 8, NULL, 2395),
	(2400, b'1', '000000000000000011111111111111110000000000000000', 8, NULL, 2396),
	(2401, b'1', '000000000000000011111111111111110000000000000000', 8, NULL, 2397),
	(2402, b'1', '000000000000000011111111111111110000000000000000', 8, NULL, 2398),
	(2403, b'1', '000000000000000011111111111111110000000000000000', 8, NULL, 2399),
	(2404, b'1', '000000000000000011111111111111110000000000000000', 8, NULL, 2400),
	(2405, b'1', '000000000000000011111111111111110000000000000000', 8, NULL, 2401),
	(2406, b'1', '000000000000000011111111111111110000000000000000', 8, NULL, 2402),
	(2407, b'1', '000000000000000011111111111111110000000000000000', 8, NULL, 2403),
	(2410, b'1', '000000000000000011111111111111110000000000000000', 8, NULL, 2406),
	(2411, b'1', '000000000000000011111111111111110000000000000000', 8, NULL, 2407),
	(2412, b'1', '000000000000000011111111111111110000000000000000', 8, NULL, 2408),
	(2413, b'1', '000000000000000011111111111111110000000000000000', 8, NULL, 2409),
	(2414, b'1', '000000000000000011111111111111110000000000000000', 8, NULL, 2410),
	(2415, b'1', '000000000000000011111111111111110000000000000000', 8, 'Normal', 2411),
	(2416, b'1', '000000000000000011111111111111110000000000000000', 8, NULL, 2412),
	(2417, b'1', '000000000000000011111111111111110000000000000000', 8, NULL, 2413),
	(2418, b'1', '000000000000000011111111111111110000000000000000', 8, NULL, 2414),
	(2419, b'1', '000000000000000011111111111111110000000000000000', 8, NULL, 2415),
	(2420, b'1', '000000000000000011111111111111110000000000000000', 8, NULL, 2416),
	(2421, b'1', '000000000000000011111111111111110000000000000000', 8, NULL, 2417),
	(2422, b'1', '000000000000000011111111111111110000000000000000', 8, NULL, 2418),
	(2423, b'1', '000000000000000011111111111111110000000000000000', 8, NULL, 2419),
	(2424, b'1', '000000000000000011111111111111110000000000000000', 8, NULL, 2420),
	(2425, b'1', '000000000000000011111111111111110000000000000000', 8, NULL, 2421),
	(2426, b'1', '000000000000000011111111111111110000000000000000', 8, NULL, 2422),
	(2427, b'1', '000000000000000011111111111111110000000000000000', 8, NULL, 2423),
	(2428, b'1', '000000000000000011111111111111110000000000000000', 8, NULL, 2424),
	(2429, b'1', '000000000000000011111111111111110000000000000000', 8, NULL, 2425),
	(2430, b'1', '000000000000000011111111111111110000000000000000', 8, NULL, 2426),
	(2431, b'1', '000000000000000011111111111111110000000000000000', 8, NULL, 2427),
	(2432, b'1', '000000000000000011111111111111110000000000000000', 8, NULL, 2428),
	(2433, b'1', '000000000000000011111111111111110000000000000000', 8, NULL, 2429),
	(2434, b'1', '000000000000000011111111111111110000000000000000', 8, NULL, 2430),
	(2435, b'1', '000000000000000011111111111111110000000000000000', 8, NULL, 2431),
	(2436, b'1', '000000000000000011111111111111110000000000000000', 8, NULL, 2432),
	(2437, b'1', '000000000000000011111111111111110000000000000000', 8, NULL, 2433),
	(2438, b'1', '000000000000000011111111111111110000000000000000', 8, NULL, 2434),
	(2439, b'1', '000000000000000011111111111111110000000000000000', 8, NULL, 2435),
	(2440, b'1', '000000000000000011111111111111110000000000000000', 8, NULL, 2436),
	(2441, b'1', '000000000000000011111111111111110000000000000000', 8, NULL, 2437),
	(2442, b'1', '000000000000000011111111111111110000000000000000', 8, NULL, 2438),
	(2443, b'1', '000000000000000011111111111111110000000000000000', 8, NULL, 2439),
	(2444, b'1', '000000000000000011111111111111110000000000000000', 8, NULL, 2440),
	(2445, b'1', '000000000000000011111111111111110000000000000000', 8, NULL, 2441),
	(2446, b'1', '000000000000000011111111111111110000000000000000', 8, NULL, 2442),
	(2447, b'1', '000000000000000011111111111111110000000000000000', 8, NULL, 2443),
	(2448, b'1', '000000000000000011111111111111110000000000000000', 8, NULL, 2444),
	(2449, b'1', '000000000000000011111111111111110000000000000000', 8, NULL, 2445),
	(2450, b'1', '000000000000000011111111111111110000000000000000', 8, NULL, 2446),
	(2451, b'1', '000000000000000011111111111111110000000000000000', 8, NULL, 2447),
	(2452, b'1', '000000000000000011111111111111110000000000000000', 8, NULL, 2448),
	(2453, b'1', '000000000000000011111111111111110000000000000000', 8, NULL, 2449),
	(2454, b'1', '000000000000000011111111111111110000000000000000', 8, NULL, 2450),
	(2455, b'1', '000000000000000011111111111111110000000000000000', 8, NULL, 2451),
	(2456, b'1', '000000000000000011111111111111110000000000000000', 8, NULL, 2452),
	(2457, b'1', '000000000000000011111111111111110000000000000000', 8, NULL, 2453),
	(2458, b'1', '000000000000000011111111111111110000000000000000', 8, NULL, 2454),
	(2459, b'1', '000000000000000011111111111111110000000000000000', 8, NULL, 2455),
	(2460, b'1', '000000000000000011111111111111110000000000000000', 8, NULL, 2456),
	(2461, b'1', '000000000000000011111111111111110000000000000000', 8, NULL, 2457),
	(2462, b'1', '000000000000000011111111111111110000000000000000', 8, NULL, 2458),
	(2463, b'1', '000000000000000011111111111111110000000000000000', 8, NULL, 2459),
	(2464, b'1', '000000000000000011111111111111110000000000000000', 8, NULL, 2460),
	(2465, b'1', '000000000000000011111111111111110000000000000000', 8, NULL, 2461),
	(2466, b'1', '000000000000000011111111111111110000000000000000', 8, NULL, 2462),
	(2467, b'1', '000000000000000011111111111111110000000000000000', 8, NULL, 2463),
	(2468, b'1', '000000000000000011111111111111110000000000000000', 8, NULL, 2464),
	(2469, b'1', '000000000000000011111111111111110000000000000000', 8, NULL, 2465),
	(2470, b'1', '000000000000000011111111111111110000000000000000', 8, NULL, 2466),
	(2471, b'1', '000000000000000011111111111111110000000000000000', 8, NULL, 2467),
	(2472, b'1', '000000000000000011111111111111110000000000000000', 8, NULL, 2468),
	(2473, b'1', '000000000000000011111111111111110000000000000000', 8, NULL, 2469),
	(2474, b'1', '000000000000000011111111111111110000000000000000', 8, NULL, 2470),
	(2475, b'1', '000000000000000011111111111111110000000000000000', 8, NULL, 2471),
	(2476, b'1', '000000000000000011111111111111110000000000000000', 8, NULL, 2472),
	(2477, b'1', '000000000000000011111111111111110000000000000000', 8, NULL, 2473),
	(2478, b'1', '000000000000000011111111111111110000000000000000', 8, NULL, 2474),
	(2479, b'1', '000000000000000011111111111111110000000000000000', 8, NULL, 2475),
	(2480, b'1', '000000000000000011111111111111110000000000000000', 8, NULL, 2476),
	(2481, b'1', '000000000000000011111111111111110000000000000000', 8, NULL, 2477),
	(2482, b'1', '000000000000000011111111111111110000000000000000', 8, NULL, 2478),
	(2483, b'1', '000000000000000011111111111111110000000000000000', 8, NULL, 2479),
	(2484, b'1', '000000000000000011111111111111110000000000000000', 8, NULL, 2480),
	(2485, b'1', '000000000000000011111111111111110000000000000000', 8, NULL, 2481),
	(2486, b'1', '000000000000000011111111111111110000000000000000', 8, NULL, 2482),
	(2487, b'1', '000000000000000011111111111111110000000000000000', 8, NULL, 2483),
	(2488, b'1', '000000000000000011111111111111110000000000000000', 8, NULL, 2484),
	(2489, b'1', '000000000000000011111111111111110000000000000000', 8, NULL, 2485),
	(2490, b'1', '000000000000000011111111111111110000000000000000', 8, NULL, 2486),
	(2491, b'1', '000000000000000011111111111111110000000000000000', 8, NULL, 2487),
	(2492, b'1', '000000000000000011111111111111110000000000000000', 8, NULL, 2488),
	(2493, b'1', '000000000000000011111111111111110000000000000000', 8, NULL, 2489),
	(2494, b'1', '000000000000000011111111111111110000000000000000', 8, NULL, 2490),
	(2495, b'1', '000000000000000011111111111111110000000000000000', 8, NULL, 2491),
	(2496, b'1', '000000000000000011111111111111110000000000000000', 8, NULL, 2492),
	(2497, b'1', '000000000000000011111111111111110000000000000000', 8, NULL, 2493),
	(2498, b'1', '000000000000000011111111111111110000000000000000', 8, NULL, 2494),
	(2499, b'1', '000000000000000011111111111111110000000000000000', 8, NULL, 2495),
	(2500, b'1', '000000000000000011111111111111110000000000000000', 8, NULL, 2496),
	(2501, b'1', '000000000000000011111111111111110000000000000000', 8, NULL, 2497),
	(2502, b'1', '000000000000000011111111111111110000000000000000', 8, NULL, 2498),
	(2503, b'1', '000000000000000011111111111111110000000000000000', 8, NULL, 2499),
	(2504, b'1', '000000000000000011111111111111110000000000000000', 8, NULL, 2500),
	(2505, b'1', '000000000000000011111111111111110000000000000000', 8, NULL, 2501),
	(2506, b'1', '000000000000000011111111111111110000000000000000', 8, NULL, 2502),
	(2507, b'1', '000000000000000011111111111111110000000000000000', 8, NULL, 2503),
	(2508, b'1', '000000000000000011111111111111110000000000000000', 8, NULL, 2504),
	(2509, b'1', '000000000000000011111111111111110000000000000000', 8, NULL, 2505),
	(2510, b'1', '000000000000000011111111111111110000000000000000', 8, NULL, 2506),
	(2511, b'1', '000000000000000011111111111111110000000000000000', 8, NULL, 2507),
	(2512, b'1', '000000000000000011111111111111110000000000000000', 8, NULL, 2508),
	(2513, b'1', '000000000000000011111111111111110000000000000000', 8, NULL, 2509),
	(2514, b'1', '000000000000000011111111111111110000000000000000', 8, NULL, 2510),
	(2515, b'1', '000000000000000011111111111111110000000000000000', 8, NULL, 2511),
	(2516, b'1', '000000000000000011111111111111110000000000000000', 8, NULL, 2512),
	(2517, b'1', '000000000000000011111111111111110000000000000000', 8, NULL, 2513),
	(2518, b'1', '000000000000000011111111111111110000000000000000', 8, NULL, 2514),
	(2519, b'1', '000000000000000011111111111111110000000000000000', 8, NULL, 2515),
	(2520, b'1', '000000000000000011111111111111110000000000000000', 8, NULL, 2516),
	(2521, b'1', '000000000000000011111111111111110000000000000000', 8, NULL, 2517),
	(2522, b'1', '000000000000000011111111111111110000000000000000', 8, NULL, 2518),
	(2523, b'1', '000000000000000011111111111111110000000000000000', 8, NULL, 2519),
	(2524, b'1', '000000000000000011111111111111110000000000000000', 8, NULL, 2520),
	(2525, b'1', '000000000000000011111111111111110000000000000000', 8, NULL, 2521),
	(2526, b'1', '000000000000000011111111111111110000000000000000', 8, NULL, 2522),
	(2527, b'1', '000000000000000011111111111111110000000000000000', 8, NULL, 2523),
	(2528, b'1', '000000000000000011111111111111110000000000000000', 8, NULL, 2524),
	(2529, b'1', '000000000000000011111111111111110000000000000000', 8, NULL, 2525),
	(2530, b'1', '000000000000000011111111111111110000000000000000', 8, NULL, 2526),
	(2531, b'1', '000000000000000011111111111111110000000000000000', 8, NULL, 2527),
	(2532, b'1', '000000000000000011111111111111110000000000000000', 8, NULL, 2528),
	(2533, b'1', '000000000000000011111111111111110000000000000000', 8, NULL, 2529),
	(2534, b'1', '000000000000000011111111111111110000000000000000', 8, NULL, 2530),
	(2535, b'1', '000000000000000011111111111111110000000000000000', 8, NULL, 2531),
	(2536, b'1', '000000000000000011111111111111110000000000000000', 8, NULL, 2532),
	(2537, b'1', '000000000000000011111111111111110000000000000000', 8, NULL, 2533),
	(2538, b'1', '000000000000000011111111111111110000000000000000', 8, NULL, 2534),
	(2539, b'1', '000000000000000011111111111111110000000000000000', 8, NULL, 2535),
	(2540, b'1', '000000000000000011111111111111110000000000000000', 8, NULL, 2536),
	(2541, b'1', '000000000000000011111111111111110000000000000000', 8, NULL, 2537),
	(2542, b'1', '000000000000000011111111111111110000000000000000', 8, NULL, 2538),
	(2543, b'1', '000000000000000011111111111111110000000000000000', 8, NULL, 2539),
	(2544, b'1', '000000000000000011111111111111110000000000000000', 8, NULL, 2540),
	(2545, b'1', '000000000000000011111111111111110000000000000000', 8, NULL, 2541),
	(2546, b'1', '000000000000000011111111111111110000000000000000', 8, NULL, 2542),
	(2547, b'1', '000000000000000011111111111111110000000000000000', 8, NULL, 2543),
	(2548, b'1', '000000000000000011111111111111110000000000000000', 8, NULL, 2544),
	(2549, b'1', '000000000000000011111111111111110000000000000000', 8, NULL, 2545),
	(2550, b'1', '000000000000000011111111111111110000000000000000', 8, NULL, 2546),
	(2551, b'1', '000000000000000011111111111111110000000000000000', 8, NULL, 2547),
	(2552, b'1', '000000000000000011111111111111110000000000000000', 8, NULL, 2548),
	(2553, b'1', '000000000000000011111111111111110000000000000000', 8, NULL, 2549),
	(2554, b'1', '000000000000000011111111111111110000000000000000', 8, NULL, 2550),
	(2555, b'1', '000000000000000011111111111111110000000000000000', 8, NULL, 2551),
	(2556, b'1', '000000000000000011111111111111110000000000000000', 8, NULL, 2552),
	(2557, b'1', '000000000000000011111111111111110000000000000000', 8, NULL, 2553),
	(2558, b'1', '000000000000000011111111111111110000000000000000', 8, NULL, 2554),
	(2559, b'1', '000000000000000011111111111111110000000000000000', 8, NULL, 2555),
	(2560, b'1', '000000000000000011111111111111110000000000000000', 8, NULL, 2556),
	(2561, b'1', '000000000000000011111111111111110000000000000000', 8, NULL, 2557),
	(2562, b'1', '000000000000000011111111111111110000000000000000', 8, NULL, 2558),
	(2563, b'1', '000000000000000011111111111111110000000000000000', 8, NULL, 2559),
	(2564, b'1', '000000000000000011111111111111110000000000000000', 8, NULL, 2560),
	(2565, b'1', '000000000000000011111111111111110000000000000000', 8, NULL, 2561),
	(2566, b'1', '000000000000000011111111111111110000000000000000', 8, NULL, 2562),
	(2567, b'1', '000000000000000011111111111111110000000000000000', 8, NULL, 2563),
	(2568, b'1', '000000000000000011111111111111110000000000000000', 8, NULL, 2564),
	(2569, b'1', '000000000000000011111111111111110000000000000000', 8, NULL, 2565),
	(2570, b'1', '000000000000000011111111111111110000000000000000', 8, NULL, 2566),
	(2571, b'1', '000000000000000011111111111111110000000000000000', 8, NULL, 2567),
	(2572, b'1', '000000000000000011111111111111110000000000000000', 8, NULL, 2568),
	(2573, b'1', '000000000000000011111111111111110000000000000000', 8, NULL, 2569),
	(2574, b'1', '000000000000000011111111111111110000000000000000', 8, NULL, 2570),
	(2575, b'1', '000000000000000011111111111111110000000000000000', 8, NULL, 2571),
	(2576, b'1', '000000000000000011111111111111110000000000000000', 8, NULL, 2572),
	(2577, b'1', '000000000000000011111111111111110000000000000000', 8, NULL, 2573),
	(2578, b'1', '000000000000000011111111111111110000000000000000', 8, NULL, 2574),
	(2579, b'1', '000000000000000011111111111111110000000000000000', 8, NULL, 2575),
	(2580, b'1', '000000000000000011111111111111110000000000000000', 8, NULL, 2576),
	(2581, b'1', '000000000000000011111111111111110000000000000000', 8, NULL, 2577),
	(2582, b'1', '000000000000000011111111111111110000000000000000', 8, NULL, 2578),
	(2583, b'1', '000000000000000011111111111111110000000000000000', 8, NULL, 2579),
	(2584, b'1', '000000000000000011111111111111110000000000000000', 8, NULL, 2580),
	(2585, b'1', '000000000000000011111111111111110000000000000000', 8, NULL, 2581),
	(2586, b'1', '000000000000000011111111111111110000000000000000', 8, NULL, 2582),
	(2587, b'1', '000000000000000011111111111111110000000000000000', 8, NULL, 2583),
	(2588, b'1', '000000000000000011111111111111110000000000000000', 8, NULL, 2584),
	(2589, b'1', '000000000000000011111111111111110000000000000000', 8, NULL, 2585),
	(2590, b'1', '000000000000000011111111111111110000000000000000', 8, NULL, 2586),
	(2591, b'1', '000000000000000011111111111111110000000000000000', 8, NULL, 2587),
	(2592, b'1', '000000000000000011111111111111110000000000000000', 8, NULL, 2588),
	(2593, b'1', '000000000000000011111111111111110000000000000000', 8, NULL, 2589),
	(2594, b'1', '000000000000000011111111111111110000000000000000', 8, NULL, 2590),
	(2595, b'1', '000000000000000011111111111111110000000000000000', 8, NULL, 2591),
	(2596, b'1', '000000000000000011111111111111110000000000000000', 8, NULL, 2592),
	(2597, b'1', '000000000000000011111111111111110000000000000000', 8, NULL, 2593),
	(2598, b'1', '000000000000000011111111111111110000000000000000', 8, NULL, 2594),
	(2599, b'1', '000000000000000011111111111111110000000000000000', 8, NULL, 2595),
	(2600, b'1', '000000000000000011111111111111110000000000000000', 8, NULL, 2596),
	(2601, b'1', '000000000000000011111111111111110000000000000000', 8, NULL, 2597),
	(2602, b'1', '000000000000000011111111111111110000000000000000', 8, NULL, 2598),
	(2603, b'1', '000000000000000011111111111111110000000000000000', 8, NULL, 2599),
	(2604, b'1', '000000000000000011111111111111110000000000000000', 8, NULL, 2600),
	(2605, b'1', '000000000000000011111111111111110000000000000000', 8, NULL, 2601),
	(2606, b'1', '000000000000000011111111111111110000000000000000', 8, NULL, 2602),
	(2607, b'1', '000000000000000011111111111111110000000000000000', 8, NULL, 2603),
	(2608, b'1', '000000000000000011111111111111110000000000000000', 8, NULL, 2604),
	(2609, b'1', '000000000000000011111111111111110000000000000000', 8, NULL, 2605),
	(2610, b'1', '000000000000000011111111111111110000000000000000', 8, NULL, 2606),
	(2611, b'1', '000000000000000011111111111111110000000000000000', 8, NULL, 2607),
	(2612, b'1', '000000000000000011111111111111110000000000000000', 8, NULL, 2608),
	(2613, b'1', '000000000000000011111111111111110000000000000000', 8, NULL, 2609),
	(2614, b'1', '000000000000000011111111111111110000000000000000', 8, NULL, 2610),
	(2615, b'1', '000000000000000011111111111111110000000000000000', 8, NULL, 2611),
	(2616, b'1', '000000000000000011111111111111110000000000000000', 8, NULL, 2612),
	(2617, b'1', '000000000000000011111111111111110000000000000000', 8, NULL, 2613),
	(2618, b'1', '000000000000000011111111111111110000000000000000', 8, NULL, 2614),
	(2619, b'1', '000000000000000011111111111111110000000000000000', 8, NULL, 2615),
	(2620, b'1', '000000000000000011111111111111110000000000000000', 8, NULL, 2616),
	(2621, b'1', '000000000000000011111111111111110000000000000000', 8, NULL, 2617),
	(2622, b'1', '000000000000000011111111111111110000000000000000', 8, NULL, 2618),
	(2623, b'1', '000000000000000011111111111111110000000000000000', 8, NULL, 2619),
	(2624, b'1', '000000000000000011111111111111110000000000000000', 8, NULL, 2620),
	(2625, b'1', '000000000000000011111111111111110000000000000000', 8, NULL, 2621),
	(2626, b'1', '000000000000000011111111111111110000000000000000', 8, NULL, 2622),
	(2627, b'1', '000000000000000011111111111111110000000000000000', 8, NULL, 2623),
	(2628, b'1', '000000000000000011111111111111110000000000000000', 8, NULL, 2624),
	(2629, b'1', '000000000000001111111111111111000000000000000000', 8, NULL, 2625),
	(2630, b'1', '000000000000001111111111111111000000000000000000', 8, NULL, 2626),
	(2631, b'1', '000000000000001111111111111111000000000000000000', 8, NULL, 2627),
	(2632, b'1', '000000000000001111111111111111000000000000000000', 8, NULL, 2628),
	(2633, b'1', '000000000000001111111111111111000000000000000000', 8, NULL, 2629),
	(2634, b'1', '000000000000001111111111111111000000000000000000', 8, NULL, 2630),
	(2635, b'1', '000000000000001111111111111111000000000000000000', 8, NULL, 2631),
	(2636, b'1', '000000000000001111111111111111000000000000000000', 8, NULL, 2632),
	(2637, b'1', '000000000000001111111111111111000000000000000000', 8, NULL, 2633),
	(2638, b'1', '000000000000001111111111111111000000000000000000', 8, NULL, 2634),
	(2639, b'1', '000000000000001111111111111111000000000000000000', 8, NULL, 2635),
	(2640, b'1', '000000000000001111111111111111000000000000000000', 8, NULL, 2636),
	(2641, b'1', '000000000000001111111111111111000000000000000000', 8, NULL, 2637),
	(2642, b'1', '000000000000001111111111111111000000000000000000', 8, NULL, 2638),
	(2643, b'1', '000000000000001111111111111111000000000000000000', 8, NULL, 2639),
	(2644, b'1', '000000000000001111111111111111000000000000000000', 8, NULL, 2640),
	(2645, b'1', '000000000000001111111111111111000000000000000000', 8, NULL, 2641),
	(2646, b'1', '000000000000001111111111111111000000000000000000', 8, NULL, 2642),
	(2647, b'1', '000000000000001111111111111111000000000000000000', 8, NULL, 2643),
	(2648, b'1', '000000000000001111111111111111000000000000000000', 8, NULL, 2644),
	(2649, b'1', '000000000000001111111111111111000000000000000000', 8, NULL, 2645),
	(2650, b'1', '000000000000001111111111111111000000000000000000', 8, NULL, 2646),
	(2651, b'1', '000000000000001111111111111111000000000000000000', 8, NULL, 2647),
	(2652, b'1', '000000000000001111111111111111000000000000000000', 8, NULL, 2648),
	(2653, b'1', '000000000000001111111111111111000000000000000000', 8, NULL, 2649),
	(2654, b'1', '000000000000001111111111111111000000000000000000', 8, NULL, 2650),
	(2655, b'1', '000000000000001111111111111111000000000000000000', 8, NULL, 2651),
	(2656, b'1', '000000000000001111111111111111000000000000000000', 8, NULL, 2652),
	(2657, b'1', '000000000000001111111111111111000000000000000000', 8, NULL, 2653),
	(2658, b'1', '000000000000001111111111111111000000000000000000', 8, NULL, 2654),
	(2659, b'1', '000000000000001111111111111111000000000000000000', 8, NULL, 2655),
	(2660, b'1', '000000000000001111111111111111000000000000000000', 8, NULL, 2656),
	(2661, b'1', '000000000000001111111111111111000000000000000000', 8, NULL, 2657),
	(2662, b'1', '000000000000001111111111111111000000000000000000', 8, NULL, 2658),
	(2663, b'1', '000000000000001111111111111111000000000000000000', 8, NULL, 2659),
	(2664, b'1', '000000000000001111111111111111000000000000000000', 8, NULL, 2660),
	(2665, b'1', '000000000000001111111111111111000000000000000000', 8, NULL, 2661),
	(2666, b'1', '000000000000001111111111111111000000000000000000', 8, NULL, 2662),
	(2667, b'1', '000000000000001111111111111111000000000000000000', 8, NULL, 2663),
	(2668, b'1', '000000000000001111111111111111000000000000000000', 8, NULL, 2664),
	(2669, b'1', '000000000000001111111111111111000000000000000000', 8, NULL, 2665),
	(2670, b'1', '000000000000001111111111111111000000000000000000', 8, NULL, 2666),
	(2671, b'1', '000000000000001111111111111111000000000000000000', 8, NULL, 2667),
	(2672, b'1', '000000000000001111111111111111000000000000000000', 8, NULL, 2668),
	(2673, b'1', '000000000000001111111111111111000000000000000000', 8, NULL, 2669),
	(2674, b'1', '000000000000001111111111111111000000000000000000', 8, NULL, 2670),
	(2675, b'1', '000000000000001111111111111111000000000000000000', 8, NULL, 2671),
	(2676, b'1', '000000000000001111111111111111000000000000000000', 8, NULL, 2672),
	(2677, b'1', '000000000000001111111111111111000000000000000000', 8, NULL, 2673),
	(2678, b'1', '000000000000001111111111111111000000000000000000', 8, NULL, 2674),
	(2679, b'1', '000000000000001111111111111111000000000000000000', 8, NULL, 2675),
	(2680, b'1', '000000000000001111111111111111000000000000000000', 8, NULL, 2676),
	(2681, b'1', '000000000000001111111111111111000000000000000000', 8, NULL, 2677),
	(2682, b'1', '000000000000001111111111111111000000000000000000', 8, NULL, 2678),
	(2683, b'1', '000000000000001111111111111111000000000000000000', 8, NULL, 2679),
	(2684, b'1', '000000000000001111111111111111000000000000000000', 8, NULL, 2680),
	(2685, b'1', '000000000000001111111111111111000000000000000000', 8, NULL, 2681),
	(2686, b'1', '000000000000001111111111111111000000000000000000', 8, NULL, 2682),
	(2687, b'1', '000000000000001111111111111111000000000000000000', 8, NULL, 2683),
	(2688, b'1', '000000000000001111111111111111000000000000000000', 8, NULL, 2684),
	(2689, b'1', '000000000000001111111111111111000000000000000000', 8, NULL, 2685),
	(2690, b'1', '000000000000001111111111111111000000000000000000', 8, NULL, 2686),
	(2691, b'1', '000000000000001111111111111111000000000000000000', 8, NULL, 2687),
	(2692, b'1', '000000000000001111111111111111000000000000000000', 8, NULL, 2688),
	(2693, b'1', '000000000000001111111111111111000000000000000000', 8, NULL, 2689),
	(2694, b'1', '000000000000001111111111111111000000000000000000', 8, NULL, 2690),
	(2695, b'1', '000000000000001111111111111111000000000000000000', 8, NULL, 2691),
	(2696, b'1', '000000000000001111111111111111000000000000000000', 8, NULL, 2692),
	(2697, b'1', '000000000000001111111111111111000000000000000000', 8, NULL, 2693),
	(2698, b'1', '000000000000001111111111111111000000000000000000', 8, NULL, 2694),
	(2699, b'1', '000000000000001111111111111111000000000000000000', 8, NULL, 2695),
	(2700, b'1', '000000000000001111111111111111000000000000000000', 8, NULL, 2696),
	(2701, b'1', '000000000000001111111111111111000000000000000000', 8, NULL, 2697),
	(2702, b'1', '000000000000001111111111111111000000000000000000', 8, NULL, 2698),
	(2703, b'1', '000000000000001111111111111111000000000000000000', 8, NULL, 2699),
	(2704, b'1', '000000000000001111111111111111000000000000000000', 8, NULL, 2700),
	(2705, b'1', '000000000000001111111111111111000000000000000000', 8, NULL, 2701),
	(2706, b'1', '000000000000001111111111111111000000000000000000', 8, NULL, 2702),
	(2707, b'1', '000000000000001111111111111111000000000000000000', 8, NULL, 2703),
	(2708, b'1', '000000000000001111111111111111000000000000000000', 8, NULL, 2704),
	(2709, b'1', '000000000000001111111100011001000000000000000000', 5.5, 'Normal', 2705),
	(2710, b'1', '000000000000001111111111111111000000000000000000', 8, NULL, 2706),
	(2711, b'1', '000000000000001111111111111111000000000000000000', 8, NULL, 2707),
	(2712, b'1', '000000000000001111111111111111000000000000000000', 8, NULL, 2708),
	(2713, b'1', '000000000000001111111111111111000000000000000000', 8, NULL, 2709),
	(2714, b'1', '000000000000001111111111111111000000000000000000', 8, NULL, 2710),
	(2715, b'1', '000000000000001111111111111111000000000000000000', 8, NULL, 2711),
	(2716, b'1', '000000000000001111111111111111000000000000000000', 8, NULL, 2712),
	(2717, b'1', '000000000000001111111111111111000000000000000000', 8, NULL, 2713),
	(2718, b'1', '000000000000001111111111111111000000000000000000', 8, NULL, 2714),
	(2719, b'1', '000000000000001111111111111111000000000000000000', 8, NULL, 2715),
	(2720, b'1', '000000000000001111111111111111000000000000000000', 8, NULL, 2716),
	(2721, b'1', '000000000000001111111111111111000000000000000000', 8, NULL, 2717),
	(2722, b'1', '000000000000001111111111111111000000000000000000', 8, NULL, 2718),
	(2723, b'1', '000000000000001111111111111111000000000000000000', 8, NULL, 2719),
	(2724, b'1', '000000000000001111111111111111000000000000000000', 8, NULL, 2720),
	(2725, b'1', '000000000000001111111111111111000000000000000000', 8, NULL, 2721),
	(2726, b'1', '000000000000001111111111111111000000000000000000', 8, NULL, 2722),
	(2727, b'1', '000000000000001111111111111111000000000000000000', 8, NULL, 2723),
	(2728, b'1', '000000000000001111111111111111000000000000000000', 8, NULL, 2724),
	(2729, b'1', '000000000000001111111111111111000000000000000000', 8, NULL, 2725),
	(2730, b'1', '000000000000001111111111111111000000000000000000', 8, NULL, 2726),
	(2731, b'1', '000000000000001111111111111111000000000000000000', 8, NULL, 2727),
	(2732, b'1', '000000000000001111111111111111000000000000000000', 8, NULL, 2728),
	(2733, b'1', '000000000000001111111111111111000000000000000000', 8, NULL, 2729),
	(2734, b'1', '000000000000001111111111111111000000000000000000', 8, NULL, 2730),
	(2735, b'1', '000000000000001111111111111111000000000000000000', 8, NULL, 2731),
	(2736, b'1', '000000000000001111111111111111000000000000000000', 8, NULL, 2732),
	(2737, b'1', '000000000000001111111111111111000000000000000000', 8, NULL, 2733),
	(2738, b'1', '000000000000001111111111111111000000000000000000', 8, NULL, 2734),
	(2739, b'1', '000000000000001111111111111111000000000000000000', 8, NULL, 2735),
	(2740, b'1', '000000000000001111111111111111000000000000000000', 8, NULL, 2736),
	(2741, b'1', '000000000000001111111111111111000000000000000000', 8, NULL, 2737),
	(2742, b'1', '000000000000001111111111111111000000000000000000', 8, NULL, 2738),
	(2743, b'1', '000000000000001111111111111111000000000000000000', 8, NULL, 2739),
	(2744, b'1', '000000000000001111111111111111000000000000000000', 8, NULL, 2740),
	(2745, b'1', '000000000000001111111111111111000000000000000000', 8, NULL, 2741),
	(2746, b'1', '000000000000001111111111111111000000000000000000', 8, NULL, 2742),
	(2747, b'1', '000000000000001111111111111111000000000000000000', 8, NULL, 2743),
	(2748, b'1', '000000000000001111111111111111000000000000000000', 8, NULL, 2744),
	(2749, b'1', '000000000000001111111111111111000000000000000000', 8, NULL, 2745),
	(2750, b'1', '000000000000001111111111111111000000000000000000', 8, NULL, 2746),
	(2751, b'1', '000000000000001111111111111111000000000000000000', 8, NULL, 2747),
	(2752, b'1', '000000000000001111111111111111000000000000000000', 8, NULL, 2748),
	(2753, b'1', '000000000000001111111111111111000000000000000000', 8, NULL, 2749),
	(2754, b'1', '000000000000001111111111111111000000000000000000', 8, NULL, 2750),
	(2755, b'1', '000000000000001111111111111111000000000000000000', 8, NULL, 2751),
	(2756, b'1', '000000000000001111111111111111000000000000000000', 8, NULL, 2752),
	(2757, b'1', '000000000000001111111111111111000000000000000000', 8, NULL, 2753),
	(2758, b'1', '000000000000001111111111111111000000000000000000', 8, NULL, 2754),
	(2759, b'1', '000000000000001111111111111111000000000000000000', 8, NULL, 2755),
	(2760, b'1', '000000000000001111111111111111000000000000000000', 8, NULL, 2756),
	(2761, b'1', '000000000000001111111111111111000000000000000000', 8, NULL, 2757),
	(2762, b'1', '000000000000001111111111111111000000000000000000', 8, NULL, 2758),
	(2763, b'1', '000000000000001111111111111111000000000000000000', 8, NULL, 2759),
	(2764, b'1', '000000000000001111111111111111000000000000000000', 8, NULL, 2760),
	(2765, b'1', '000000000000001111111111111111000000000000000000', 8, NULL, 2761),
	(2766, b'1', '000000000000001111111111111111000000000000000000', 8, NULL, 2762),
	(2767, b'1', '000000000000001111111111111111000000000000000000', 8, NULL, 2763),
	(2768, b'1', '000000000000001111111111111111000000000000000000', 8, NULL, 2764),
	(2769, b'1', '000000000000001111111111111111000000000000000000', 8, NULL, 2765),
	(2770, b'1', '000000000000001111111111111111000000000000000000', 8, NULL, 2766),
	(2771, b'1', '000000000000001111111111111111000000000000000000', 8, NULL, 2767),
	(2772, b'1', '000000000000001111111111111111000000000000000000', 8, NULL, 2768),
	(2773, b'1', '000000000000001111111111111111000000000000000000', 8, NULL, 2769),
	(2774, b'1', '000000000000001111111111111111000000000000000000', 8, NULL, 2770),
	(2775, b'1', '000000000000001111111111111111000000000000000000', 8, NULL, 2771),
	(2776, b'1', '000000000000001111111111111111000000000000000000', 8, NULL, 2772),
	(2777, b'1', '000000000000001111111111111111000000000000000000', 8, NULL, 2773),
	(2778, b'1', '000000000000001111111111111111000000000000000000', 8, NULL, 2774),
	(2779, b'1', '000000000000001111111111111111000000000000000000', 8, NULL, 2775),
	(2780, b'1', '000000000000001111111111111111000000000000000000', 8, NULL, 2776),
	(2781, b'1', '000000000000001111111111111111000000000000000000', 8, NULL, 2777),
	(2782, b'1', '000000000000001111111111111111000000000000000000', 8, NULL, 2778),
	(2783, b'1', '000000000000001111111111111111000000000000000000', 8, NULL, 2779),
	(2784, b'1', '000000000000001111111111111111000000000000000000', 8, NULL, 2780),
	(2785, b'1', '000000000000001111111111111111000000000000000000', 8, NULL, 2781),
	(2786, b'1', '000000000000001111111111111111000000000000000000', 8, NULL, 2782),
	(2787, b'1', '000000000000001111111111111111000000000000000000', 8, NULL, 2783),
	(2788, b'1', '000000000000001111111111111111000000000000000000', 8, NULL, 2784),
	(2789, b'1', '000000000000001111111111111111000000000000000000', 8, NULL, 2785),
	(2790, b'1', '000000000000001111111111111111000000000000000000', 8, NULL, 2786),
	(2791, b'1', '000000000000001111111111111111000000000000000000', 8, NULL, 2787),
	(2792, b'1', '000000000000001111111111111111000000000000000000', 8, NULL, 2788),
	(2793, b'1', '000000000000001111111111111111000000000000000000', 8, NULL, 2789),
	(2794, b'1', '000000000000001111111111111111000000000000000000', 8, NULL, 2790),
	(2795, b'1', '000000000000001111111111111111000000000000000000', 8, NULL, 2791),
	(2796, b'1', '000000000000001111111111111111000000000000000000', 8, NULL, 2792),
	(2797, b'1', '000000000000001111111111111111000000000000000000', 8, NULL, 2793),
	(2798, b'1', '000000000000001111111111111111000000000000000000', 8, NULL, 2794),
	(2799, b'1', '000000000000001111111111111111000000000000000000', 8, NULL, 2795),
	(2800, b'1', '000000000000001111111111111111000000000000000000', 8, NULL, 2796),
	(2801, b'1', '000000000000001111111111111111000000000000000000', 8, NULL, 2797),
	(2802, b'1', '000000000000001111111111111111000000000000000000', 8, NULL, 2798),
	(2803, b'1', '000000000000001111111111111111000000000000000000', 8, NULL, 2799),
	(2804, b'1', '000000000000001111111111111111000000000000000000', 8, NULL, 2800),
	(2805, b'1', '000000000000001111111111111111000000000000000000', 8, NULL, 2801),
	(2806, b'1', '000000000000001111111111111111000000000000000000', 8, NULL, 2802),
	(2807, b'1', '000000000000001111111111111111000000000000000000', 8, NULL, 2803),
	(2808, b'1', '000000000000001111111111111111000000000000000000', 8, NULL, 2804),
	(2809, b'1', '000000000000001111111111111111000000000000000000', 8, NULL, 2805),
	(2810, b'1', '000000000000001111111111111111000000000000000000', 8, NULL, 2806),
	(2811, b'1', '000000000000001111111111111111000000000000000000', 8, NULL, 2807),
	(2812, b'1', '000000000000001111111111111111000000000000000000', 8, NULL, 2808),
	(2813, b'1', '000000000000001111111111111111000000000000000000', 8, NULL, 2809),
	(2814, b'1', '000000000000001111111111111111000000000000000000', 8, NULL, 2810),
	(2815, b'1', '000000000000001111111111111111000000000000000000', 8, NULL, 2811),
	(2816, b'1', '000000000000001111111111111111000000000000000000', 8, NULL, 2812),
	(2817, b'1', '000000000000001111111111111111000000000000000000', 8, NULL, 2813),
	(2818, b'1', '000000000000001111111111111111000000000000000000', 8, NULL, 2814),
	(2819, b'1', '000000000000001111111111111111000000000000000000', 8, NULL, 2815),
	(2820, b'1', '000000000000001111111111111111000000000000000000', 8, NULL, 2816),
	(2821, b'1', '000000000000001111111111111111000000000000000000', 8, NULL, 2817),
	(2822, b'1', '000000000000001111111111111111000000000000000000', 8, NULL, 2818),
	(2823, b'1', '000000000000001111111111111111000000000000000000', 8, NULL, 2819),
	(2824, b'1', '000000000000001111111111111111000000000000000000', 8, NULL, 2820),
	(2825, b'1', '000000000000001111111111111111000000000000000000', 8, NULL, 2821),
	(2826, b'1', '000000000000001111111111111111000000000000000000', 8, NULL, 2822),
	(2827, b'1', '000000000000001111111111111111000000000000000000', 8, NULL, 2823),
	(2828, b'1', '000000000000001111111111111111000000000000000000', 8, NULL, 2824),
	(2829, b'1', '000000000000001111111111111111000000000000000000', 8, NULL, 2825),
	(2830, b'1', '000000000000001111111111111111000000000000000000', 8, NULL, 2826),
	(2831, b'1', '000000000000001111111111111111000000000000000000', 8, NULL, 2827),
	(2832, b'1', '000000000000001111111111111111000000000000000000', 8, NULL, 2828),
	(2833, b'1', '000000000000001111111111111111000000000000000000', 8, NULL, 2829),
	(2834, b'1', '000000000000001111111111111111000000000000000000', 8, NULL, 2830),
	(2835, b'1', '000000000000001111111111111111000000000000000000', 8, NULL, 2831),
	(2836, b'1', '000000000000001111111111111111000000000000000000', 8, NULL, 2832),
	(2837, b'1', '000000000000001111111111111111000000000000000000', 8, NULL, 2833),
	(2838, b'1', '000000000000001111111111111111000000000000000000', 8, NULL, 2834),
	(2839, b'1', '000000000000001111111111111111000000000000000000', 8, NULL, 2835),
	(2840, b'1', '000000000000001111111111111111000000000000000000', 8, NULL, 2836),
	(2841, b'1', '000000000000001111111111111111000000000000000000', 8, NULL, 2837),
	(2842, b'1', '000000000000001111111111111111000000000000000000', 8, NULL, 2838),
	(2843, b'1', '000000000000001111111111111111000000000000000000', 8, NULL, 2839),
	(2844, b'1', '000000000000001111111111111111000000000000000000', 8, NULL, 2840),
	(2845, b'1', '000000000000001111111111111111000000000000000000', 8, NULL, 2841),
	(2846, b'1', '000000000000001111111111111111000000000000000000', 8, NULL, 2842),
	(2847, b'1', '000000000000001111111111111111000000000000000000', 8, NULL, 2843),
	(2848, b'1', '000000000000001111111111111111000000000000000000', 8, NULL, 2844),
	(2849, b'1', '000000000000001111111111111111000000000000000000', 8, NULL, 2845),
	(2850, b'1', '000000000000001111111111111111000000000000000000', 8, NULL, 2846),
	(2851, b'1', '000000000000001111111111111111000000000000000000', 8, NULL, 2847),
	(2852, b'1', '000000000000001111111111111111000000000000000000', 8, NULL, 2848),
	(2853, b'1', '000000000000001111111111111111000000000000000000', 8, NULL, 2849),
	(2854, b'1', '000000000000001111111111111111000000000000000000', 8, NULL, 2850),
	(2855, b'1', '000000000000001111111111111111000000000000000000', 8, NULL, 2851),
	(2856, b'1', '000000000000001111111111111111000000000000000000', 8, NULL, 2852),
	(2857, b'1', '000000000000001111111111111111000000000000000000', 8, NULL, 2853),
	(2858, b'1', '000000000000001111111111111111000000000000000000', 8, NULL, 2854),
	(2859, b'1', '000000000000001111111111111111000000000000000000', 8, NULL, 2855),
	(2860, b'1', '000000000000001111111111111111000000000000000000', 8, NULL, 2856),
	(2861, b'1', '000000000000001111111111111111000000000000000000', 8, NULL, 2857),
	(2862, b'1', '000000000000001111111111111111000000000000000000', 8, NULL, 2858),
	(2863, b'1', '000000000000001111111111111111000000000000000000', 8, NULL, 2859),
	(2864, b'1', '000000000000001111111111111111000000000000000000', 8, NULL, 2860),
	(2865, b'1', '000000000000001111111111111111000000000000000000', 8, NULL, 2861),
	(2866, b'1', '000000000000001111111111111111000000000000000000', 8, NULL, 2862),
	(2867, b'1', '000000000000001111111111111111000000000000000000', 8, NULL, 2863),
	(2868, b'1', '000000000000001111111111111111000000000000000000', 8, NULL, 2864),
	(2869, b'1', '000000000000001111111111111111000000000000000000', 8, NULL, 2865),
	(2870, b'1', '000000000000001111111111111111000000000000000000', 8, NULL, 2866),
	(2871, b'1', '000000000000001111111111111111000000000000000000', 8, NULL, 2867),
	(2872, b'1', '000000000000001111111111111111000000000000000000', 8, NULL, 2868),
	(2873, b'1', '000000000000001111111111111111000000000000000000', 8, NULL, 2869),
	(2874, b'1', '000000000000001111111111111111000000000000000000', 8, NULL, 2870),
	(2875, b'1', '000000000000001111111111111111000000000000000000', 8, NULL, 2871),
	(2876, b'1', '000000000000001111111111111111000000000000000000', 8, NULL, 2872),
	(2877, b'1', '000000000000001111111111111111000000000000000000', 8, NULL, 2873),
	(2878, b'1', '000000000000001111111111111111000000000000000000', 8, NULL, 2874),
	(2879, b'1', '000000000000001111111111111111000000000000000000', 8, NULL, 2875),
	(2880, b'1', '000000000000001111111111111111000000000000000000', 8, NULL, 2876),
	(2881, b'1', '000000000000001111111111111111000000000000000000', 8, NULL, 2877),
	(2882, b'1', '000000000000001111111111111111000000000000000000', 8, NULL, 2878),
	(2883, b'1', '000000000000001111111111111111000000000000000000', 8, NULL, 2879),
	(2884, b'1', '000000000000001111111111111111000000000000000000', 8, NULL, 2880),
	(2885, b'1', '000000000000001111111111111111000000000000000000', 8, NULL, 2881),
	(2886, b'1', '000000000000001111111111111111000000000000000000', 8, NULL, 2882),
	(2887, b'1', '000000000000001111111111111111000000000000000000', 8, NULL, 2883),
	(2888, b'1', '000000000000001111111111111111000000000000000000', 8, NULL, 2884),
	(2889, b'1', '000000000000001111111111111111000000000000000000', 8, NULL, 2885),
	(2890, b'1', '000000000000000000000000000000000000111111110000', 4, NULL, 2886),
	(2891, b'1', '000000000000000000000000000000000000111111110000', 4, NULL, 2887),
	(2892, b'1', '000000000000000000000000000000000000111111110000', 4, NULL, 2888),
	(2893, b'1', '000000000000000000000000000000000000111111110000', 4, NULL, 2889),
	(2894, b'1', '000000000000000000000000000000000000111111110000', 4, NULL, 2890),
	(2895, b'1', '000000000000000000000000000000000000111111110000', 4, NULL, 2891),
	(2896, b'1', '000000000000000000000000000000000000111111110000', 4, NULL, 2892),
	(2897, b'1', '000000000000000000000000000000000000111111110000', 4, NULL, 2893),
	(2898, b'1', '000000000000000000000000000000000000111111110000', 4, NULL, 2894),
	(2899, b'1', '000000000000000000000000000000000000111111110000', 4, NULL, 2895),
	(2900, b'1', '000000000000000000000000000000000000111111110000', 4, NULL, 2896),
	(2901, b'1', '000000000000000000000000000000000000111111110000', 4, NULL, 2897),
	(2902, b'1', '000000000000000000000000000000000000111111110000', 4, NULL, 2898),
	(2903, b'1', '000000000000000000000000000000000000111111110000', 4, NULL, 2899),
	(2904, b'1', '000000000000000000000000000000000000111111110000', 4, NULL, 2900),
	(2905, b'1', '000000000000000000000000000000000000111111110000', 4, NULL, 2901),
	(2906, b'1', '000000000000000000000000000000000000111111110000', 4, NULL, 2902),
	(2907, b'1', '000000000000000000000000000000000000111111110000', 4, NULL, 2903),
	(2908, b'1', '000000000000000000000000000000000000111111110000', 4, NULL, 2904),
	(2909, b'1', '000000000000000000000000000000000000111111110000', 4, NULL, 2905),
	(2910, b'1', '000000000000000000000000000000000000111111110000', 4, NULL, 2906),
	(2911, b'1', '000000000000000000000000000000000000111111110000', 4, NULL, 2907),
	(2912, b'1', '000000000000000000000000000000000000111111110000', 4, NULL, 2908),
	(2913, b'1', '000000000000000000000000000000000000111111110000', 4, NULL, 2909),
	(2914, b'1', '000000000000000000000000000000000000111111110000', 4, NULL, 2910),
	(2915, b'1', '000000000000000000000000000000000000111111110000', 4, NULL, 2911),
	(2916, b'1', '000000000000000000000000000000000000111111110000', 4, NULL, 2912),
	(2917, b'1', '000000000000000000000000000000000000111111110000', 4, NULL, 2913),
	(2918, b'1', '000000000000000000000000000000000000111111110000', 4, NULL, 2914),
	(2919, b'1', '000000000000000000000000000000000000111111110000', 4, NULL, 2915),
	(2920, b'1', '000000000000000000000000000000000000111111110000', 4, NULL, 2916),
	(2921, b'1', '000000000000000000000000000000000000111111110000', 4, 'Normal', 2917),
	(2922, b'1', '000000000000000000000000000000000000111111110000', 4, NULL, 2918),
	(2923, b'1', '000000000000000000000000000000000000111111110000', 4, NULL, 2919),
	(2924, b'1', '000000000000000000000000000000000000111111110000', 4, NULL, 2920),
	(2925, b'1', '000000000000000000000000000000000000111111110000', 4, NULL, 2921),
	(2926, b'1', '000000000000000000000000000000000000111111110000', 4, NULL, 2922),
	(2927, b'1', '000000000000000000000000000000000000111111110000', 4, NULL, 2923),
	(2928, b'1', '000000000000000000000000000000000000111111110000', 4, NULL, 2924),
	(2929, b'1', '000000000000000000000000000000000000111111110000', 4, NULL, 2925),
	(2930, b'1', '000000000000000000000000000000000000111111110000', 4, NULL, 2926),
	(2931, b'1', '000000000000000000000000000000000000111111110000', 4, NULL, 2927),
	(2932, b'1', '000000000000000000000000000000000000111111110000', 4, NULL, 2928),
	(2933, b'1', '000000000000000000000000000000000000111111110000', 4, NULL, 2929),
	(2934, b'1', '000000000000000000000000000000000000111111110000', 4, NULL, 2930),
	(2935, b'1', '000000000000000000000000000000000000111111110000', 4, NULL, 2931),
	(2936, b'1', '000000000000000000000000000000000000111111110000', 4, NULL, 2932),
	(2937, b'1', '000000000000000000000000000000000000111111110000', 4, NULL, 2933),
	(2938, b'1', '000000000000000000000000000000000000111111110000', 4, NULL, 2934),
	(2939, b'1', '000000000000000000000000000000000000111111110000', 4, NULL, 2935),
	(2940, b'1', '000000000000000000000000000000000000111111110000', 4, NULL, 2936),
	(2941, b'1', '000000000000000000000000000000000000111111110000', 4, NULL, 2937),
	(2942, b'1', '000000000000000000000000000000000000111111110000', 4, NULL, 2938),
	(2943, b'1', '000000000000000000000000000000000000111111110000', 4, NULL, 2939),
	(2944, b'1', '000000000000000000000000000000000000111111110000', 4, NULL, 2940),
	(2945, b'1', '000000000000000000000000000000000000111111110000', 4, NULL, 2941),
	(2946, b'1', '000000000000000000000000000000000000111111110000', 4, NULL, 2942),
	(2947, b'1', '000000000000000000000000000000000000111111110000', 4, NULL, 2943),
	(2948, b'1', '000000000000000000000000000000000000111111110000', 4, NULL, 2944),
	(2949, b'1', '000000000000000000000000000000000000111111110000', 4, NULL, 2945),
	(2950, b'1', '000000000000000000000000000000000000111111110000', 4, NULL, 2946),
	(2951, b'1', '000000000000000000000000000000000000111111110000', 4, NULL, 2947),
	(2952, b'1', '000000000000000000000000000000000000111111110000', 4, NULL, 2948),
	(2953, b'1', '000000000000000000000000000000000000111111110000', 4, NULL, 2949),
	(2954, b'1', '000000000000000000000000000000000000111111110000', 4, NULL, 2950),
	(2955, b'1', '000000000000000000000000000000000000111111110000', 4, NULL, 2951),
	(2956, b'1', '000000000000000000000000000000000000111111110000', 4, NULL, 2952),
	(2957, b'1', '000000000000000000000000000000000000111111110000', 4, NULL, 2953),
	(2958, b'1', '000000000000000000000000000000000000111111110000', 4, NULL, 2954),
	(2959, b'1', '000000000000000000000000000000000000111111110000', 4, NULL, 2955),
	(2960, b'1', '000000000000000000000000000000000000111111110000', 4, NULL, 2956),
	(2961, b'1', '000000000000000000000000000000000000111111110000', 4, NULL, 2957),
	(2962, b'1', '000000000000000000000000000000000000111111110000', 4, NULL, 2958),
	(2963, b'1', '000000000000000000000000000000000000111111110000', 4, NULL, 2959),
	(2964, b'1', '000000000000000000000000000000000000111111110000', 4, NULL, 2960),
	(2965, b'1', '000000000000000000000000000000000000111111110000', 4, NULL, 2961),
	(2966, b'1', '000000000000000000000000000000000000111111110000', 4, NULL, 2962),
	(2967, b'1', '000000000000000000000000000000000000111111110000', 4, NULL, 2963),
	(2968, b'1', '000000000000000000000000000000000000111111110000', 4, NULL, 2964),
	(2969, b'1', '000000000000000000000000000000000000111111110000', 4, NULL, 2965),
	(2970, b'1', '000000000000000000000000000000000000111111110000', 4, NULL, 2966),
	(2971, b'1', '000000000000000000000000000000000000111111110000', 4, NULL, 2967),
	(2972, b'1', '000000000000000000000000000000000000111111110000', 4, NULL, 2968),
	(2973, b'1', '000000000000000000000000000000000000111111110000', 4, NULL, 2969),
	(2974, b'1', '000000000000000000000000000000000000111111110000', 4, NULL, 2970),
	(2975, b'1', '000000000000000000000000000000000000111111110000', 4, NULL, 2971),
	(2976, b'1', '000000000000000000000000000000000000111111110000', 4, NULL, 2972),
	(2977, b'1', '000000000000000000000000000000000000111111110000', 4, NULL, 2973),
	(2978, b'1', '000000000000000000000000000000000000111111110000', 4, NULL, 2974),
	(2979, b'1', '000000000000000000000000000000000000111111110000', 4, NULL, 2975),
	(2980, b'1', '000000000000000000000000000000000000111111110000', 4, NULL, 2976),
	(2981, b'1', '000000000000000000000000000000000000111111110000', 4, NULL, 2977),
	(2982, b'1', '000000000000000000000000000000000000111111110000', 4, NULL, 2978),
	(2983, b'1', '000000000000000000000000000000000000111111110000', 4, NULL, 2979),
	(2984, b'1', '000000000000000000000000000000000000111111110000', 4, NULL, 2980),
	(2985, b'1', '000000000000000000000000000000000000111111110000', 4, NULL, 2981),
	(2986, b'1', '000000000000000000000000000000000000111111110000', 4, NULL, 2982),
	(2987, b'1', '000000000000000000000000000000000000111111110000', 4, NULL, 2983),
	(2988, b'1', '000000000000000000000000000000000000111111110000', 4, NULL, 2984),
	(2989, b'1', '000000000000000000000000000000000000111111110000', 4, NULL, 2985),
	(2990, b'1', '000000000000000000000000000000000000111111110000', 4, NULL, 2986),
	(2991, b'1', '000000000000000000000000000000000000111111110000', 4, NULL, 2987),
	(2992, b'1', '000000000000000000000000000000000000111111110000', 4, NULL, 2988),
	(2993, b'1', '000000000000000000000000000000000000111111110000', 4, NULL, 2989),
	(2994, b'1', '000000000000000000000000000000000000111111110000', 4, 'Normal', 2990),
	(2995, b'1', '000000000000000000000000000000000000111111110000', 4, NULL, 2991),
	(2996, b'1', '000000000000000000000000000000000000111111110000', 4, NULL, 2992),
	(2997, b'1', '000000000000000000000000000000000000111111110000', 4, NULL, 2993),
	(2998, b'1', '000000000000000000000000000000000000111111110000', 4, NULL, 2994),
	(2999, b'1', '000000000000000000000000000000000000111111110000', 4, NULL, 2995),
	(3000, b'1', '000000000000000000000000000000000000111111110000', 4, NULL, 2996),
	(3001, b'1', '000000000000000000000000000000000000111111110000', 4, NULL, 2997),
	(3002, b'1', '000000000000000000000000000000000000111111110000', 4, NULL, 2998),
	(3003, b'1', '000000000000000000000000000000000000111111110000', 4, NULL, 2999),
	(3004, b'1', '000000000000000000000000000000000000111111110000', 4, NULL, 3000),
	(3005, b'1', '000000000000000000000000000000000000111111110000', 4, NULL, 3001),
	(3006, b'1', '000000000000000000000000000000000000111111110000', 4, NULL, 3002),
	(3007, b'1', '000000000000000000000000000000000000111111110000', 4, NULL, 3003),
	(3008, b'1', '000000000000000000000000000000000000111111110000', 4, NULL, 3004),
	(3009, b'1', '000000000000000000000000000000000000111111110000', 4, NULL, 3005),
	(3010, b'1', '000000000000000000000000000000000000111111110000', 4, NULL, 3006),
	(3011, b'1', '000000000000000000000000000000000000111111110000', 4, NULL, 3007),
	(3012, b'1', '000000000000000000000000000000000000111111110000', 4, NULL, 3008),
	(3013, b'1', '000000000000000000000000000000000000111111110000', 4, NULL, 3009),
	(3014, b'1', '000000000000000000000000000000000000111111110000', 4, NULL, 3010),
	(3015, b'1', '000000000000000000000000000000000000111111110000', 4, NULL, 3011),
	(3016, b'1', '000000000000000000000000000000000000111111110000', 4, NULL, 3012),
	(3017, b'1', '000000000000000000000000000000000000111111110000', 4, NULL, 3013),
	(3018, b'1', '000000000000000000000000000000000000111111110000', 4, NULL, 3014),
	(3019, b'1', '000000000000000000000000000000000000111111110000', 4, NULL, 3015),
	(3020, b'1', '000000000000000000000000000000000000111111110000', 4, NULL, 3016),
	(3021, b'1', '000000000000000000000000000000000000111111110000', 4, NULL, 3017),
	(3022, b'1', '000000000000000000000000000000000000111111110000', 4, NULL, 3018),
	(3023, b'1', '000000000000000000000000000000000000111111110000', 4, NULL, 3019),
	(3024, b'1', '000000000000000000000000000000000000111111110000', 4, NULL, 3020),
	(3025, b'1', '000000000000000000000000000000000000111111110000', 4, NULL, 3021),
	(3026, b'1', '000000000000000000000000000000000000111111110000', 4, NULL, 3022),
	(3027, b'1', '000000000000000000000000000000000000111111110000', 4, NULL, 3023),
	(3028, b'1', '000000000000000000000000000000000000111111110000', 4, NULL, 3024),
	(3029, b'1', '000000000000000000000000000000000000111111110000', 4, NULL, 3025),
	(3030, b'1', '000000000000000000000000000000000000111111110000', 4, NULL, 3026),
	(3031, b'1', '000000000000000000000000000000000000111111110000', 4, NULL, 3027),
	(3032, b'1', '000000000000000000000000000000000000111111110000', 4, NULL, 3028),
	(3033, b'1', '000000000000000000000000000000000000111111110000', 4, NULL, 3029),
	(3034, b'1', '000000000000000000000000000000000000111111110000', 4, NULL, 3030),
	(3035, b'1', '000000000000000000000000000000000000111111110000', 4, NULL, 3031),
	(3036, b'1', '000000000000000000000000000000000000111111110000', 4, NULL, 3032),
	(3037, b'1', '000000000000000000000000000000000000111111110000', 4, NULL, 3033),
	(3038, b'1', '000000000000000000000000000000000000111111110000', 4, NULL, 3034),
	(3039, b'1', '000000000000000000000000000000000000111111110000', 4, NULL, 3035),
	(3040, b'1', '000000000000000000000000000000000000111111110000', 4, NULL, 3036),
	(3041, b'1', '000000000000000000000000000000000000111111110000', 4, NULL, 3037),
	(3042, b'1', '000000000000000000000000000000000000111111110000', 4, NULL, 3038),
	(3043, b'1', '000000000000000000000000000000000000111111110000', 4, NULL, 3039),
	(3044, b'1', '000000000000000000000000000000000000111111110000', 4, NULL, 3040),
	(3045, b'1', '000000000000000000000000000000000000111111110000', 4, NULL, 3041),
	(3046, b'1', '000000000000000000000000000000000000111111110000', 4, NULL, 3042),
	(3047, b'1', '000000000000000000000000000000000000111111110000', 4, NULL, 3043),
	(3048, b'1', '000000000000000000000000000000000000111111110000', 4, NULL, 3044),
	(3049, b'1', '000000000000000000000000000000000000111111110000', 4, NULL, 3045),
	(3050, b'1', '000000000000000000000000000000000000111111110000', 4, NULL, 3046),
	(3051, b'1', '000000000000000000000000000000000000111111110000', 4, NULL, 3047),
	(3052, b'1', '000000000000000000000000000000000000111111110000', 4, NULL, 3048),
	(3053, b'1', '000000000000000000000000000000000000111111110000', 4, NULL, 3049),
	(3054, b'1', '000000000000000000000000000000000000111111110000', 4, NULL, 3050),
	(3055, b'1', '000000000000000000000000000000000000111111110000', 4, NULL, 3051),
	(3056, b'1', '000000000000000000000000000000000000111111110000', 4, NULL, 3052),
	(3057, b'1', '000000000000000000000000000000000000111111110000', 4, NULL, 3053),
	(3058, b'1', '000000000000000000000000000000000000111111110000', 4, NULL, 3054),
	(3059, b'1', '000000000000000000000000000000000000111111110000', 4, NULL, 3055),
	(3060, b'1', '000000000000000000000000000000000000111111110000', 4, NULL, 3056),
	(3061, b'1', '000000000000000000000000000000000000111111110000', 4, NULL, 3057),
	(3062, b'1', '000000000000000000000000000000000000111111110000', 4, NULL, 3058),
	(3063, b'1', '000000000000000000000000000000000000111111110000', 4, NULL, 3059),
	(3064, b'1', '000000000000000000000000000000000000111111110000', 4, NULL, 3060),
	(3065, b'1', '000000000000000000000000000000000000111111110000', 4, NULL, 3061),
	(3066, b'1', '000000000000000000000000000000000000111111110000', 4, NULL, 3062),
	(3067, b'1', '000000000000000000000000000000000000111111110000', 4, NULL, 3063),
	(3068, b'1', '000000000000000000000000000000000000111111110000', 4, NULL, 3064),
	(3069, b'1', '000000000000000000000000000000000000111111110000', 4, NULL, 3065),
	(3070, b'1', '000000000000000000000000000000000000111111110000', 4, NULL, 3066),
	(3071, b'1', '000000000000000000000000000000000000111111110000', 4, NULL, 3067),
	(3072, b'1', '000000000000000000000000000000000000111111110000', 4, NULL, 3068),
	(3073, b'1', '000000000000000000000000000000000000111111110000', 4, NULL, 3069),
	(3074, b'1', '000000000000000000000000000000000000111111110000', 4, NULL, 3070),
	(3075, b'1', '000000000000000000000000000000000000111111110000', 4, NULL, 3071),
	(3076, b'1', '000000000000000000000000000000000000111111110000', 4, NULL, 3072),
	(3077, b'1', '000000000000000000000000000000000000111111110000', 4, NULL, 3073),
	(3078, b'1', '000000000000000000000000000000000000111111110000', 4, NULL, 3074),
	(3079, b'1', '000000000000000000000000000000000000111111110000', 4, NULL, 3075),
	(3080, b'1', '000000000000000000000000000000000000111111110000', 4, NULL, 3076),
	(3081, b'1', '000000000000000000000000000000000000111111110000', 4, NULL, 3077),
	(3082, b'1', '000000000000000000000000000000000000111111110000', 4, NULL, 3078),
	(3083, b'1', '000000000000000000000000000000000000111111110000', 4, NULL, 3079),
	(3084, b'1', '000000000000000000000000000000000000111111110000', 4, NULL, 3080),
	(3085, b'1', '000000000000000000000000000000000000111111110000', 4, NULL, 3081),
	(3086, b'1', '000000000000000000000000000000000000111111110000', 4, NULL, 3082),
	(3087, b'1', '000000000000000000000000000000000000111111110000', 4, NULL, 3083),
	(3088, b'1', '000000000000000000000000000000000000111111110000', 4, NULL, 3084),
	(3089, b'1', '000000000000000000000000000000000000111111110000', 4, NULL, 3085),
	(3090, b'1', '000000000000000000000000000000000000111111110000', 4, NULL, 3086),
	(3091, b'1', '000000000000000000000000000000000000111111110000', 4, NULL, 3087),
	(3092, b'1', '000000000000000000000000000000000000111111110000', 4, NULL, 3088),
	(3093, b'1', '000000000000000000000000000000000000111111110000', 4, NULL, 3089),
	(3094, b'1', '000000000000000000000000000000000000111111110000', 4, NULL, 3090),
	(3095, b'1', '000000000000000000000000000000000000111111110000', 4, NULL, 3091),
	(3096, b'1', '000000000000000000000000000000000000111111110000', 4, NULL, 3092),
	(3097, b'1', '000000000000000000000000000000000000111111110000', 4, NULL, 3093),
	(3098, b'1', '000000000000000000000000000000000000111111110000', 4, NULL, 3094),
	(3099, b'1', '000000000000000000000000000000001111111111111111', 8, NULL, 3095),
	(3100, b'1', '000000000000000000000000000000001111111111111111', 8, NULL, 3096),
	(3101, b'1', '000000000000000000000000000000001111111111111111', 8, NULL, 3097),
	(3102, b'1', '000000000000000000000000000000001111111111111111', 8, NULL, 3098),
	(3103, b'1', '000000000000000000000000000000001111111111111111', 8, NULL, 3099),
	(3104, b'1', '000000000000000000000000000000001111111111111111', 8, NULL, 3100),
	(3105, b'1', '000000000000000000000000000000001111111111111111', 8, NULL, 3101),
	(3106, b'1', '000000000000000000000000000000001111111111111111', 8, NULL, 3102),
	(3107, b'1', '000000000000000000000000000000001111111111111111', 8, NULL, 3103),
	(3108, b'1', '000000000000000000000000000000001111111111111111', 8, NULL, 3104),
	(3109, b'1', '000000000000000000000000000000001111111111111111', 8, NULL, 3105),
	(3110, b'1', '000000000000000000000000000000001111111111111111', 8, NULL, 3106),
	(3111, b'1', '000000000000000000000000000000001111111111111111', 8, NULL, 3107),
	(3112, b'1', '000000000000000000000000000000001111111111111111', 8, NULL, 3108),
	(3113, b'1', '000000000000000000000000000000001111111111111111', 8, NULL, 3109),
	(3114, b'1', '000000000000000000000000000000001111111111111111', 8, NULL, 3110),
	(3115, b'1', '000000000000000000000000000000001111111111111111', 8, NULL, 3111),
	(3116, b'1', '000000000000000000000000000000001111111111111111', 8, NULL, 3112),
	(3117, b'1', '000000000000000000000000000000001111111111111111', 8, NULL, 3113),
	(3118, b'1', '000000000000000000000000000000001111111111111111', 8, NULL, 3114),
	(3119, b'1', '000000000000000000000000000000001111111111111111', 8, NULL, 3115),
	(3120, b'1', '000000000000000000000000000000001111111111111111', 8, NULL, 3116),
	(3121, b'1', '000000000000000000000000000000001111111111111111', 8, NULL, 3117),
	(3122, b'1', '000000000000000000000000000000001111111111111111', 8, NULL, 3118),
	(3123, b'1', '000000000000000000000000000000001111111111111111', 8, NULL, 3119),
	(3124, b'1', '000000000000000000000000000000001111111111111111', 8, NULL, 3120),
	(3125, b'1', '000000000000000000000000000000001111111111111111', 8, NULL, 3121),
	(3126, b'1', '000000000000000000000000000000001111111111111111', 8, NULL, 3122),
	(3127, b'1', '000000000000000000000000000000001111111111111111', 8, NULL, 3123),
	(3128, b'1', '000000000000000000000000000000001111111111111111', 8, NULL, 3124),
	(3129, b'1', '000000000000000000000000000000001111111111111111', 8, NULL, 3125),
	(3130, b'1', '000000000000000000000000000000001111111111111111', 8, NULL, 3126),
	(3131, b'1', '000000000000000000000000000000001111111111111111', 8, NULL, 3127),
	(3132, b'1', '000000000000000000000000000000001111111111111111', 8, NULL, 3128),
	(3133, b'1', '000000000000000000000000000000001111111111111111', 8, NULL, 3129),
	(3134, b'1', '000000000000000000000000000000001111111111111111', 8, NULL, 3130),
	(3135, b'1', '000000000000000000000000000000001111111111111111', 8, NULL, 3131),
	(3136, b'1', '000000000000000000000000000000001111111111111111', 8, NULL, 3132),
	(3137, b'1', '000000000000000000000000000000001111111111111111', 8, NULL, 3133),
	(3138, b'1', '000000000000000000000000000000001111111111111111', 8, NULL, 3134),
	(3139, b'1', '000000000000000000000000000000001111111111111111', 8, NULL, 3135),
	(3140, b'1', '000000000000000000000000000000001111111111111111', 8, NULL, 3136),
	(3141, b'1', '000000000000000000000000000000001111111111111111', 8, NULL, 3137),
	(3142, b'1', '000000000000000000000000000000001111111111111111', 8, NULL, 3138),
	(3143, b'1', '000000000000000000000000000000001111111111111111', 8, NULL, 3139),
	(3144, b'1', '000000000000000000000000000000001111111111111111', 8, 'Normal', 3140),
	(3145, b'1', '000000000000000000000000000000001111111111111111', 8, NULL, 3141),
	(3146, b'1', '000000000000000000000000000000001111111111111111', 8, NULL, 3142),
	(3147, b'1', '000000000000000000000000000000001111111111111111', 8, NULL, 3143),
	(3148, b'1', '000000000000000000000000000000001111111111111111', 8, NULL, 3144),
	(3149, b'1', '000000000000000000000000000000001111111111111111', 8, NULL, 3145),
	(3150, b'1', '000000000000000000000000000000001111111111111111', 8, NULL, 3146),
	(3151, b'1', '000000000000000000000000000000001111111111111111', 8, 'Normal', 3147),
	(3152, b'1', '000000000000000000000000000000001111111111111111', 8, NULL, 3148),
	(3153, b'1', '000000000000000000000000000000001111111111111111', 8, NULL, 3149),
	(3154, b'1', '000000000000000000000000000000001111111111111111', 8, NULL, 3150),
	(3155, b'1', '000000000000000000000000000000001111111111111111', 8, NULL, 3151),
	(3156, b'1', '000000000000000000000000000000001111111111111111', 8, NULL, 3152),
	(3157, b'1', '000000000000000000000000000000001111111111111111', 8, NULL, 3153),
	(3158, b'1', '000000000000000000000000000000001111111111111111', 8, NULL, 3154),
	(3159, b'1', '000000000000000000000000000000001111111111111111', 8, NULL, 3155),
	(3160, b'1', '000000000000000000000000000000001111111111111111', 8, NULL, 3156),
	(3161, b'1', '000000000000000000000000000000001111111111111111', 8, NULL, 3157),
	(3162, b'1', '000000000000000000000000000000001111111111111111', 8, NULL, 3158),
	(3163, b'1', '000000000000000000000000000000001111111111111111', 8, NULL, 3159),
	(3164, b'1', '000000000000000000000000000000001111111111111111', 8, NULL, 3160),
	(3165, b'1', '000000000000000000000000000000001111111111111111', 8, NULL, 3161),
	(3166, b'1', '000000000000000000000000000000001111111111111111', 8, NULL, 3162),
	(3167, b'1', '000000000000000000000000000000001111111111111111', 8, NULL, 3163),
	(3168, b'1', '000000000000000000000000000000001111111111111111', 8, NULL, 3164),
	(3169, b'1', '000000000000000000000000000000001111111111111111', 8, NULL, 3165),
	(3170, b'1', '000000000000000000000000000000001111111111111111', 8, NULL, 3166),
	(3171, b'1', '000000000000000000000000000000001111111111111111', 8, NULL, 3167),
	(3172, b'1', '000000000000000000000000000000001111111111111111', 8, NULL, 3168),
	(3173, b'1', '000000000000000000000000000000001111111111111111', 8, NULL, 3169),
	(3174, b'1', '000000000000000000000000000000001111111111111111', 8, NULL, 3170),
	(3175, b'1', '000000000000000000000000000000001111111111111111', 8, NULL, 3171),
	(3176, b'1', '000000000000000000000000000000001111111111111111', 8, NULL, 3172),
	(3177, b'1', '000000000000000000000000000000001111111111111111', 8, NULL, 3173),
	(3178, b'1', '000000000000000000000000000000001111111111111111', 8, NULL, 3174),
	(3179, b'1', '000000000000000000000000000000001111111111111111', 8, NULL, 3175),
	(3180, b'1', '000000000000000000000000000000001111111111111111', 8, NULL, 3176),
	(3181, b'1', '000000000000000000000000000000001111111111111111', 8, NULL, 3177),
	(3182, b'1', '000000000000000000000000000000001111111111111111', 8, NULL, 3178),
	(3183, b'1', '000000000000000000000000000000001111111111111111', 8, NULL, 3179),
	(3184, b'1', '000000000000000000000000000000001111111111111111', 8, NULL, 3180),
	(3185, b'1', '000000000000000000000000000000001111111111111111', 8, NULL, 3181),
	(3186, b'1', '000000000000000000000000000000001111111111111111', 8, NULL, 3182),
	(3187, b'1', '000000000000000000000000000000001111111111111111', 8, NULL, 3183),
	(3188, b'1', '000000000000000000000000000000001111111111111111', 8, NULL, 3184),
	(3189, b'1', '000000000000000000000000000000001111111111111111', 8, NULL, 3185),
	(3190, b'1', '000000000000000000000000000000001111111111111111', 8, NULL, 3186),
	(3191, b'1', '000000000000000000000000000000001111111111111111', 8, NULL, 3187),
	(3192, b'1', '000000000000000000000000000000001111111111111111', 8, NULL, 3188),
	(3193, b'1', '000000000000000000000000000000001111111111111111', 8, NULL, 3189),
	(3194, b'1', '000000000000000000000000000000001111111111111111', 8, NULL, 3190),
	(3195, b'1', '000000000000000000000000000000001111111111111111', 8, NULL, 3191),
	(3196, b'1', '000000000000000000000000000000001111111111111111', 8, NULL, 3192),
	(3197, b'1', '000000000000000000000000000000001111111111111111', 8, NULL, 3193),
	(3198, b'1', '000000000000000000000000000000001111111111111111', 8, NULL, 3194),
	(3199, b'1', '000000000000000000000000000000001111111111111111', 8, NULL, 3195),
	(3200, b'1', '000000000000000000000000000000001111111111111111', 8, NULL, 3196),
	(3201, b'1', '000000000000000000000000000000001111111111111111', 8, NULL, 3197),
	(3202, b'1', '000000000000000000000000000000001111111111111111', 8, NULL, 3198),
	(3203, b'1', '000000000000000000000000000000001111111111111111', 8, NULL, 3199),
	(3204, b'1', '000000000000000000000000000000001111111111111111', 8, NULL, 3200),
	(3205, b'1', '000000000000000000000000000000001111111111111111', 8, NULL, 3201),
	(3206, b'1', '000000000000000000000000000000001111111111111111', 8, NULL, 3202),
	(3207, b'1', '000000000000000000000000000000001111111111111111', 8, NULL, 3203),
	(3208, b'1', '000000000000000000000000000000001111111111111111', 8, NULL, 3204),
	(3209, b'1', '000000000000000000000000000000001111111111111111', 8, NULL, 3205),
	(3210, b'1', '000000000000000000000000000000001111111111111111', 8, NULL, 3206),
	(3211, b'1', '000000000000000000000000000000001111111111111111', 8, NULL, 3207),
	(3212, b'1', '000000000000000000000000000000001111111111111111', 8, NULL, 3208),
	(3213, b'1', '000000000000000000000000000000001111111111111111', 8, NULL, 3209),
	(3214, b'1', '000000000000000000000000000000001111111111111111', 8, NULL, 3210),
	(3215, b'1', '000000000000000000000000000000001111111111111111', 8, NULL, 3211),
	(3216, b'1', '000000000000000000000000000000001111111111111111', 8, NULL, 3212),
	(3217, b'1', '000000000000000000000000000000001111111111111111', 8, NULL, 3213),
	(3218, b'1', '000000000000000000000000000000001111111111111111', 8, NULL, 3214),
	(3219, b'1', '000000000000000000000000000000001111111111111111', 8, NULL, 3215),
	(3220, b'1', '000000000000000000000000000000001111111111111111', 8, NULL, 3216),
	(3221, b'1', '000000000000000000000000000000001111111111111111', 8, NULL, 3217),
	(3222, b'1', '000000000000000000000000000000001111111111111111', 8, NULL, 3218),
	(3223, b'1', '000000000000000000000000000000001111111111111111', 8, NULL, 3219),
	(3224, b'1', '000000000000000000000000000000001111111111111111', 8, NULL, 3220),
	(3225, b'1', '000000000000000000000000000000001111111111111111', 8, NULL, 3221),
	(3226, b'1', '000000000000000000000000000000001111111111111111', 8, NULL, 3222),
	(3227, b'1', '000000000000000000000000000000001111111111111111', 8, NULL, 3223),
	(3228, b'1', '000000000000000000000000000000001111111111111111', 8, NULL, 3224),
	(3229, b'1', '000000000000000000000000000000001111111111111111', 8, NULL, 3225),
	(3230, b'1', '000000000000000000000000000000001111111111111111', 8, NULL, 3226),
	(3231, b'1', '000000000000000000000000000000001111111111111111', 8, NULL, 3227),
	(3232, b'1', '000000000000000000000000000000001111111111111111', 8, NULL, 3228),
	(3233, b'1', '000000000000000000000000000000001111111111111111', 8, NULL, 3229),
	(3234, b'1', '000000000000000000000000000000001111111111111111', 8, NULL, 3230),
	(3235, b'1', '000000000000000000000000000000001111111111111111', 8, NULL, 3231),
	(3236, b'1', '000000000000000000000000000000001111111111111111', 8, NULL, 3232),
	(3237, b'1', '000000000000000000000000000000001111111111111111', 8, NULL, 3233),
	(3238, b'1', '000000000000000000000000000000001111111111111111', 8, NULL, 3234),
	(3239, b'1', '000000000000000000000000000000001111111111111111', 8, NULL, 3235),
	(3240, b'1', '000000000000000000000000000000001111111111111111', 8, NULL, 3236),
	(3241, b'1', '000000000000000000000000000000001111111111111111', 8, NULL, 3237),
	(3242, b'1', '000000000000000000000000000000001111111111111111', 8, NULL, 3238),
	(3243, b'1', '000000000000000000000000000000001111111111111111', 8, NULL, 3239),
	(3244, b'1', '000000000000000000000000000000001111111111111111', 8, NULL, 3240),
	(3245, b'1', '000000000000000000000000000000001111111111111111', 8, NULL, 3241),
	(3246, b'1', '000000000000000000000000000000001111111111111111', 8, NULL, 3242),
	(3247, b'1', '000000000000000000000000000000001111111111111111', 8, NULL, 3243),
	(3248, b'1', '000000000000000000000000000000001111111111111111', 8, NULL, 3244),
	(3249, b'1', '000000000000000000000000000000001111111111111111', 8, NULL, 3245),
	(3250, b'1', '000000000000000000000000000000001111111111111111', 8, NULL, 3246),
	(3251, b'1', '000000000000000000000000000000001111111111111111', 8, NULL, 3247),
	(3252, b'1', '000000000000000000000000000000001111111111111111', 8, NULL, 3248),
	(3253, b'1', '000000000000000000000000000000001111111111111111', 8, NULL, 3249),
	(3254, b'1', '000000000000000000000000000000001111111111111111', 8, NULL, 3250),
	(3255, b'1', '000000000000000000000000000000001111111111111111', 8, NULL, 3251),
	(3256, b'1', '000000000000000000000000000000001111111111111111', 8, NULL, 3252),
	(3257, b'1', '000000000000000000000000000000001111111111111111', 8, NULL, 3253),
	(3258, b'1', '000000000000000000000000000000001111111111111111', 8, NULL, 3254),
	(3259, b'1', '000000000000000000000000000000001111111111111111', 8, NULL, 3255),
	(3260, b'1', '000000000000000000000000000000001111111111111111', 8, NULL, 3256),
	(3261, b'1', '000000000000000000000000000000001111111111111111', 8, NULL, 3257),
	(3262, b'1', '000000000000000000000000000000001111111111111111', 8, NULL, 3258),
	(3263, b'1', '000000000000000000000000000000001111111111111111', 8, NULL, 3259),
	(3264, b'1', '000000000000000000000000000000001111111111111111', 8, NULL, 3260),
	(3265, b'1', '000000000000000000000000000000001111111111111111', 8, NULL, 3261),
	(3266, b'1', '000000000000000000000000000000001111111111111111', 8, NULL, 3262),
	(3267, b'1', '000000000000000000000000000000001111111111111111', 8, NULL, 3263),
	(3268, b'1', '000000000000000000000000000000001111111111111111', 8, NULL, 3264),
	(3269, b'1', '000000000000000000000000000000001111111111111111', 8, NULL, 3265),
	(3270, b'1', '000000000000000000000000000000001111111111111111', 8, NULL, 3266),
	(3271, b'1', '000000000000000000000000000000001111111111111111', 8, NULL, 3267),
	(3272, b'1', '000000000000000000000000000000001111111111111111', 8, NULL, 3268),
	(3273, b'1', '000000000000000000000000000000001111111111111111', 8, NULL, 3269),
	(3274, b'1', '000000000000000000000000000000001111111111111111', 8, NULL, 3270),
	(3275, b'1', '000000000000000000000000000000001111111111111111', 8, NULL, 3271),
	(3276, b'1', '000000000000000000000000000000001111111111111111', 8, NULL, 3272),
	(3277, b'1', '000000000000000000000000000000001111111111111111', 8, NULL, 3273),
	(3278, b'1', '000000000000000000000000000000001111111111111111', 8, NULL, 3274),
	(3279, b'1', '000000000000000000000000000000001111111111111111', 8, NULL, 3275),
	(3280, b'1', '000000000000000000000000000000001111111111111111', 8, NULL, 3276),
	(3281, b'1', '000000000000000000000000000000001111111111111111', 8, NULL, 3277),
	(3282, b'1', '000000000000000000000000000000001111111111111111', 8, NULL, 3278),
	(3283, b'1', '000000000000000000000000000000001111111111111111', 8, NULL, 3279),
	(3284, b'1', '000000000000000000000000000000001111111111111111', 8, NULL, 3280),
	(3285, b'1', '000000000000000000000000000000001111111111111111', 8, NULL, 3281),
	(3286, b'1', '000000000000000000000000000000001111111111111111', 8, NULL, 3282),
	(3287, b'1', '000000000000000000000000000000001111111111111111', 8, NULL, 3283),
	(3288, b'1', '000000000000000000000000000000001111111111111111', 8, NULL, 3284),
	(3289, b'1', '000000000000000000000000000000001111111111111111', 8, NULL, 3285),
	(3290, b'1', '000000000000000000000000000000001111111111111111', 8, NULL, 3286),
	(3291, b'1', '000000000000000000000000000000001111111111111111', 8, NULL, 3287),
	(3292, b'1', '000000000000000000000000000000001111111111111111', 8, NULL, 3288),
	(3293, b'1', '000000000000000000000000000000001111111111111111', 8, NULL, 3289),
	(3294, b'1', '000000000000000000000000000000001111111111111111', 8, NULL, 3290),
	(3295, b'1', '000000000000000000000000000000001111111111111111', 8, NULL, 3291),
	(3296, b'1', '000000000000000000000000000000001111111111111111', 8, NULL, 3292),
	(3297, b'1', '000000000000000000000000000000001111111111111111', 8, NULL, 3293),
	(3298, b'1', '000000000000000000000000000000001111111111111111', 8, NULL, 3294),
	(3299, b'1', '000000000000000000000000000000001111111111111111', 8, NULL, 3295),
	(3300, b'1', '000000000000000000000000000000001111111111111111', 8, NULL, 3296),
	(3301, b'1', '000000000000000000000000000000001111111111111111', 8, NULL, 3297),
	(3302, b'1', '000000000000000000000000000000001111111111111111', 8, NULL, 3298),
	(3303, b'1', '000000000000000000000000000000001111111111111111', 8, NULL, 3299),
	(3304, b'1', '000000000000000000000000000000001111111111111111', 8, NULL, 3300),
	(3305, b'1', '000000000000000000000000000000001111111111111111', 8, NULL, 3301),
	(3306, b'1', '000000000000000000000000000000001111111111111111', 8, NULL, 3302),
	(3307, b'1', '000000000000000000000000000000001111111111111111', 8, NULL, 3303),
	(3308, b'1', '000000000000000000000000000000001111111111111111', 8, NULL, 3304),
	(3309, b'1', '000000000000000000000000000000001111111111111111', 8, NULL, 3305),
	(3310, b'1', '000000000000000000000000000000001111111111111111', 8, NULL, 3306),
	(3311, b'1', '000000000000000000000000000000001111111111111111', 8, NULL, 3307),
	(3312, b'1', '000000000000000000000000000000001111111111111111', 8, NULL, 3308),
	(3313, b'1', '000000000000000000000000000000001111111111111111', 8, NULL, 3309),
	(3314, b'1', '000000000000000000000000000000001111111111111111', 8, NULL, 3310),
	(3315, b'1', '000000000000000000000000000000001111111111111111', 8, NULL, 3311),
	(3316, b'1', '000000000000000000000000000000001111111111111111', 8, NULL, 3312),
	(3317, b'1', '000000000000000000000000000000001111111111111111', 8, NULL, 3313),
	(3318, b'1', '000000000000000000000000000000001111111111111111', 8, NULL, 3314),
	(3319, b'1', '000000000000000000000000000000001111111111111111', 8, NULL, 3315),
	(3320, b'1', '000000000000000000000000000000001111111111111111', 8, NULL, 3316),
	(3321, b'1', '000000000000000000000000000000001111111111111111', 8, NULL, 3317),
	(3322, b'1', '000000000000000000000000000000001111111111111111', 8, NULL, 3318),
	(3323, b'1', '000000000000000000000000000000001111111111111111', 8, NULL, 3319),
	(3324, b'1', '000000000000000000000000000000001111111111111111', 8, NULL, 3320),
	(3325, b'1', '000000000000000000000000000000001111111111111111', 8, NULL, 3321),
	(3326, b'1', '000000000000000000000000000000001111111111111111', 8, NULL, 3322),
	(3327, b'1', '000000000000000000000000000000001111111111111111', 8, NULL, 3323),
	(3328, b'1', '000000000000000000000000000000001111111111111111', 8, NULL, 3324),
	(3329, b'1', '000000000000000000000000000000001111111111111111', 8, NULL, 3325),
	(3330, b'1', '000000000000000000000000000000001111111111111111', 8, NULL, 3326),
	(3331, b'1', '000000000000000000000000000000001111111111111111', 8, NULL, 3327),
	(3332, b'1', '000000000000000000000000000000001111111111111111', 8, NULL, 3328),
	(3333, b'1', '000000000000000000000000000000001111111111111111', 8, NULL, 3329),
	(3334, b'1', '000000000000000000000000000000001111111111111111', 8, NULL, 3330),
	(3335, b'1', '000000000000000000000000000000001111111111111111', 8, NULL, 3331),
	(3336, b'1', '000000000000000000000000000000001111111111111111', 8, NULL, 3332),
	(3337, b'1', '000000000000000000000000000000001111111111111111', 8, NULL, 3333),
	(3338, b'1', '000000000000000000000000000000001111111111111111', 8, NULL, 3334),
	(3339, b'1', '000000000000000000000000000000001111111111111111', 8, NULL, 3335),
	(3340, b'1', '000000000000000000000000000000001111111111111111', 8, NULL, 3336),
	(3341, b'1', '000000000000000000000000000000001111111111111111', 8, NULL, 3337),
	(3342, b'1', '000000000000000000000000000000001111111111111111', 8, NULL, 3338),
	(3343, b'1', '000000000000000000000000000000001111111111111111', 8, NULL, 3339),
	(3344, b'1', '000000000000000000000000000000001111111111111111', 8, NULL, 3340),
	(3345, b'1', '000000000000000000000000000000001111111111111111', 8, NULL, 3341),
	(3346, b'1', '000000000000000000000000000000001111111111111111', 8, NULL, 3342),
	(3347, b'1', '000000000000000000000000000000001111111111111111', 8, NULL, 3343),
	(3348, b'1', '000000000000000000000000000000001111111111111111', 8, NULL, 3344),
	(3349, b'1', '000000000000000000000000000000001111111111111111', 8, NULL, 3345),
	(3350, b'1', '000000000000000000000000000000001111111111111111', 8, NULL, 3346),
	(3351, b'1', '000000000000000000000000000000001111111111111111', 8, NULL, 3347),
	(3352, b'1', '000000000000000000000000000000001111111111111111', 8, NULL, 3348),
	(3353, b'1', '000000000000000000000000000000001111111111111111', 8, NULL, 3349),
	(3354, b'1', '000000000000000000000000000000001111111111111111', 8, NULL, 3350),
	(3355, b'1', '000000000000000000000000000000001111111111111111', 8, NULL, 3351),
	(3356, b'1', '000000000000000000000000000000001111111111111111', 8, NULL, 3352),
	(3357, b'1', '000000000000000000000000000000001111111111111111', 8, NULL, 3353),
	(3358, b'1', '000000000000000000000000000000001111111111111111', 8, NULL, 3354),
	(3359, b'1', '000000000000000000000000000000001111111111111111', 8, NULL, 3355),
	(3365, b'1', '000000000000001111111111111111000000000000000000', 8, 'Normal', 2404),
	(3366, b'1', '000000000000001111111111111111000000000000000000', 8, 'Normal', 2405),
	(3367, b'1', '000000000000000011111111111111110000000000000000', 8, NULL, 3356),
	(3368, b'1', '000000000000000011111111111111110000000000000000', 8, NULL, 3357),
	(3369, b'1', '000000000000000011111111111111110000000000000000', 8, NULL, 3358),
	(3370, b'1', '000000000000000011111111111111110000000000000000', 8, NULL, 3359),
	(3371, b'1', '000000000000000011111111111111110000000000000000', 8, NULL, 3360),
	(3372, b'1', '000000000000000011111111111111110000000000000000', 8, NULL, 3361),
	(3373, b'1', '000000000000000011111111111111110000000000000000', 8, NULL, 3362),
	(3374, b'1', '000000000000000011111111111111110000000000000000', 8, NULL, 3363),
	(3375, b'1', '000000000000000011111111111111110000000000000000', 8, NULL, 3364),
	(3376, b'1', '000000000000000011111111111111110000000000000000', 8, NULL, 3365),
	(3377, b'1', '000000000000000011111111111111110000000000000000', 8, NULL, 3366),
	(3378, b'1', '000000000000000011111111111111110000000000000000', 8, NULL, 3367),
	(3379, b'1', '000000000000000011111111111111110000000000000000', 8, NULL, 3368),
	(3380, b'1', '000000000000000011111111111111110000000000000000', 8, NULL, 3369),
	(3381, b'1', '000000000000000011111111111111110000000000000000', 8, NULL, 3370),
	(3382, b'1', '000000000000000011111111111111110000000000000000', 8, NULL, 3371),
	(3383, b'1', '000000000000000011111111111111110000000000000000', 8, NULL, 3372),
	(3384, b'1', '000000000000000011111111111111110000000000000000', 8, NULL, 3373),
	(3385, b'1', '000000000000000011111111111111110000000000000000', 8, NULL, 3374),
	(3386, b'1', '000000000000000011111111111111110000000000000000', 8, NULL, 3375),
	(3387, b'1', '000000000000000011111111111111110000000000000000', 8, NULL, 3376),
	(3388, b'1', '000000000000000011111111111111110000000000000000', 8, NULL, 3377),
	(3389, b'1', '000000000000000011111111111111110000000000000000', 8, NULL, 3378),
	(3390, b'1', '000000000000000011111111111111110000000000000000', 8, NULL, 3379),
	(3391, b'1', '000000000000000011111111111111110000000000000000', 8, NULL, 3380),
	(3392, b'1', '000000000000000011111111111111110000000000000000', 8, NULL, 3381),
	(3393, b'1', '000000000000000011111111111111110000000000000000', 8, NULL, 3382),
	(3394, b'1', '000000000000000011111111111111110000000000000000', 8, NULL, 3383),
	(3395, b'1', '000000000000000011111111111111110000000000000000', 8, NULL, 3384),
	(3396, b'1', '000000000000000011111111111111110000000000000000', 8, NULL, 3385),
	(3397, b'1', '000000000000000011111111111111110000000000000000', 8, NULL, 3386),
	(3398, b'1', '000000000000000011111111111111110000000000000000', 8, NULL, 3387),
	(3399, b'1', '000000000000000011111111111111110000000000000000', 8, NULL, 3388),
	(3400, b'1', '000000000000000011111111111111110000000000000000', 8, NULL, 3389),
	(3401, b'1', '000000000000000011111111110000000000000000000000', 5, 'Normal', 3390),
	(3402, b'1', '000000000000000011111111111111110000000000000000', 8, NULL, 3391),
	(3403, b'1', '000000000000000011111111111111110000000000000000', 8, 'Normal', 3392),
	(3404, b'1', '000000000000000011111111111111110000000000000000', 8, NULL, 3393),
	(3405, b'1', '000000000000000011111111111111110000000000000000', 8, NULL, 3394),
	(3406, b'1', '000000000000000011111111111111110000000000000000', 8, NULL, 3395),
	(3407, b'1', '000000000000000011111111111111110000000000000000', 8, NULL, 3396),
	(3408, b'1', '000000000000000011111111111111110000000000000000', 8, NULL, 3397),
	(3409, b'1', '000000000000000011111111111111110000000000000000', 8, NULL, 3398),
	(3410, b'1', '000000000000000011111111111111110000000000000000', 8, NULL, 3399),
	(3411, b'1', '000000000000000011111111111111110000000000000000', 8, NULL, 3400),
	(3412, b'1', '000000000000000011111111111111110000000000000000', 8, NULL, 3401),
	(3413, b'1', '000000000000000011111111111111110000000000000000', 8, NULL, 3402),
	(3414, b'1', '000000000000000011111111111111110000000000000000', 8, NULL, 3403),
	(3415, b'1', '000000000000000011111111111111110000000000000000', 8, NULL, 3404),
	(3416, b'1', '000000000000000011111111111111110000000000000000', 8, NULL, 3405),
	(3417, b'1', '000000000000000011111111111111110000000000000000', 8, NULL, 3406),
	(3418, b'1', '000000000000000011111111111111110000000000000000', 8, NULL, 3407),
	(3419, b'1', '000000000000000011111111111111110000000000000000', 8, NULL, 3408),
	(3420, b'1', '000000000000000011111111111111110000000000000000', 8, NULL, 3409),
	(3421, b'1', '000000000000000011111111111111110000000000000000', 8, NULL, 3410),
	(3422, b'1', '000000000000000011111111111111110000000000000000', 8, NULL, 3411),
	(3423, b'1', '000000000000000011111111111111110000000000000000', 8, NULL, 3412),
	(3424, b'1', '000000000000000011111111111111110000000000000000', 8, NULL, 3413),
	(3425, b'1', '000000000000000011111111111111110000000000000000', 8, NULL, 3414),
	(3426, b'1', '000000000000000011111111111111110000000000000000', 8, NULL, 3415),
	(3427, b'1', '000000000000000011111111111111110000000000000000', 8, NULL, 3416),
	(3428, b'1', '000000000000000011111111111111110000000000000000', 8, NULL, 3417),
	(3429, b'1', '000000000000000011111111111111110000000000000000', 8, NULL, 3418),
	(3430, b'1', '000000000000000011111111111111110000000000000000', 8, NULL, 3419),
	(3431, b'1', '000000000000000011111111111111110000000000000000', 8, NULL, 3420),
	(3432, b'1', '000000000000000011111111111111110000000000000000', 8, NULL, 3421),
	(3433, b'1', '000000000000000011111111111111110000000000000000', 8, NULL, 3422),
	(3434, b'1', '000000000000000011111111111111110000000000000000', 8, NULL, 3423),
	(3435, b'1', '000000000000000011111111111111110000000000000000', 8, NULL, 3424),
	(3436, b'1', '000000000000000011111111111111110000000000000000', 8, NULL, 3425),
	(3437, b'1', '000000000000000011111111111111110000000000000000', 8, NULL, 3426),
	(3438, b'1', '000000000000000011111111111111110000000000000000', 8, NULL, 3427),
	(3439, b'1', '000000000000000011111111111111110000000000000000', 8, NULL, 3428),
	(3440, b'1', '000000000000000011111111111111110000000000000000', 8, NULL, 3429),
	(3441, b'1', '000000000000000011111111111111110000000000000000', 8, NULL, 3430),
	(3442, b'1', '000000000000000011111111111111110000000000000000', 8, NULL, 3431),
	(3443, b'1', '000000000000000011111111111111110000000000000000', 8, NULL, 3432),
	(3444, b'1', '000000000000000011111111111111110000000000000000', 8, NULL, 3433),
	(3445, b'1', '000000000000000011111111111111110000000000000000', 8, NULL, 3434),
	(3446, b'1', '000000000000000011111111111111110000000000000000', 8, NULL, 3435),
	(3447, b'1', '000000000000000011111111111111110000000000000000', 8, NULL, 3436),
	(3448, b'1', '000000000000000011111111111111110000000000000000', 8, NULL, 3437),
	(3449, b'1', '000000000000000011111111111111110000000000000000', 8, NULL, 3438),
	(3450, b'1', '000000000000000011111111111111110000000000000000', 8, NULL, 3439),
	(3451, b'1', '000000000000000011111111111111110000000000000000', 8, NULL, 3440),
	(3452, b'1', '000000000000000011111111111111110000000000000000', 8, NULL, 3441),
	(3453, b'1', '000000000000000011111111111111110000000000000000', 8, NULL, 3442),
	(3454, b'1', '000000000000000011111111111111110000000000000000', 8, NULL, 3443),
	(3455, b'1', '000000000000000011111111111111110000000000000000', 8, NULL, 3444),
	(3456, b'1', '000000000000000011111111111111110000000000000000', 8, NULL, 3445),
	(3457, b'1', '000000000000000011111111111111110000000000000000', 8, NULL, 3446),
	(3458, b'1', '000000000000000011111111111111110000000000000000', 8, NULL, 3447),
	(3459, b'1', '000000000000000011111111111111110000000000000000', 8, NULL, 3448),
	(3460, b'1', '000000000000000011111111111111110000000000000000', 8, NULL, 3449),
	(3461, b'1', '000000000000000011111111111111110000000000000000', 8, NULL, 3450),
	(3462, b'1', '000000000000000011111111111111110000000000000000', 8, NULL, 3451),
	(3463, b'1', '000000000000000011111111111111110000000000000000', 8, NULL, 3452),
	(3464, b'1', '000000000000000011111111111111110000000000000000', 8, NULL, 3453),
	(3465, b'1', '000000000000000011111111111111110000000000000000', 8, NULL, 3454),
	(3466, b'1', '000000000000000011111111111111110000000000000000', 8, NULL, 3455),
	(3467, b'1', '000000000000000011111111111111110000000000000000', 8, NULL, 3456),
	(3468, b'1', '000000000000000011111111111111110000000000000000', 8, NULL, 3457),
	(3469, b'1', '000000000000000011111111111111110000000000000000', 8, NULL, 3458),
	(3470, b'1', '000000000000000011111111111111110000000000000000', 8, NULL, 3459),
	(3471, b'1', '000000000000000011111111111111110000000000000000', 8, NULL, 3460),
	(3472, b'1', '000000000000000011111111111111110000000000000000', 8, NULL, 3461),
	(3473, b'1', '000000000000000011111111111111110000000000000000', 8, NULL, 3462),
	(3474, b'1', '000000000000000011111111111111110000000000000000', 8, NULL, 3463),
	(3475, b'1', '000000000000000011111111111111110000000000000000', 8, NULL, 3464),
	(3476, b'1', '000000000000000011111111111111110000000000000000', 8, NULL, 3465),
	(3477, b'1', '000000000000000011111111111111110000000000000000', 8, NULL, 3466),
	(3478, b'1', '000000000000000011111111111111110000000000000000', 8, NULL, 3467),
	(3479, b'1', '000000000000000011111111111111110000000000000000', 8, NULL, 3468),
	(3480, b'1', '000000000000000011111111111111110000000000000000', 8, NULL, 3469),
	(3481, b'1', '000000000000000011111111111111110000000000000000', 8, NULL, 3470),
	(3482, b'1', '000000000000000011111111111111110000000000000000', 8, NULL, 3471),
	(3483, b'1', '000000000000000011111111111111110000000000000000', 8, NULL, 3472),
	(3484, b'1', '000000000000000011111111111111110000000000000000', 8, NULL, 3473),
	(3485, b'1', '000000000000000011111111111111110000000000000000', 8, NULL, 3474),
	(3486, b'1', '000000000000000011111111111111110000000000000000', 8, NULL, 3475),
	(3487, b'1', '000000000000000011111111111111110000000000000000', 8, NULL, 3476),
	(3488, b'1', '000000000000000011111111111111110000000000000000', 8, NULL, 3477),
	(3489, b'1', '000000000000000011111111111111110000000000000000', 8, NULL, 3478),
	(3490, b'1', '000000000000000011111111111111110000000000000000', 8, NULL, 3479),
	(3491, b'1', '000000000000000011111111111111110000000000000000', 8, NULL, 3480),
	(3492, b'1', '000000000000000011111111111111110000000000000000', 8, NULL, 3481),
	(3493, b'1', '000000000000000011111111111111110000000000000000', 8, NULL, 3482),
	(3494, b'1', '000000000000000011111111111111110000000000000000', 8, NULL, 3483),
	(3495, b'1', '000000000000000011111111111111110000000000000000', 8, NULL, 3484),
	(3496, b'1', '000000000000000011111111111111110000000000000000', 8, NULL, 3485),
	(3497, b'1', '000000000000000011111111111111110000000000000000', 8, NULL, 3486),
	(3498, b'1', '000000000000000011111111111111110000000000000000', 8, NULL, 3487),
	(3499, b'1', '000000000000000011111111111111110000000000000000', 8, NULL, 3488),
	(3500, b'1', '000000000000000011111111111111110000000000000000', 8, NULL, 3489),
	(3501, b'1', '000000000000000011111111111111110000000000000000', 8, NULL, 3490),
	(3502, b'1', '000000000000000011111111111111110000000000000000', 8, NULL, 3491),
	(3503, b'1', '000000000000000011111111111111110000000000000000', 8, NULL, 3492),
	(3504, b'1', '000000000000000011111111111111110000000000000000', 8, NULL, 3493),
	(3505, b'1', '000000000000000011111111111111110000000000000000', 8, NULL, 3494),
	(3506, b'1', '000000000000000011111111111111110000000000000000', 8, NULL, 3495),
	(3507, b'1', '000000000000000011111111111111110000000000000000', 8, NULL, 3496),
	(3508, b'1', '000000000000000011111111111111110000000000000000', 8, NULL, 3497),
	(3509, b'1', '000000000000000011111111111111110000000000000000', 8, NULL, 3498),
	(3510, b'1', '000000000000000011111111111111110000000000000000', 8, NULL, 3499),
	(3511, b'1', '000000000000000011111111111111110000000000000000', 8, NULL, 3500),
	(3512, b'1', '000000000000000011111111111111110000000000000000', 8, NULL, 3501),
	(3513, b'1', '000000000000000011111111111111110000000000000000', 8, NULL, 3502),
	(3514, b'1', '000000000000000011111111111111110000000000000000', 8, NULL, 3503),
	(3515, b'1', '000000000000000011111111111111110000000000000000', 8, NULL, 3504),
	(3516, b'1', '000000000000000011111111111111110000000000000000', 8, NULL, 3505),
	(3517, b'1', '000000000000000011111111111111110000000000000000', 8, NULL, 3506),
	(3518, b'1', '000000000000000011111111111111110000000000000000', 8, NULL, 3507),
	(3519, b'1', '000000000000000011111111111111110000000000000000', 8, NULL, 3508),
	(3520, b'1', '000000000000000011111111111111110000000000000000', 8, NULL, 3509),
	(3521, b'1', '000000000000000011111111111111110000000000000000', 8, NULL, 3510),
	(3522, b'1', '000000000000000011111111111111110000000000000000', 8, NULL, 3511),
	(3523, b'1', '000000000000000011111111111111110000000000000000', 8, NULL, 3512),
	(3524, b'1', '000000000000000011111111111111110000000000000000', 8, NULL, 3513),
	(3525, b'1', '000000000000000011111111111111110000000000000000', 8, NULL, 3514),
	(3526, b'1', '000000000000000011111111111111110000000000000000', 8, NULL, 3515),
	(3527, b'1', '000000000000000011111111111111110000000000000000', 8, NULL, 3516),
	(3528, b'1', '000000000000000011111111111111110000000000000000', 8, NULL, 3517),
	(3529, b'1', '000000000000000011111111111111110000000000000000', 8, NULL, 3518),
	(3530, b'1', '000000000000000011111111111111110000000000000000', 8, NULL, 3519),
	(3531, b'1', '000000000000000011111111111111110000000000000000', 8, NULL, 3520),
	(3532, b'1', '000000000000000011111111111111110000000000000000', 8, NULL, 3521),
	(3533, b'1', '000000000000000011111111111111110000000000000000', 8, NULL, 3522),
	(3534, b'1', '000000000000000011111111111111110000000000000000', 8, NULL, 3523),
	(3535, b'1', '000000000000000011111111111111110000000000000000', 8, NULL, 3524),
	(3536, b'1', '000000000000000011111111111111110000000000000000', 8, NULL, 3525),
	(3537, b'1', '000000000000000011111111111111110000000000000000', 8, NULL, 3526),
	(3538, b'1', '000000000000000011111111111111110000000000000000', 8, NULL, 3527),
	(3539, b'1', '000000000000000011111111111111110000000000000000', 8, NULL, 3528),
	(3540, b'1', '000000000000000011111111111111110000000000000000', 8, NULL, 3529),
	(3541, b'1', '000000000000000011111111111111110000000000000000', 8, NULL, 3530),
	(3542, b'1', '000000000000000011111111111111110000000000000000', 8, NULL, 3531),
	(3543, b'1', '000000000000000011111111111111110000000000000000', 8, NULL, 3532),
	(3544, b'1', '000000000000000011111111111111110000000000000000', 8, NULL, 3533),
	(3545, b'1', '000000000000000011111111111111110000000000000000', 8, NULL, 3534),
	(3546, b'1', '000000000000000011111111111111110000000000000000', 8, NULL, 3535),
	(3547, b'1', '000000000000000011111111111111110000000000000000', 8, NULL, 3536),
	(3548, b'1', '000000000000000011111111111111110000000000000000', 8, NULL, 3537),
	(3549, b'1', '000000000000000011111111111111110000000000000000', 8, NULL, 3538),
	(3550, b'1', '000000000000000011111111111111110000000000000000', 8, NULL, 3539),
	(3551, b'1', '000000000000000011111111111111110000000000000000', 8, NULL, 3540),
	(3552, b'1', '000000000000000011111111111111110000000000000000', 8, NULL, 3541),
	(3553, b'1', '000000000000000011111111111111110000000000000000', 8, NULL, 3542),
	(3554, b'1', '000000000000000011111111111111110000000000000000', 8, NULL, 3543),
	(3555, b'1', '000000000000000011111111111111110000000000000000', 8, NULL, 3544),
	(3556, b'1', '000000000000000011111111111111110000000000000000', 8, NULL, 3545),
	(3557, b'1', '000000000000000011111111111111110000000000000000', 8, NULL, 3546),
	(3558, b'1', '000000000000000011111111111111110000000000000000', 8, NULL, 3547),
	(3559, b'1', '000000000000000011111111111111110000000000000000', 8, NULL, 3548),
	(3560, b'1', '000000000000000011111111111111110000000000000000', 8, NULL, 3549),
	(3561, b'1', '000000000000000011111111111111110000000000000000', 8, NULL, 3550),
	(3562, b'1', '000000000000000011111111111111110000000000000000', 8, NULL, 3551),
	(3563, b'1', '000000000000000011111111111111110000000000000000', 8, NULL, 3552),
	(3564, b'1', '000000000000000011111111111111110000000000000000', 8, NULL, 3553),
	(3565, b'1', '000000000000000011111111111111110000000000000000', 8, NULL, 3554),
	(3566, b'1', '000000000000000011111111111111110000000000000000', 8, NULL, 3555),
	(3567, b'1', '000000000000000011111111111111110000000000000000', 8, NULL, 3556),
	(3568, b'1', '000000000000000011111111111111110000000000000000', 8, NULL, 3557),
	(3569, b'1', '000000000000000011111111111111110000000000000000', 8, NULL, 3558),
	(3570, b'1', '000000000000000011111111111111110000000000000000', 8, NULL, 3559),
	(3571, b'1', '000000000000000011111111111111110000000000000000', 8, NULL, 3560),
	(3572, b'1', '000000000000000011111111111111110000000000000000', 8, NULL, 3561),
	(3573, b'1', '000000000000000011111111111111110000000000000000', 8, NULL, 3562),
	(3574, b'1', '000000000000000011111111111111110000000000000000', 8, NULL, 3563),
	(3575, b'1', '000000000000000011111111111111110000000000000000', 8, NULL, 3564),
	(3576, b'1', '000000000000000011111111111111110000000000000000', 8, NULL, 3565),
	(3577, b'1', '000000000000000011111111111111110000000000000000', 8, NULL, 3566),
	(3578, b'1', '000000000000000011111111111111110000000000000000', 8, NULL, 3567),
	(3579, b'1', '000000000000000011111111111111110000000000000000', 8, NULL, 3568),
	(3580, b'1', '000000000000000011111111111111110000000000000000', 8, NULL, 3569),
	(3581, b'1', '000000000000000011111111111111110000000000000000', 8, NULL, 3570),
	(3582, b'1', '000000000000000011111111111111110000000000000000', 8, NULL, 3571),
	(3583, b'1', '000000000000000011111111111111110000000000000000', 8, NULL, 3572),
	(3584, b'1', '000000000000000011111111111111110000000000000000', 8, NULL, 3573),
	(3585, b'1', '000000000000000011111111111111110000000000000000', 8, NULL, 3574),
	(3586, b'1', '000000000000000011111111111111110000000000000000', 8, NULL, 3575),
	(3587, b'1', '000000000000000011111111111111110000000000000000', 8, NULL, 3576),
	(3588, b'1', '000000000000000011111111111111110000000000000000', 8, NULL, 3577),
	(3589, b'1', '000000000000000011111111111111110000000000000000', 8, NULL, 3578),
	(3590, b'1', '000000000000000011111111111111110000000000000000', 8, NULL, 3579),
	(3591, b'1', '000000000000000011111111111111110000000000000000', 8, NULL, 3580),
	(3592, b'1', '000000000000000011111111111111110000000000000000', 8, NULL, 3581),
	(3593, b'1', '000000000000000011111111111111110000000000000000', 8, NULL, 3582),
	(3594, b'1', '000000000000000011111111111111110000000000000000', 8, NULL, 3583),
	(3595, b'1', '000000000000000011111111111111110000000000000000', 8, NULL, 3584),
	(3596, b'1', '000000000000000011111111111111110000000000000000', 8, NULL, 3585),
	(3597, b'1', '000000000000000011111111111111110000000000000000', 8, NULL, 3586),
	(3598, b'1', '000000000000000011111111111111110000000000000000', 8, NULL, 3587),
	(3599, b'1', '000000000000000011111111111111110000000000000000', 8, NULL, 3588),
	(3600, b'1', '000000000000000011111111111111110000000000000000', 8, NULL, 3589),
	(3601, b'1', '000000000000000011111111111111110000000000000000', 8, NULL, 3590),
	(3602, b'1', '000000000000000011111111111111110000000000000000', 8, NULL, 3591),
	(3603, b'1', '000000000000000011111111111111110000000000000000', 8, NULL, 3592),
	(3604, b'1', '000000000000000011111111111111110000000000000000', 8, NULL, 3593),
	(3605, b'1', '000000000000000011111111111111110000000000000000', 8, NULL, 3594),
	(3606, b'1', '000000000000000011111111111111110000000000000000', 8, NULL, 3595),
	(3607, b'1', '000000000000000011111111111111110000000000000000', 8, NULL, 3596),
	(3608, b'1', '000000000000000011111111111111110000000000000000', 8, NULL, 3597),
	(3609, b'1', '000000000000000011111111111111110000000000000000', 8, NULL, 3598),
	(3610, b'1', '000000000000000011111111111111110000000000000000', 8, NULL, 3599),
	(3611, b'1', '000000000000000011111111111111110000000000000000', 8, NULL, 3600),
	(3612, b'1', '000000000000000011111111111111110000000000000000', 8, NULL, 3601),
	(3613, b'1', '000000000000000011111111111111110000000000000000', 8, NULL, 3602),
	(3614, b'1', '000000000000000011111111111111110000000000000000', 8, NULL, 3603),
	(3615, b'1', '000000000000000011111111111111110000000000000000', 8, NULL, 3604),
	(3616, b'1', '000000000000000011111111111111110000000000000000', 8, NULL, 3605),
	(3617, b'1', '000000000000000011111111111111110000000000000000', 8, NULL, 3606),
	(3618, b'1', '000000000000000011111111111111110000000000000000', 8, NULL, 3607),
	(3619, b'1', '000000000000000011111111111111110000000000000000', 8, NULL, 3608),
	(3620, b'1', '000000000000000011111111111111110000000000000000', 8, NULL, 3609),
	(3621, b'1', '000000000000000011111111111111110000000000000000', 8, NULL, 3610),
	(3622, b'1', '000000000000000011111111111111110000000000000000', 8, NULL, 3611),
	(3623, b'1', '000000000000000011111111111111110000000000000000', 8, NULL, 3612),
	(3624, b'1', '000000000000000011111111111111110000000000000000', 8, NULL, 3613),
	(3625, b'1', '000000000000000011111111111111110000000000000000', 8, NULL, 3614),
	(3626, b'1', '000000000000000011111111111111110000000000000000', 8, NULL, 3615),
	(3627, b'1', '000000000000000011111111111111110000000000000000', 8, NULL, 3616),
	(3628, b'1', '000000000000000000000000001111110000000000000000', 3, 'Normal', 3390),
	(3629, b'1', '000000000000000011111111111111000000000000000000', 7, NULL, 3617),
	(3630, b'1', '000000000000000011111111111111000000000000000000', 7, NULL, 3618),
	(3631, b'1', '000000000000000011111111111111000000000000000000', 7, NULL, 3619),
	(3632, b'1', '000000000000000011111111111111000000000000000000', 7, NULL, 3620),
	(3633, b'1', '000000000000000011111111111111000000000000000000', 7, NULL, 3621),
	(3634, b'1', '000000000000000011111111111111000000000000000000', 7, NULL, 3622),
	(3635, b'1', '000000000000000011111111111111000000000000000000', 7, NULL, 3623),
	(3636, b'1', '000000000000000011111111111111000000000000000000', 7, NULL, 3624),
	(3637, b'1', '000000000000000011111111111111000000000000000000', 7, NULL, 3625),
	(3638, b'1', '000000000000000011111111111111000000000000000000', 7, NULL, 3626),
	(3639, b'1', '000000000000000011111111111111000000000000000000', 7, NULL, 3627),
	(3640, b'1', '000000000000000011111111111111000000000000000000', 7, NULL, 3628),
	(3641, b'1', '000000000000000011111111111111000000000000000000', 7, NULL, 3629),
	(3642, b'1', '000000000000000011111111111111000000000000000000', 7, NULL, 3630),
	(3643, b'1', '000000000000000011111111111111000000000000000000', 7, NULL, 3631),
	(3644, b'1', '000000000000000011111111111111000000000000000000', 7, NULL, 3632),
	(3645, b'1', '000000000000000011111111111111000000000000000000', 7, NULL, 3633),
	(3646, b'1', '000000000000000011111111111111000000000000000000', 7, NULL, 3634),
	(3647, b'1', '000000000000000011111111111111000000000000000000', 7, NULL, 3635),
	(3648, b'1', '000000000000000011111111111111000000000000000000', 7, NULL, 3636),
	(3649, b'1', '000000000000000011111111111111000000000000000000', 7, NULL, 3637),
	(3650, b'1', '000000000000000011111111111111000000000000000000', 7, NULL, 3638),
	(3651, b'1', '000000000000000011111111111111000000000000000000', 7, NULL, 3639),
	(3652, b'1', '000000000000000011111111111111000000000000000000', 7, NULL, 3640),
	(3653, b'1', '000000000000000011111111111111000000000000000000', 7, NULL, 3641),
	(3654, b'1', '000000000000000011111111111111000000000000000000', 7, NULL, 3642),
	(3655, b'1', '000000000000000011111111111111000000000000000000', 7, NULL, 3643),
	(3656, b'1', '000000000000000011111111111111000000000000000000', 7, NULL, 3644),
	(3657, b'1', '000000000000000011111111111111000000000000000000', 7, NULL, 3645),
	(3658, b'1', '000000000000000011111111111111000000000000000000', 7, NULL, 3646),
	(3659, b'1', '000000000000000011111111111111000000000000000000', 7, NULL, 3647),
	(3660, b'1', '000000000000000011111111111111000000000000000000', 7, NULL, 3648),
	(3661, b'1', '000000000000000011111111111111000000000000000000', 7, NULL, 3649),
	(3662, b'1', '000000000000000011111111111111000000000000000000', 7, NULL, 3650),
	(3663, b'1', '000000000000000011111111111111000000000000000000', 7, NULL, 3651),
	(3664, b'1', '000000000000000011111111111111000000000000000000', 7, NULL, 3652),
	(3665, b'1', '000000000000000011111111111111000000000000000000', 7, NULL, 3653),
	(3666, b'1', '000000000000000011111111111111000000000000000000', 7, NULL, 3654),
	(3667, b'1', '000000000000000011111111111111000000000000000000', 7, NULL, 3655),
	(3668, b'1', '000000000000000011111111111111000000000000000000', 7, NULL, 3656),
	(3669, b'1', '000000000000000011111111111111000000000000000000', 7, NULL, 3657),
	(3670, b'1', '000000000000000011111111111111000000000000000000', 7, NULL, 3658),
	(3671, b'1', '000000000000000011111111111111000000000000000000', 7, NULL, 3659),
	(3672, b'1', '000000000000000011111111111111000000000000000000', 7, NULL, 3660),
	(3673, b'1', '000000000000000011111111111111000000000000000000', 7, NULL, 3661),
	(3674, b'1', '000000000000000011111111111111000000000000000000', 7, NULL, 3662),
	(3675, b'1', '000000000000000011111111111111000000000000000000', 7, NULL, 3663),
	(3676, b'1', '000000000000000011111111111111000000000000000000', 7, NULL, 3664),
	(3677, b'1', '000000000000000011111111111111000000000000000000', 7, NULL, 3665),
	(3678, b'1', '000000000000000011111111111111000000000000000000', 7, NULL, 3666),
	(3679, b'1', '000000000000000011111111111111000000000000000000', 7, NULL, 3667),
	(3680, b'1', '000000000000000011111111111111000000000000000000', 7, NULL, 3668),
	(3681, b'1', '000000000000000011111111111111000000000000000000', 7, NULL, 3669),
	(3682, b'1', '000000000000000011111111111111000000000000000000', 7, NULL, 3670),
	(3683, b'1', '000000000000000011111111111111000000000000000000', 7, NULL, 3671),
	(3684, b'1', '000000000000000011111111111111000000000000000000', 7, NULL, 3672),
	(3685, b'1', '000000000000000011111111111111000000000000000000', 7, NULL, 3673),
	(3686, b'1', '000000000000000011111111111111000000000000000000', 7, NULL, 3674),
	(3687, b'1', '000000000000000011111111111111000000000000000000', 7, NULL, 3675),
	(3688, b'1', '000000000000000011111111111111000000000000000000', 7, NULL, 3676),
	(3689, b'1', '000000000000000011111111111111000000000000000000', 7, NULL, 3677),
	(3690, b'1', '000000000000000011111111111111000000000000000000', 7, NULL, 3678),
	(3691, b'1', '000000000000000011111111111111000000000000000000', 7, NULL, 3679),
	(3692, b'1', '000000000000000011111111111111000000000000000000', 7, NULL, 3680),
	(3693, b'1', '000000000000000011111111111111000000000000000000', 7, NULL, 3681),
	(3694, b'1', '000000000000000011111111111111000000000000000000', 7, NULL, 3682),
	(3695, b'1', '000000000000000011111111111111000000000000000000', 7, NULL, 3683),
	(3696, b'1', '000000000000000011111111111111000000000000000000', 7, NULL, 3684),
	(3697, b'1', '000000000000000011111111111111000000000000000000', 7, NULL, 3685),
	(3698, b'1', '000000000000000011111111111111000000000000000000', 7, NULL, 3686),
	(3699, b'1', '000000000000000011111111111111000000000000000000', 7, NULL, 3687),
	(3700, b'1', '000000000000000011111111111111000000000000000000', 7, NULL, 3688),
	(3701, b'1', '000000000000000011111111111111000000000000000000', 7, NULL, 3689),
	(3702, b'1', '000000000000000011111111111111000000000000000000', 7, NULL, 3690),
	(3703, b'1', '000000000000000011111111111111000000000000000000', 7, NULL, 3691),
	(3704, b'1', '000000000000000011111111111111000000000000000000', 7, NULL, 3692),
	(3705, b'1', '000000000000000011111111111111000000000000000000', 7, NULL, 3693),
	(3706, b'1', '000000000000000011111111111111000000000000000000', 7, NULL, 3694),
	(3707, b'1', '000000000000000011111111111111000000000000000000', 7, NULL, 3695),
	(3708, b'1', '000000000000000011111111111111000000000000000000', 7, NULL, 3696),
	(3709, b'1', '000000000000000011111111111111000000000000000000', 7, NULL, 3697),
	(3710, b'1', '000000000000000011111111111111000000000000000000', 7, NULL, 3698),
	(3711, b'1', '000000000000000011111111111111000000000000000000', 7, NULL, 3699),
	(3712, b'1', '000000000000000011111111111111000000000000000000', 7, NULL, 3700),
	(3713, b'1', '000000000000000011111111111111000000000000000000', 7, NULL, 3701),
	(3714, b'1', '000000000000000011111111111111000000000000000000', 7, NULL, 3702),
	(3715, b'1', '000000000000000011111111111111000000000000000000', 7, NULL, 3703),
	(3716, b'1', '000000000000000011111111111111000000000000000000', 7, NULL, 3704),
	(3717, b'1', '000000000000000011111111111111000000000000000000', 7, NULL, 3705),
	(3718, b'1', '000000000000000011111111111111000000000000000000', 7, NULL, 3706),
	(3719, b'1', '000000000000000011111111111111000000000000000000', 7, NULL, 3707),
	(3720, b'1', '000000000000000011111111111111000000000000000000', 7, NULL, 3708),
	(3721, b'1', '000000000000000011111111111111000000000000000000', 7, NULL, 3709),
	(3722, b'1', '000000000000000011111111111111000000000000000000', 7, NULL, 3710),
	(3723, b'1', '000000000000000011111111111111000000000000000000', 7, NULL, 3711),
	(3724, b'1', '000000000000000011111111111111000000000000000000', 7, NULL, 3712),
	(3725, b'1', '000000000000000011111111111111000000000000000000', 7, NULL, 3713),
	(3726, b'1', '000000000000000011111111111111000000000000000000', 7, NULL, 3714),
	(3727, b'1', '000000000000000011111111111111000000000000000000', 7, NULL, 3715),
	(3728, b'1', '000000000000000011111111111111000000000000000000', 7, NULL, 3716),
	(3729, b'1', '000000000000000011111111111111000000000000000000', 7, NULL, 3717),
	(3730, b'1', '000000000000000011111111111111000000000000000000', 7, NULL, 3718),
	(3731, b'1', '000000000000000011111111111111000000000000000000', 7, NULL, 3719),
	(3732, b'1', '000000000000000011111111111111000000000000000000', 7, NULL, 3720),
	(3733, b'1', '000000000000000011111111111111000000000000000000', 7, NULL, 3721),
	(3734, b'1', '000000000000000011111111111111000000000000000000', 7, NULL, 3722),
	(3735, b'1', '000000000000000011111111111111000000000000000000', 7, NULL, 3723),
	(3736, b'1', '000000000000000011111111111111000000000000000000', 7, NULL, 3724),
	(3737, b'1', '000000000000000011111111111111000000000000000000', 7, NULL, 3725),
	(3738, b'1', '000000000000000011111111111111000000000000000000', 7, NULL, 3726),
	(3739, b'1', '000000000000000011111111111111000000000000000000', 7, NULL, 3727),
	(3740, b'1', '000000000000000011111111111111000000000000000000', 7, NULL, 3728),
	(3741, b'1', '000000000000000011111111111111000000000000000000', 7, NULL, 3729),
	(3742, b'1', '000000000000000011111111111111000000000000000000', 7, NULL, 3730),
	(3743, b'1', '000000000000000011111111111111000000000000000000', 7, NULL, 3731),
	(3744, b'1', '000000000000000011111111111111000000000000000000', 7, NULL, 3732),
	(3745, b'1', '000000000000000011111111111111000000000000000000', 7, 'Normal', 3733),
	(3751, b'1', '000000000000000011111111111111110000000000000000', 8, 'Normal', 1798),
	(3752, b'1', '000000000000000011111111111111110000000000000000', 8, 'Normal', 1799),
	(3753, b'1', '000000000000000011111111111111110000000000000000', 8, 'Normal', 1800),
	(3754, b'1', '000000000000000011111111111111110000000000000000', 8, 'Normal', 1801),
	(3755, b'1', '000000000000000011111111111111110000000000000000', 8, 'Normal', 1802),
	(3761, b'1', '000000000000000011111111111111000000000000000000', 7, 'Normal', 1793),
	(3762, b'1', '000000000000000011111111111111000000000000000000', 7, 'Normal', 1794),
	(3763, b'1', '000000000000000011111111111111000000000000000000', 7, 'Normal', 1795),
	(3764, b'1', '000000000000000011111111111111000000000000000000', 7, 'Normal', 1796),
	(3765, b'1', '000000000000000011111111111111000000000000000000', 7, 'Normal', 1797),
	(3766, b'1', '000000000000000011111111111111000000000000000000', 7, 'Normal', 3734),
	(3767, b'1', '000000000000000011111111111111000000000000000000', 7, 'Normal', 3735),
	(3768, b'1', '000000000000000011111111111111000000000000000000', 7, 'Normal', 3736),
	(3769, b'1', '000000000000000011111111111111000000000000000000', 7, 'Normal', 3737),
	(3770, b'1', '000000000000000011111111111111000000000000000000', 7, 'Normal', 3738),
	(3771, b'1', '000000000000000011111100000000000000000000000000', 3, 'Normal', 1728),
	(3772, b'1', '000000000000000001111111111111000000000000000000', 6.5, 'Normal', 2138),
	(3773, b'1', '000000000000000001111111111111000000000000000000', 6.5, 'Normal', 2139),
	(3774, b'1', '000000000000000001111111111111000000000000000000', 6.5, 'Normal', 2140),
	(3775, b'1', '000000000000000011111111111111000000000000000000', 7, 'Normal', 3739),
	(3776, b'1', '000000000000000011111111111111000000000000000000', 7, 'Normal', 3740),
	(3777, b'1', '000000000000000011111111111111000000000000000000', 7, 'Normal', 3741),
	(3778, b'1', '000000000000000011111111111111000000000000000000', 7, 'Normal', 3742),
	(3779, b'1', '000000000000000011111111111111000000000000000000', 7, 'Normal', 3743),
	(3780, b'1', '000000000000000011111111111111000000000000000000', 7, 'Normal', 3744),
	(3781, b'1', '000000000000000011111111111111000000000000000000', 7, 'Normal', 3745),
	(3782, b'1', '000000000000000011111111111111000000000000000000', 7, 'Normal', 3746),
	(3783, b'1', '000000000000000011111111111111000000000000000000', 7, 'Normal', 3747),
	(3784, b'1', '000000000000000011111111111111000000000000000000', 7, 'Normal', 3748),
	(3785, b'1', '000000000000000011111111111111000000000000000000', 7, 'Normal', 3749),
	(3786, b'1', '000000000000000011111111111111000000000000000000', 7, 'Normal', 3750),
	(3787, b'1', '000000000000000011111111111111000000000000000000', 7, 'Normal', 3751),
	(3788, b'1', '000000000000000011111111111111000000000000000000', 7, 'Normal', 3752),
	(3789, b'1', '000000000000000011111111111111000000000000000000', 7, 'Normal', 3753),
	(3790, b'1', '000000000000000000000000000000000001111111000000', 3.5, 'Normal', 1355),
	(3791, b'1', '111000000000000000000000000000000000000000000111', 3, 'Normal', 1355),
	(3792, b'1', '000000000000000000000001111111000000000000000000', 3.5, 'Normal', 3754),
	(3837, b'1', '000000000000000000111111111111000000011110000000', 8, 'Normal', 3755),
	(3838, b'1', '000000000000000000111111111111000000011110000000', 8, 'Normal', 3774),
	(3839, b'1', '000000000000000000111111111111000000011110000000', 8, 'Normal', 3773),
	(3840, b'1', '000000000000000000111111111111000000011110000000', 8, 'Normal', 3772),
	(3841, b'1', '000000000000000000111111111111000000011110000000', 8, 'Normal', 3771),
	(3842, b'1', '000000000000000000111111111111000000011110000000', 8, 'Normal', 3770),
	(3843, b'1', '000000000000000000111111111111000000011110000000', 8, 'Normal', 3769),
	(3844, b'1', '000000000000000000111111111111000000011110000000', 8, 'Normal', 3768),
	(3845, b'1', '000000000000000000111111111111000000011110000000', 8, 'Normal', 3767),
	(3846, b'1', '000000000000000000111111111111000000011110000000', 8, 'Normal', 3766),
	(3847, b'1', '000000000000000000111111111111000000011110000000', 8, 'Normal', 3765),
	(3848, b'1', '000000000000000000111111111111000000011110000000', 8, 'Normal', 3764),
	(3849, b'1', '000000000000000000111111111111000000011110000000', 8, 'Normal', 3763),
	(3850, b'1', '000000000000000000111111111111000000011110000000', 8, 'Normal', 3762),
	(3851, b'1', '000000000000000000111111111111000000011110000000', 8, 'Normal', 3761),
	(3852, b'1', '000000000000000000111111111111000000011110000000', 8, 'Normal', 3760),
	(3853, b'1', '000000000000000000111111111111000000011110000000', 8, 'Normal', 3759),
	(3854, b'1', '000000000000000000111111111111000000011110000000', 8, 'Normal', 3758),
	(3855, b'1', '000000000000000000111111111111000000011110000000', 8, 'Normal', 3757),
	(3856, b'1', '000000000000000000111111111111000000011110000000', 8, 'Normal', 3756),
	(3857, b'1', '000000000000000000111111111111000000011110000000', 8, 'Normal', 3775),
	(3858, b'1', '000000000000000000111111111111000000011110000000', 8, 'Normal', 3776),
	(3859, b'1', '000000000000000000000000111111110000000000000000', 4, 'Normal', 1447),
	(3860, b'1', '000000000000000000000111010101011011111110001000', 8, 'Normal', 1395),
	(3861, b'1', '000000000000000000000111010101011011111110001000', 8, 'Normal', 1396),
	(3862, b'1', '000000000000000000000111010101011011111110001000', 8, 'Normal', 1397),
	(3863, b'1', '000000000000000000000111010101011011111110001000', 8, 'Normal', 1399),
	(3864, b'1', '000000000000000000000111010101011011111110001000', 8, 'Normal', 1401),
	(3865, b'1', '000000000000000000000111010101011011111110001000', 8, 'Normal', 1402),
	(3866, b'1', '000000000000000000000111010101011011111110001000', 8, 'Normal', 1403),
	(3867, b'1', '000000000000000000000111010101011011111110001000', 8, 'Normal', 1404),
	(3868, b'1', '000000000000000000000111010101011011111110001000', 8, 'Normal', 1405),
	(3869, b'1', '000000000000000000000111010101011011111110001000', 8, 'Normal', 1406),
	(3870, b'1', '000000000000000000000111010101011011111110001000', 8, 'Normal', 1407),
	(3871, b'1', '000000000000000000000111010101011011111110001000', 8, 'Normal', 1408),
	(3872, b'1', '000000000000000000000111010101011011111110001000', 8, 'Normal', 1409),
	(3873, b'1', '000000000000000000000111010101011011111110001000', 8, 'Normal', 1410),
	(3874, b'1', '000000000000000000000111010101011011111110001000', 8, 'Normal', 1411),
	(3877, b'1', '000000000000000000000111010101011011111110001000', 8, 'Normal', 1414),
	(3878, b'1', '000000000000000000000111010101011011111110001000', 8, 'Normal', 1449),
	(3879, b'1', '000000000000000000000111010101011011111110001000', 8, 'Normal', 1580),
	(3880, b'1', '000000000000000000000001111111111111111000000000', 8, 'Normal', 3777),
	(3881, b'1', '000000000000000000000000001110000000000000000000', 1.5, 'Normal', 3778),
	(3882, b'1', '000000000000000000000000000001111111111111000000', 6.5, 'Normal', 3778),
	(3883, b'1', '000000000000000000000000000000011111111111111101', 8, 'Normal', 3779),
	(3884, b'1', '110000000000000000000000000000000011111111111111', 8, 'Normal', 3780);
/*!40000 ALTER TABLE `schedule_date_term` ENABLE KEYS */;

-- Volcando estructura para tabla bpo.schedule_date_term_job
CREATE TABLE IF NOT EXISTS `schedule_date_term_job` (
  `schedule_date_term_id` int(11) NOT NULL,
  `job_id` int(11) NOT NULL,
  `id` int(11) NOT NULL AUTO_INCREMENT,
  `active` bit(1) NOT NULL,
  PRIMARY KEY (`schedule_date_term_id`,`job_id`),
  UNIQUE KEY `ak_schedule_date_term_job_id` (`id`),
  KEY `ix_schedule_date_term_job_job_id` (`job_id`),
  CONSTRAINT `fk_schedule_date_term_job_job_job_id` FOREIGN KEY (`job_id`) REFERENCES `job` (`id`) ON DELETE CASCADE,
  CONSTRAINT `fk_schedule_date_term_job_schedule_date_term_schedule_date_term~` FOREIGN KEY (`schedule_date_term_id`) REFERENCES `schedule_date_term` (`id`) ON DELETE CASCADE
) ENGINE=InnoDB AUTO_INCREMENT=2590 DEFAULT CHARSET=latin1;

-- Volcando datos para la tabla bpo.schedule_date_term_job: ~2.173 rows (aproximadamente)
/*!40000 ALTER TABLE `schedule_date_term_job` DISABLE KEYS */;
INSERT IGNORE INTO `schedule_date_term_job` (`schedule_date_term_id`, `job_id`, `id`, `active`) VALUES
	(1324, 47, 1, b'1'),
	(1325, 47, 2, b'1'),
	(1326, 47, 3, b'1'),
	(1327, 47, 4, b'1'),
	(1328, 47, 5, b'1'),
	(1329, 47, 6, b'1'),
	(1330, 47, 7, b'1'),
	(1331, 47, 8, b'1'),
	(1332, 47, 9, b'1'),
	(1333, 47, 10, b'1'),
	(1334, 47, 11, b'1'),
	(1335, 47, 12, b'1'),
	(1336, 47, 13, b'1'),
	(1337, 47, 14, b'1'),
	(1338, 47, 15, b'1'),
	(1339, 47, 16, b'1'),
	(1340, 47, 17, b'1'),
	(1341, 47, 18, b'1'),
	(1342, 47, 19, b'1'),
	(1343, 47, 20, b'1'),
	(1344, 47, 21, b'1'),
	(1345, 47, 22, b'1'),
	(1346, 47, 23, b'1'),
	(1347, 47, 24, b'1'),
	(1348, 47, 25, b'1'),
	(1349, 47, 26, b'1'),
	(1350, 47, 27, b'1'),
	(1352, 47, 29, b'1'),
	(1353, 47, 30, b'1'),
	(1354, 47, 31, b'1'),
	(1356, 47, 33, b'1'),
	(1357, 47, 34, b'1'),
	(1358, 47, 35, b'1'),
	(1359, 47, 36, b'1'),
	(1360, 47, 37, b'1'),
	(1361, 47, 38, b'1'),
	(1362, 47, 39, b'1'),
	(1363, 47, 40, b'1'),
	(1364, 47, 41, b'1'),
	(1365, 47, 42, b'1'),
	(1366, 24, 2583, b'1'),
	(1367, 47, 44, b'1'),
	(1368, 47, 45, b'1'),
	(1369, 47, 46, b'1'),
	(1370, 47, 47, b'1'),
	(1371, 47, 48, b'1'),
	(1372, 47, 49, b'1'),
	(1373, 47, 50, b'1'),
	(1374, 47, 51, b'1'),
	(1375, 47, 52, b'1'),
	(1376, 47, 53, b'1'),
	(1377, 47, 54, b'1'),
	(1378, 47, 55, b'1'),
	(1379, 47, 56, b'1'),
	(1380, 47, 57, b'1'),
	(1381, 47, 58, b'1'),
	(1382, 47, 59, b'1'),
	(1383, 47, 60, b'1'),
	(1384, 47, 61, b'1'),
	(1385, 47, 62, b'1'),
	(1386, 47, 63, b'1'),
	(1387, 47, 64, b'1'),
	(1388, 47, 65, b'1'),
	(1389, 47, 66, b'1'),
	(1390, 47, 67, b'1'),
	(1391, 47, 68, b'1'),
	(1392, 47, 69, b'1'),
	(1393, 47, 70, b'1'),
	(1394, 47, 71, b'1'),
	(1395, 47, 72, b'1'),
	(1396, 47, 73, b'1'),
	(1397, 47, 74, b'1'),
	(1398, 47, 75, b'1'),
	(1402, 30, 2555, b'1'),
	(1404, 30, 2556, b'1'),
	(1419, 47, 96, b'1'),
	(1420, 47, 97, b'1'),
	(1421, 47, 98, b'1'),
	(1422, 47, 99, b'1'),
	(1423, 47, 100, b'1'),
	(1424, 47, 101, b'1'),
	(1425, 47, 102, b'1'),
	(1426, 47, 103, b'1'),
	(1428, 47, 105, b'1'),
	(1429, 47, 106, b'1'),
	(1430, 47, 107, b'1'),
	(1431, 47, 108, b'1'),
	(1432, 47, 109, b'1'),
	(1433, 47, 110, b'1'),
	(1434, 47, 111, b'1'),
	(1435, 47, 112, b'1'),
	(1436, 47, 113, b'1'),
	(1437, 47, 114, b'1'),
	(1438, 47, 115, b'1'),
	(1439, 47, 116, b'1'),
	(1440, 47, 117, b'1'),
	(1441, 47, 118, b'1'),
	(1442, 47, 119, b'1'),
	(1443, 47, 120, b'1'),
	(1444, 47, 121, b'1'),
	(1445, 47, 122, b'1'),
	(1446, 47, 123, b'1'),
	(1447, 47, 124, b'1'),
	(1448, 47, 125, b'1'),
	(1449, 47, 126, b'1'),
	(1450, 46, 2559, b'1'),
	(1451, 46, 2561, b'1'),
	(1452, 21, 2560, b'1'),
	(1454, 47, 131, b'1'),
	(1455, 47, 132, b'1'),
	(1456, 47, 133, b'1'),
	(1457, 47, 134, b'1'),
	(1458, 47, 135, b'1'),
	(1459, 47, 136, b'1'),
	(1460, 47, 137, b'1'),
	(1461, 47, 138, b'1'),
	(1462, 47, 139, b'1'),
	(1463, 47, 140, b'1'),
	(1464, 47, 141, b'1'),
	(1465, 47, 142, b'1'),
	(1466, 47, 143, b'1'),
	(1467, 47, 144, b'1'),
	(1468, 47, 145, b'1'),
	(1469, 47, 146, b'1'),
	(1470, 47, 147, b'1'),
	(1471, 47, 148, b'1'),
	(1472, 47, 149, b'1'),
	(1473, 47, 150, b'1'),
	(1474, 47, 151, b'1'),
	(1475, 47, 152, b'1'),
	(1476, 47, 153, b'1'),
	(1477, 47, 154, b'1'),
	(1478, 47, 155, b'1'),
	(1479, 47, 156, b'1'),
	(1480, 47, 157, b'1'),
	(1481, 47, 158, b'1'),
	(1482, 47, 159, b'1'),
	(1483, 47, 160, b'1'),
	(1484, 47, 161, b'1'),
	(1485, 47, 162, b'1'),
	(1486, 47, 163, b'1'),
	(1488, 47, 165, b'1'),
	(1489, 47, 166, b'1'),
	(1490, 47, 167, b'1'),
	(1491, 47, 168, b'1'),
	(1492, 47, 169, b'1'),
	(1493, 47, 170, b'1'),
	(1494, 47, 171, b'1'),
	(1495, 47, 172, b'1'),
	(1496, 47, 173, b'1'),
	(1497, 47, 174, b'1'),
	(1498, 47, 175, b'1'),
	(1499, 47, 176, b'1'),
	(1500, 47, 177, b'1'),
	(1501, 47, 178, b'1'),
	(1502, 47, 179, b'1'),
	(1503, 47, 180, b'1'),
	(1504, 47, 181, b'1'),
	(1505, 47, 182, b'1'),
	(1506, 47, 183, b'1'),
	(1507, 47, 184, b'1'),
	(1508, 47, 185, b'1'),
	(1509, 47, 186, b'1'),
	(1510, 47, 187, b'1'),
	(1511, 47, 188, b'1'),
	(1512, 47, 189, b'1'),
	(1513, 47, 190, b'1'),
	(1514, 47, 191, b'1'),
	(1515, 47, 192, b'1'),
	(1516, 47, 193, b'1'),
	(1517, 47, 194, b'1'),
	(1518, 47, 195, b'1'),
	(1519, 47, 196, b'1'),
	(1520, 47, 197, b'1'),
	(1521, 47, 198, b'1'),
	(1523, 47, 200, b'1'),
	(1524, 47, 201, b'1'),
	(1525, 47, 202, b'1'),
	(1526, 47, 203, b'1'),
	(1527, 47, 204, b'1'),
	(1528, 47, 205, b'1'),
	(1529, 47, 206, b'1'),
	(1530, 47, 207, b'1'),
	(1531, 47, 208, b'1'),
	(1532, 47, 209, b'1'),
	(1533, 47, 210, b'1'),
	(1534, 47, 211, b'1'),
	(1535, 47, 212, b'1'),
	(1536, 47, 213, b'1'),
	(1537, 47, 214, b'1'),
	(1538, 47, 215, b'1'),
	(1540, 47, 217, b'1'),
	(1541, 47, 218, b'1'),
	(1542, 47, 219, b'1'),
	(1543, 47, 220, b'1'),
	(1544, 47, 221, b'1'),
	(1545, 47, 222, b'1'),
	(1546, 47, 223, b'1'),
	(1547, 47, 224, b'1'),
	(1548, 47, 225, b'1'),
	(1549, 47, 226, b'1'),
	(1550, 47, 227, b'1'),
	(1551, 47, 228, b'1'),
	(1552, 47, 229, b'1'),
	(1553, 47, 230, b'1'),
	(1554, 47, 231, b'1'),
	(1555, 47, 232, b'1'),
	(1556, 47, 233, b'1'),
	(1557, 47, 234, b'1'),
	(1558, 47, 235, b'1'),
	(1559, 47, 236, b'1'),
	(1560, 47, 237, b'1'),
	(1561, 47, 238, b'1'),
	(1562, 47, 239, b'1'),
	(1563, 47, 240, b'1'),
	(1564, 47, 241, b'1'),
	(1565, 47, 242, b'1'),
	(1566, 47, 243, b'1'),
	(1567, 47, 244, b'1'),
	(1568, 47, 245, b'1'),
	(1569, 47, 246, b'1'),
	(1570, 47, 247, b'1'),
	(1571, 47, 248, b'1'),
	(1572, 47, 249, b'1'),
	(1573, 47, 250, b'1'),
	(1574, 47, 251, b'1'),
	(1575, 47, 252, b'1'),
	(1576, 47, 253, b'1'),
	(1577, 47, 254, b'1'),
	(1578, 47, 255, b'1'),
	(1579, 47, 256, b'1'),
	(1580, 47, 257, b'1'),
	(1581, 47, 258, b'1'),
	(1582, 47, 259, b'1'),
	(1583, 47, 260, b'1'),
	(1585, 47, 262, b'1'),
	(1586, 47, 263, b'1'),
	(1587, 47, 264, b'1'),
	(1588, 47, 265, b'1'),
	(1589, 47, 266, b'1'),
	(1590, 47, 267, b'1'),
	(1591, 47, 268, b'1'),
	(1592, 47, 269, b'1'),
	(1593, 47, 270, b'1'),
	(1594, 47, 271, b'1'),
	(1595, 47, 272, b'1'),
	(1596, 47, 273, b'1'),
	(1597, 47, 274, b'1'),
	(1598, 47, 275, b'1'),
	(1599, 47, 276, b'1'),
	(1600, 47, 277, b'1'),
	(1601, 47, 278, b'1'),
	(1602, 47, 279, b'1'),
	(1603, 47, 280, b'1'),
	(1604, 47, 281, b'1'),
	(1605, 47, 282, b'1'),
	(1606, 47, 283, b'1'),
	(1607, 47, 284, b'1'),
	(1608, 47, 285, b'1'),
	(1609, 47, 286, b'1'),
	(1610, 47, 287, b'1'),
	(1611, 47, 288, b'1'),
	(1612, 47, 289, b'1'),
	(1613, 47, 290, b'1'),
	(1614, 47, 291, b'1'),
	(1615, 47, 292, b'1'),
	(1616, 47, 293, b'1'),
	(1617, 47, 294, b'1'),
	(1618, 47, 295, b'1'),
	(1619, 47, 296, b'1'),
	(1625, 47, 302, b'1'),
	(1626, 47, 303, b'1'),
	(1627, 47, 304, b'1'),
	(1628, 47, 305, b'1'),
	(1629, 47, 306, b'1'),
	(1630, 47, 307, b'1'),
	(1631, 20, 2044, b'1'),
	(1632, 47, 309, b'1'),
	(1633, 47, 310, b'1'),
	(1634, 47, 311, b'1'),
	(1635, 47, 312, b'1'),
	(1636, 47, 313, b'1'),
	(1637, 47, 314, b'1'),
	(1638, 47, 315, b'1'),
	(1639, 47, 316, b'1'),
	(1640, 47, 317, b'1'),
	(1641, 47, 318, b'1'),
	(1642, 47, 319, b'1'),
	(1643, 47, 320, b'1'),
	(1644, 47, 321, b'1'),
	(1645, 47, 322, b'1'),
	(1646, 47, 323, b'1'),
	(1647, 47, 324, b'1'),
	(1648, 47, 325, b'1'),
	(1649, 47, 326, b'1'),
	(1650, 47, 327, b'1'),
	(1651, 47, 328, b'1'),
	(1652, 47, 329, b'1'),
	(1653, 47, 330, b'1'),
	(1654, 47, 331, b'1'),
	(1655, 47, 332, b'1'),
	(1656, 47, 333, b'1'),
	(1657, 47, 334, b'1'),
	(1658, 47, 335, b'1'),
	(1659, 47, 336, b'1'),
	(1660, 47, 337, b'1'),
	(1661, 47, 338, b'1'),
	(1662, 47, 339, b'1'),
	(1663, 47, 340, b'1'),
	(1664, 47, 341, b'1'),
	(1665, 22, 2557, b'1'),
	(1666, 47, 343, b'1'),
	(1667, 47, 344, b'1'),
	(1668, 47, 345, b'1'),
	(1669, 47, 346, b'1'),
	(1670, 47, 347, b'1'),
	(1671, 47, 348, b'1'),
	(1672, 47, 349, b'1'),
	(1673, 47, 350, b'1'),
	(1674, 47, 351, b'1'),
	(1675, 47, 352, b'1'),
	(1676, 47, 353, b'1'),
	(1677, 47, 354, b'1'),
	(1678, 47, 355, b'1'),
	(1679, 47, 356, b'1'),
	(1680, 47, 357, b'1'),
	(1681, 47, 358, b'1'),
	(1682, 47, 359, b'1'),
	(1683, 47, 360, b'1'),
	(1684, 47, 361, b'1'),
	(1685, 47, 362, b'1'),
	(1686, 47, 363, b'1'),
	(1687, 47, 364, b'1'),
	(1688, 47, 365, b'1'),
	(1689, 47, 366, b'1'),
	(1690, 47, 367, b'1'),
	(1691, 47, 368, b'1'),
	(1692, 47, 369, b'1'),
	(1693, 47, 370, b'1'),
	(1694, 47, 371, b'1'),
	(1695, 47, 372, b'1'),
	(1696, 47, 373, b'1'),
	(1697, 47, 374, b'1'),
	(1698, 47, 375, b'1'),
	(1699, 47, 376, b'1'),
	(1700, 47, 377, b'1'),
	(1701, 47, 378, b'1'),
	(1702, 47, 379, b'1'),
	(1703, 47, 380, b'1'),
	(1704, 47, 381, b'1'),
	(1705, 47, 382, b'1'),
	(1706, 47, 383, b'1'),
	(1707, 47, 384, b'1'),
	(1708, 47, 385, b'1'),
	(1709, 47, 386, b'1'),
	(1710, 47, 387, b'1'),
	(1711, 47, 388, b'1'),
	(1712, 47, 389, b'1'),
	(1713, 47, 390, b'1'),
	(1714, 47, 391, b'1'),
	(1715, 47, 392, b'1'),
	(1716, 47, 393, b'1'),
	(1717, 47, 394, b'1'),
	(1718, 47, 395, b'1'),
	(1719, 25, 2430, b'1'),
	(1720, 47, 397, b'1'),
	(1721, 47, 398, b'1'),
	(1722, 47, 399, b'1'),
	(1723, 47, 400, b'1'),
	(1724, 47, 401, b'1'),
	(1725, 47, 402, b'1'),
	(1726, 47, 403, b'1'),
	(1727, 47, 404, b'1'),
	(1728, 47, 405, b'1'),
	(1729, 47, 406, b'1'),
	(1730, 47, 407, b'1'),
	(1731, 47, 408, b'1'),
	(1732, 22, 2431, b'1'),
	(1733, 47, 410, b'1'),
	(1734, 25, 2465, b'1'),
	(1735, 47, 412, b'1'),
	(1736, 47, 413, b'1'),
	(1737, 47, 414, b'1'),
	(1738, 47, 415, b'1'),
	(1739, 47, 416, b'1'),
	(1740, 22, 2464, b'1'),
	(1741, 47, 418, b'1'),
	(1742, 47, 419, b'1'),
	(1743, 47, 420, b'1'),
	(1744, 47, 421, b'1'),
	(1745, 47, 422, b'1'),
	(1746, 47, 423, b'1'),
	(1747, 47, 424, b'1'),
	(1748, 47, 425, b'1'),
	(1749, 47, 426, b'1'),
	(1750, 18, 2428, b'1'),
	(1751, 18, 2429, b'1'),
	(1752, 47, 429, b'1'),
	(1753, 47, 430, b'1'),
	(1754, 47, 431, b'1'),
	(1755, 47, 432, b'1'),
	(1756, 47, 433, b'1'),
	(1757, 47, 434, b'1'),
	(1758, 47, 435, b'1'),
	(1759, 47, 436, b'1'),
	(1760, 47, 437, b'1'),
	(1761, 47, 438, b'1'),
	(1762, 47, 439, b'1'),
	(1763, 47, 440, b'1'),
	(1764, 47, 441, b'1'),
	(1765, 47, 442, b'1'),
	(1766, 47, 443, b'1'),
	(1767, 47, 444, b'1'),
	(1768, 47, 445, b'1'),
	(1769, 47, 446, b'1'),
	(1770, 47, 447, b'1'),
	(1771, 47, 448, b'1'),
	(1772, 47, 449, b'1'),
	(1773, 47, 450, b'1'),
	(1774, 47, 451, b'1'),
	(1775, 47, 452, b'1'),
	(1776, 47, 453, b'1'),
	(1777, 47, 454, b'1'),
	(1778, 47, 455, b'1'),
	(1779, 47, 456, b'1'),
	(1780, 47, 457, b'1'),
	(1781, 47, 458, b'1'),
	(1782, 47, 459, b'1'),
	(1783, 47, 460, b'1'),
	(1784, 24, 2463, b'1'),
	(1785, 24, 2435, b'1'),
	(1786, 24, 2436, b'1'),
	(1787, 47, 464, b'1'),
	(1788, 47, 465, b'1'),
	(1789, 47, 466, b'1'),
	(1790, 47, 467, b'1'),
	(1791, 47, 468, b'1'),
	(1792, 47, 469, b'1'),
	(1793, 47, 470, b'1'),
	(1794, 47, 471, b'1'),
	(1795, 47, 472, b'1'),
	(1796, 47, 473, b'1'),
	(1807, 47, 484, b'1'),
	(1808, 47, 485, b'1'),
	(1809, 47, 486, b'1'),
	(1810, 47, 487, b'1'),
	(1811, 47, 488, b'1'),
	(1812, 47, 489, b'1'),
	(1813, 47, 490, b'1'),
	(1814, 47, 491, b'1'),
	(1815, 47, 492, b'1'),
	(1816, 47, 493, b'1'),
	(1817, 47, 494, b'1'),
	(1818, 47, 495, b'1'),
	(1819, 47, 496, b'1'),
	(1820, 20, 2433, b'1'),
	(1821, 20, 2432, b'1'),
	(1822, 47, 499, b'1'),
	(1823, 47, 500, b'1'),
	(1824, 47, 501, b'1'),
	(1825, 47, 502, b'1'),
	(1826, 47, 503, b'1'),
	(1827, 47, 504, b'1'),
	(1828, 47, 505, b'1'),
	(1829, 47, 506, b'1'),
	(1830, 47, 507, b'1'),
	(1831, 47, 508, b'1'),
	(1832, 47, 509, b'1'),
	(1833, 47, 510, b'1'),
	(1834, 36, 2434, b'1'),
	(1835, 47, 512, b'1'),
	(1836, 47, 513, b'1'),
	(1837, 47, 514, b'1'),
	(1838, 47, 515, b'1'),
	(1839, 47, 516, b'1'),
	(1840, 47, 517, b'1'),
	(1841, 47, 518, b'1'),
	(1842, 47, 519, b'1'),
	(1843, 47, 520, b'1'),
	(1844, 47, 521, b'1'),
	(1845, 47, 522, b'1'),
	(2107, 47, 784, b'1'),
	(2108, 47, 785, b'1'),
	(2109, 47, 786, b'1'),
	(2110, 47, 787, b'1'),
	(2111, 47, 788, b'1'),
	(2112, 47, 789, b'1'),
	(2113, 47, 790, b'1'),
	(2114, 47, 791, b'1'),
	(2115, 47, 792, b'1'),
	(2116, 47, 793, b'1'),
	(2117, 47, 794, b'1'),
	(2118, 47, 795, b'1'),
	(2119, 47, 796, b'1'),
	(2120, 47, 797, b'1'),
	(2121, 47, 798, b'1'),
	(2122, 47, 799, b'1'),
	(2123, 47, 800, b'1'),
	(2124, 47, 801, b'1'),
	(2125, 47, 802, b'1'),
	(2126, 47, 803, b'1'),
	(2127, 47, 804, b'1'),
	(2128, 47, 805, b'1'),
	(2129, 47, 806, b'1'),
	(2130, 47, 807, b'1'),
	(2131, 47, 808, b'1'),
	(2132, 47, 809, b'1'),
	(2133, 47, 810, b'1'),
	(2134, 47, 811, b'1'),
	(2135, 47, 812, b'1'),
	(2136, 47, 813, b'1'),
	(2137, 47, 814, b'1'),
	(2138, 47, 815, b'1'),
	(2139, 47, 816, b'1'),
	(2140, 47, 817, b'1'),
	(2141, 47, 818, b'1'),
	(2145, 47, 822, b'1'),
	(2146, 47, 823, b'1'),
	(2147, 47, 824, b'1'),
	(2148, 47, 825, b'1'),
	(2149, 47, 826, b'1'),
	(2150, 47, 827, b'1'),
	(2151, 47, 828, b'1'),
	(2152, 47, 829, b'1'),
	(2153, 47, 830, b'1'),
	(2154, 47, 831, b'1'),
	(2155, 47, 832, b'1'),
	(2156, 47, 833, b'1'),
	(2157, 47, 834, b'1'),
	(2158, 47, 835, b'1'),
	(2159, 47, 836, b'1'),
	(2160, 47, 837, b'1'),
	(2161, 47, 838, b'1'),
	(2162, 47, 839, b'1'),
	(2163, 47, 840, b'1'),
	(2164, 47, 841, b'1'),
	(2165, 47, 842, b'1'),
	(2166, 47, 843, b'1'),
	(2167, 47, 844, b'1'),
	(2168, 47, 845, b'1'),
	(2169, 47, 846, b'1'),
	(2170, 47, 847, b'1'),
	(2171, 47, 848, b'1'),
	(2172, 47, 849, b'1'),
	(2173, 47, 850, b'1'),
	(2174, 47, 851, b'1'),
	(2175, 47, 852, b'1'),
	(2176, 47, 853, b'1'),
	(2177, 47, 854, b'1'),
	(2178, 47, 855, b'1'),
	(2179, 47, 856, b'1'),
	(2180, 47, 857, b'1'),
	(2181, 47, 858, b'1'),
	(2202, 47, 879, b'1'),
	(2203, 47, 880, b'1'),
	(2204, 47, 881, b'1'),
	(2205, 47, 882, b'1'),
	(2206, 47, 883, b'1'),
	(2207, 47, 884, b'1'),
	(2208, 47, 885, b'1'),
	(2209, 47, 886, b'1'),
	(2210, 47, 887, b'1'),
	(2211, 47, 888, b'1'),
	(2212, 47, 889, b'1'),
	(2213, 47, 890, b'1'),
	(2214, 47, 891, b'1'),
	(2215, 47, 892, b'1'),
	(2216, 47, 893, b'1'),
	(2217, 47, 894, b'1'),
	(2218, 47, 895, b'1'),
	(2219, 47, 896, b'1'),
	(2220, 47, 897, b'1'),
	(2221, 47, 898, b'1'),
	(2222, 47, 899, b'1'),
	(2223, 47, 900, b'1'),
	(2224, 47, 901, b'1'),
	(2225, 47, 902, b'1'),
	(2226, 47, 903, b'1'),
	(2227, 47, 904, b'1'),
	(2228, 47, 905, b'1'),
	(2229, 47, 906, b'1'),
	(2230, 47, 907, b'1'),
	(2231, 47, 908, b'1'),
	(2232, 47, 909, b'1'),
	(2233, 47, 910, b'1'),
	(2234, 47, 911, b'1'),
	(2235, 47, 912, b'1'),
	(2237, 47, 914, b'1'),
	(2238, 47, 915, b'1'),
	(2239, 47, 916, b'1'),
	(2240, 47, 917, b'1'),
	(2241, 47, 918, b'1'),
	(2242, 47, 919, b'1'),
	(2243, 47, 920, b'1'),
	(2244, 47, 921, b'1'),
	(2245, 47, 922, b'1'),
	(2246, 47, 923, b'1'),
	(2247, 47, 924, b'1'),
	(2248, 47, 925, b'1'),
	(2249, 47, 926, b'1'),
	(2250, 47, 927, b'1'),
	(2251, 47, 928, b'1'),
	(2252, 47, 929, b'1'),
	(2253, 47, 930, b'1'),
	(2254, 47, 931, b'1'),
	(2255, 47, 932, b'1'),
	(2256, 47, 933, b'1'),
	(2257, 47, 934, b'1'),
	(2258, 47, 935, b'1'),
	(2259, 47, 936, b'1'),
	(2260, 47, 937, b'1'),
	(2261, 47, 938, b'1'),
	(2262, 47, 939, b'1'),
	(2263, 47, 940, b'1'),
	(2264, 47, 941, b'1'),
	(2265, 47, 942, b'1'),
	(2266, 47, 943, b'1'),
	(2267, 47, 944, b'1'),
	(2268, 47, 945, b'1'),
	(2269, 47, 946, b'1'),
	(2270, 47, 947, b'1'),
	(2271, 47, 948, b'1'),
	(2272, 47, 949, b'1'),
	(2273, 47, 950, b'1'),
	(2274, 47, 951, b'1'),
	(2275, 47, 952, b'1'),
	(2276, 47, 953, b'1'),
	(2277, 47, 954, b'1'),
	(2278, 47, 955, b'1'),
	(2279, 47, 956, b'1'),
	(2280, 47, 957, b'1'),
	(2281, 47, 958, b'1'),
	(2282, 47, 959, b'1'),
	(2283, 47, 960, b'1'),
	(2284, 47, 961, b'1'),
	(2285, 47, 962, b'1'),
	(2286, 47, 963, b'1'),
	(2287, 47, 964, b'1'),
	(2288, 47, 965, b'1'),
	(2289, 47, 966, b'1'),
	(2290, 47, 967, b'1'),
	(2291, 47, 968, b'1'),
	(2292, 47, 969, b'1'),
	(2293, 47, 970, b'1'),
	(2294, 47, 971, b'1'),
	(2295, 47, 972, b'1'),
	(2296, 47, 973, b'1'),
	(2297, 47, 974, b'1'),
	(2298, 47, 975, b'1'),
	(2299, 47, 976, b'1'),
	(2300, 47, 977, b'1'),
	(2301, 47, 978, b'1'),
	(2302, 47, 979, b'1'),
	(2303, 47, 980, b'1'),
	(2304, 47, 981, b'1'),
	(2305, 47, 982, b'1'),
	(2306, 47, 983, b'1'),
	(2307, 47, 984, b'1'),
	(2308, 47, 985, b'1'),
	(2309, 47, 986, b'1'),
	(2310, 47, 987, b'1'),
	(2311, 47, 988, b'1'),
	(2312, 47, 989, b'1'),
	(2313, 47, 990, b'1'),
	(2314, 47, 991, b'1'),
	(2315, 47, 992, b'1'),
	(2316, 47, 993, b'1'),
	(2317, 47, 994, b'1'),
	(2318, 47, 995, b'1'),
	(2319, 47, 996, b'1'),
	(2320, 47, 997, b'1'),
	(2321, 47, 998, b'1'),
	(2322, 47, 999, b'1'),
	(2323, 47, 1000, b'1'),
	(2324, 47, 1001, b'1'),
	(2325, 47, 1002, b'1'),
	(2326, 47, 1003, b'1'),
	(2327, 47, 1004, b'1'),
	(2328, 47, 1005, b'1'),
	(2329, 47, 1006, b'1'),
	(2330, 47, 1007, b'1'),
	(2331, 47, 1008, b'1'),
	(2332, 47, 1009, b'1'),
	(2333, 47, 1010, b'1'),
	(2334, 47, 1011, b'1'),
	(2335, 47, 1012, b'1'),
	(2336, 47, 1013, b'1'),
	(2337, 47, 1014, b'1'),
	(2338, 47, 1015, b'1'),
	(2339, 47, 1016, b'1'),
	(2340, 47, 1017, b'1'),
	(2341, 47, 1018, b'1'),
	(2342, 47, 1019, b'1'),
	(2343, 47, 1020, b'1'),
	(2344, 47, 1021, b'1'),
	(2345, 47, 1022, b'1'),
	(2346, 47, 1023, b'1'),
	(2347, 47, 1024, b'1'),
	(2348, 47, 1025, b'1'),
	(2349, 47, 1026, b'1'),
	(2350, 47, 1027, b'1'),
	(2351, 47, 1028, b'1'),
	(2352, 47, 1029, b'1'),
	(2353, 47, 1030, b'1'),
	(2354, 47, 1031, b'1'),
	(2355, 47, 1032, b'1'),
	(2356, 47, 1033, b'1'),
	(2357, 47, 1034, b'1'),
	(2358, 47, 1035, b'1'),
	(2359, 47, 1036, b'1'),
	(2360, 47, 1037, b'1'),
	(2361, 47, 1038, b'1'),
	(2362, 47, 1039, b'1'),
	(2363, 47, 1040, b'1'),
	(2364, 47, 1041, b'1'),
	(2365, 47, 1042, b'1'),
	(2366, 47, 1043, b'1'),
	(2368, 47, 1045, b'1'),
	(2369, 47, 1046, b'1'),
	(2370, 47, 1047, b'1'),
	(2371, 47, 1048, b'1'),
	(2372, 47, 1049, b'1'),
	(2373, 47, 1050, b'1'),
	(2374, 47, 1051, b'1'),
	(2375, 47, 1052, b'1'),
	(2376, 47, 1053, b'1'),
	(2377, 47, 1054, b'1'),
	(2378, 47, 1055, b'1'),
	(2379, 47, 1056, b'1'),
	(2380, 47, 1057, b'1'),
	(2381, 47, 1058, b'1'),
	(2382, 47, 1059, b'1'),
	(2383, 47, 1060, b'1'),
	(2384, 47, 1061, b'1'),
	(2385, 47, 1062, b'1'),
	(2386, 47, 1063, b'1'),
	(2387, 47, 1064, b'1'),
	(2388, 47, 1065, b'1'),
	(2389, 47, 1066, b'1'),
	(2390, 47, 1067, b'1'),
	(2391, 47, 1068, b'1'),
	(2392, 47, 1069, b'1'),
	(2393, 47, 1070, b'1'),
	(2394, 47, 1071, b'1'),
	(2395, 47, 1072, b'1'),
	(2396, 47, 1073, b'1'),
	(2397, 47, 1074, b'1'),
	(2398, 47, 1075, b'1'),
	(2399, 47, 1076, b'1'),
	(2400, 47, 1077, b'1'),
	(2401, 47, 1078, b'1'),
	(2402, 47, 1079, b'1'),
	(2403, 47, 1080, b'1'),
	(2404, 47, 1081, b'1'),
	(2405, 47, 1082, b'1'),
	(2406, 47, 1083, b'1'),
	(2407, 47, 1084, b'1'),
	(2410, 47, 1087, b'1'),
	(2411, 47, 1088, b'1'),
	(2412, 47, 1089, b'1'),
	(2413, 47, 1090, b'1'),
	(2414, 47, 1091, b'1'),
	(2415, 47, 1092, b'1'),
	(2416, 47, 1093, b'1'),
	(2417, 47, 1094, b'1'),
	(2418, 47, 1095, b'1'),
	(2419, 47, 1096, b'1'),
	(2420, 47, 1097, b'1'),
	(2421, 47, 1098, b'1'),
	(2422, 47, 1099, b'1'),
	(2423, 47, 1100, b'1'),
	(2424, 47, 1101, b'1'),
	(2425, 47, 1102, b'1'),
	(2426, 47, 1103, b'1'),
	(2427, 47, 1104, b'1'),
	(2428, 47, 1105, b'1'),
	(2429, 47, 1106, b'1'),
	(2430, 47, 1107, b'1'),
	(2431, 47, 1108, b'1'),
	(2432, 47, 1109, b'1'),
	(2433, 47, 1110, b'1'),
	(2434, 47, 1111, b'1'),
	(2435, 47, 1112, b'1'),
	(2436, 47, 1113, b'1'),
	(2437, 47, 1114, b'1'),
	(2438, 47, 1115, b'1'),
	(2439, 47, 1116, b'1'),
	(2440, 47, 1117, b'1'),
	(2441, 47, 1118, b'1'),
	(2442, 47, 1119, b'1'),
	(2443, 47, 1120, b'1'),
	(2444, 47, 1121, b'1'),
	(2445, 47, 1122, b'1'),
	(2446, 47, 1123, b'1'),
	(2447, 47, 1124, b'1'),
	(2448, 47, 1125, b'1'),
	(2449, 47, 1126, b'1'),
	(2450, 47, 1127, b'1'),
	(2451, 47, 1128, b'1'),
	(2452, 47, 1129, b'1'),
	(2453, 47, 1130, b'1'),
	(2454, 47, 1131, b'1'),
	(2455, 47, 1132, b'1'),
	(2456, 47, 1133, b'1'),
	(2457, 47, 1134, b'1'),
	(2458, 47, 1135, b'1'),
	(2459, 47, 1136, b'1'),
	(2460, 47, 1137, b'1'),
	(2461, 47, 1138, b'1'),
	(2462, 47, 1139, b'1'),
	(2463, 47, 1140, b'1'),
	(2464, 47, 1141, b'1'),
	(2465, 47, 1142, b'1'),
	(2466, 47, 1143, b'1'),
	(2467, 47, 1144, b'1'),
	(2468, 47, 1145, b'1'),
	(2469, 47, 1146, b'1'),
	(2470, 47, 1147, b'1'),
	(2471, 47, 1148, b'1'),
	(2472, 47, 1149, b'1'),
	(2473, 47, 1150, b'1'),
	(2474, 47, 1151, b'1'),
	(2475, 47, 1152, b'1'),
	(2476, 47, 1153, b'1'),
	(2477, 47, 1154, b'1'),
	(2478, 47, 1155, b'1'),
	(2479, 47, 1156, b'1'),
	(2480, 47, 1157, b'1'),
	(2481, 47, 1158, b'1'),
	(2482, 47, 1159, b'1'),
	(2483, 47, 1160, b'1'),
	(2484, 47, 1161, b'1'),
	(2485, 47, 1162, b'1'),
	(2486, 47, 1163, b'1'),
	(2487, 47, 1164, b'1'),
	(2488, 47, 1165, b'1'),
	(2489, 47, 1166, b'1'),
	(2490, 47, 1167, b'1'),
	(2491, 47, 1168, b'1'),
	(2492, 47, 1169, b'1'),
	(2493, 47, 1170, b'1'),
	(2494, 47, 1171, b'1'),
	(2495, 47, 1172, b'1'),
	(2496, 47, 1173, b'1'),
	(2497, 47, 1174, b'1'),
	(2498, 47, 1175, b'1'),
	(2499, 47, 1176, b'1'),
	(2500, 47, 1177, b'1'),
	(2501, 47, 1178, b'1'),
	(2502, 47, 1179, b'1'),
	(2503, 47, 1180, b'1'),
	(2504, 47, 1181, b'1'),
	(2505, 47, 1182, b'1'),
	(2506, 47, 1183, b'1'),
	(2507, 47, 1184, b'1'),
	(2508, 47, 1185, b'1'),
	(2509, 47, 1186, b'1'),
	(2510, 47, 1187, b'1'),
	(2511, 47, 1188, b'1'),
	(2512, 47, 1189, b'1'),
	(2513, 47, 1190, b'1'),
	(2514, 47, 1191, b'1'),
	(2515, 47, 1192, b'1'),
	(2516, 47, 1193, b'1'),
	(2517, 47, 1194, b'1'),
	(2518, 47, 1195, b'1'),
	(2519, 47, 1196, b'1'),
	(2520, 47, 1197, b'1'),
	(2521, 47, 1198, b'1'),
	(2522, 47, 1199, b'1'),
	(2523, 47, 1200, b'1'),
	(2524, 47, 1201, b'1'),
	(2525, 47, 1202, b'1'),
	(2526, 47, 1203, b'1'),
	(2527, 47, 1204, b'1'),
	(2528, 47, 1205, b'1'),
	(2529, 47, 1206, b'1'),
	(2530, 47, 1207, b'1'),
	(2531, 47, 1208, b'1'),
	(2532, 47, 1209, b'1'),
	(2533, 47, 1210, b'1'),
	(2534, 47, 1211, b'1'),
	(2535, 47, 1212, b'1'),
	(2536, 47, 1213, b'1'),
	(2537, 47, 1214, b'1'),
	(2538, 47, 1215, b'1'),
	(2539, 47, 1216, b'1'),
	(2540, 47, 1217, b'1'),
	(2541, 47, 1218, b'1'),
	(2542, 47, 1219, b'1'),
	(2543, 47, 1220, b'1'),
	(2544, 47, 1221, b'1'),
	(2545, 47, 1222, b'1'),
	(2546, 47, 1223, b'1'),
	(2547, 47, 1224, b'1'),
	(2548, 47, 1225, b'1'),
	(2549, 47, 1226, b'1'),
	(2550, 47, 1227, b'1'),
	(2551, 47, 1228, b'1'),
	(2552, 47, 1229, b'1'),
	(2553, 47, 1230, b'1'),
	(2554, 47, 1231, b'1'),
	(2555, 47, 1232, b'1'),
	(2556, 47, 1233, b'1'),
	(2557, 47, 1234, b'1'),
	(2558, 47, 1235, b'1'),
	(2559, 47, 1236, b'1'),
	(2560, 47, 1237, b'1'),
	(2561, 47, 1238, b'1'),
	(2562, 47, 1239, b'1'),
	(2563, 47, 1240, b'1'),
	(2564, 47, 1241, b'1'),
	(2565, 47, 1242, b'1'),
	(2566, 47, 1243, b'1'),
	(2567, 47, 1244, b'1'),
	(2568, 47, 1245, b'1'),
	(2569, 47, 1246, b'1'),
	(2570, 47, 1247, b'1'),
	(2571, 47, 1248, b'1'),
	(2572, 47, 1249, b'1'),
	(2573, 47, 1250, b'1'),
	(2574, 47, 1251, b'1'),
	(2575, 47, 1252, b'1'),
	(2576, 47, 1253, b'1'),
	(2577, 47, 1254, b'1'),
	(2578, 47, 1255, b'1'),
	(2579, 47, 1256, b'1'),
	(2580, 47, 1257, b'1'),
	(2581, 47, 1258, b'1'),
	(2582, 47, 1259, b'1'),
	(2583, 47, 1260, b'1'),
	(2584, 47, 1261, b'1'),
	(2585, 47, 1262, b'1'),
	(2586, 47, 1263, b'1'),
	(2587, 47, 1264, b'1'),
	(2588, 47, 1265, b'1'),
	(2589, 47, 1266, b'1'),
	(2590, 47, 1267, b'1'),
	(2591, 47, 1268, b'1'),
	(2592, 47, 1269, b'1'),
	(2593, 47, 1270, b'1'),
	(2594, 47, 1271, b'1'),
	(2595, 47, 1272, b'1'),
	(2596, 47, 1273, b'1'),
	(2597, 47, 1274, b'1'),
	(2598, 47, 1275, b'1'),
	(2599, 47, 1276, b'1'),
	(2600, 47, 1277, b'1'),
	(2601, 47, 1278, b'1'),
	(2602, 47, 1279, b'1'),
	(2603, 47, 1280, b'1'),
	(2604, 47, 1281, b'1'),
	(2605, 47, 1282, b'1'),
	(2606, 47, 1283, b'1'),
	(2607, 47, 1284, b'1'),
	(2608, 47, 1285, b'1'),
	(2609, 47, 1286, b'1'),
	(2610, 47, 1287, b'1'),
	(2611, 47, 1288, b'1'),
	(2612, 47, 1289, b'1'),
	(2613, 47, 1290, b'1'),
	(2614, 47, 1291, b'1'),
	(2615, 47, 1292, b'1'),
	(2616, 47, 1293, b'1'),
	(2617, 47, 1294, b'1'),
	(2618, 47, 1295, b'1'),
	(2619, 47, 1296, b'1'),
	(2620, 47, 1297, b'1'),
	(2621, 47, 1298, b'1'),
	(2622, 47, 1299, b'1'),
	(2623, 47, 1300, b'1'),
	(2624, 47, 1301, b'1'),
	(2625, 47, 1302, b'1'),
	(2626, 47, 1303, b'1'),
	(2627, 47, 1304, b'1'),
	(2628, 47, 1305, b'1'),
	(2629, 11, 1306, b'1'),
	(2630, 11, 1307, b'1'),
	(2631, 11, 1308, b'1'),
	(2632, 11, 1309, b'1'),
	(2633, 11, 1310, b'1'),
	(2634, 11, 1311, b'1'),
	(2635, 11, 1312, b'1'),
	(2636, 11, 1313, b'1'),
	(2637, 11, 1314, b'1'),
	(2638, 11, 1315, b'1'),
	(2639, 11, 1316, b'1'),
	(2640, 11, 1317, b'1'),
	(2641, 11, 1318, b'1'),
	(2642, 11, 1319, b'1'),
	(2643, 11, 1320, b'1'),
	(2644, 11, 1321, b'1'),
	(2645, 11, 1322, b'1'),
	(2646, 11, 1323, b'1'),
	(2647, 11, 1324, b'1'),
	(2648, 11, 1325, b'1'),
	(2649, 11, 1326, b'1'),
	(2650, 11, 1327, b'1'),
	(2651, 11, 1328, b'1'),
	(2652, 11, 1329, b'1'),
	(2653, 11, 1330, b'1'),
	(2654, 11, 1331, b'1'),
	(2655, 11, 1332, b'1'),
	(2656, 11, 1333, b'1'),
	(2657, 11, 1334, b'1'),
	(2658, 11, 1335, b'1'),
	(2659, 11, 1336, b'1'),
	(2660, 11, 1337, b'1'),
	(2661, 11, 1338, b'1'),
	(2662, 11, 1339, b'1'),
	(2663, 11, 1340, b'1'),
	(2664, 11, 1341, b'1'),
	(2665, 11, 1342, b'1'),
	(2666, 11, 1343, b'1'),
	(2667, 11, 1344, b'1'),
	(2668, 11, 1345, b'1'),
	(2669, 11, 1346, b'1'),
	(2670, 11, 1347, b'1'),
	(2671, 11, 1348, b'1'),
	(2672, 11, 1349, b'1'),
	(2673, 11, 1350, b'1'),
	(2674, 11, 1351, b'1'),
	(2675, 11, 1352, b'1'),
	(2676, 11, 1353, b'1'),
	(2677, 11, 1354, b'1'),
	(2678, 11, 1355, b'1'),
	(2679, 11, 1356, b'1'),
	(2680, 11, 1357, b'1'),
	(2681, 11, 1358, b'1'),
	(2682, 11, 1359, b'1'),
	(2683, 11, 1360, b'1'),
	(2684, 11, 1361, b'1'),
	(2685, 11, 1362, b'1'),
	(2686, 11, 1363, b'1'),
	(2687, 11, 1364, b'1'),
	(2688, 11, 1365, b'1'),
	(2689, 11, 1366, b'1'),
	(2690, 11, 1367, b'1'),
	(2691, 11, 1368, b'1'),
	(2692, 11, 1369, b'1'),
	(2693, 11, 1370, b'1'),
	(2694, 11, 1371, b'1'),
	(2695, 11, 1372, b'1'),
	(2696, 11, 1373, b'1'),
	(2697, 11, 1374, b'1'),
	(2698, 11, 1375, b'1'),
	(2699, 11, 1376, b'1'),
	(2700, 11, 1377, b'1'),
	(2701, 11, 1378, b'1'),
	(2702, 11, 1379, b'1'),
	(2703, 11, 1380, b'1'),
	(2704, 11, 1381, b'1'),
	(2705, 11, 1382, b'1'),
	(2706, 11, 1383, b'1'),
	(2707, 11, 1384, b'1'),
	(2708, 11, 1385, b'1'),
	(2709, 46, 2558, b'1'),
	(2710, 11, 1387, b'1'),
	(2711, 11, 1388, b'1'),
	(2712, 11, 1389, b'1'),
	(2713, 11, 1390, b'1'),
	(2714, 11, 1391, b'1'),
	(2715, 11, 1392, b'1'),
	(2716, 11, 1393, b'1'),
	(2717, 11, 1394, b'1'),
	(2718, 11, 1395, b'1'),
	(2719, 11, 1396, b'1'),
	(2720, 11, 1397, b'1'),
	(2721, 11, 1398, b'1'),
	(2722, 11, 1399, b'1'),
	(2723, 11, 1400, b'1'),
	(2724, 11, 1401, b'1'),
	(2725, 11, 1402, b'1'),
	(2726, 11, 1403, b'1'),
	(2727, 11, 1404, b'1'),
	(2728, 11, 1405, b'1'),
	(2729, 11, 1406, b'1'),
	(2730, 11, 1407, b'1'),
	(2731, 11, 1408, b'1'),
	(2732, 11, 1409, b'1'),
	(2733, 11, 1410, b'1'),
	(2734, 11, 1411, b'1'),
	(2735, 11, 1412, b'1'),
	(2736, 11, 1413, b'1'),
	(2737, 11, 1414, b'1'),
	(2738, 11, 1415, b'1'),
	(2739, 11, 1416, b'1'),
	(2740, 11, 1417, b'1'),
	(2741, 11, 1418, b'1'),
	(2742, 11, 1419, b'1'),
	(2743, 11, 1420, b'1'),
	(2744, 11, 1421, b'1'),
	(2745, 11, 1422, b'1'),
	(2746, 11, 1423, b'1'),
	(2747, 11, 1424, b'1'),
	(2748, 11, 1425, b'1'),
	(2749, 11, 1426, b'1'),
	(2750, 11, 1427, b'1'),
	(2751, 11, 1428, b'1'),
	(2752, 11, 1429, b'1'),
	(2753, 11, 1430, b'1'),
	(2754, 11, 1431, b'1'),
	(2755, 11, 1432, b'1'),
	(2756, 11, 1433, b'1'),
	(2757, 11, 1434, b'1'),
	(2758, 11, 1435, b'1'),
	(2759, 11, 1436, b'1'),
	(2760, 11, 1437, b'1'),
	(2761, 11, 1438, b'1'),
	(2762, 11, 1439, b'1'),
	(2763, 11, 1440, b'1'),
	(2764, 11, 1441, b'1'),
	(2765, 11, 1442, b'1'),
	(2766, 11, 1443, b'1'),
	(2767, 11, 1444, b'1'),
	(2768, 11, 1445, b'1'),
	(2769, 11, 1446, b'1'),
	(2770, 11, 1447, b'1'),
	(2771, 11, 1448, b'1'),
	(2772, 11, 1449, b'1'),
	(2773, 11, 1450, b'1'),
	(2774, 11, 1451, b'1'),
	(2775, 11, 1452, b'1'),
	(2776, 11, 1453, b'1'),
	(2777, 11, 1454, b'1'),
	(2778, 11, 1455, b'1'),
	(2779, 11, 1456, b'1'),
	(2780, 11, 1457, b'1'),
	(2781, 11, 1458, b'1'),
	(2782, 11, 1459, b'1'),
	(2783, 11, 1460, b'1'),
	(2784, 11, 1461, b'1'),
	(2785, 11, 1462, b'1'),
	(2786, 11, 1463, b'1'),
	(2787, 11, 1464, b'1'),
	(2788, 11, 1465, b'1'),
	(2789, 11, 1466, b'1'),
	(2790, 11, 1467, b'1'),
	(2791, 11, 1468, b'1'),
	(2792, 11, 1469, b'1'),
	(2793, 11, 1470, b'1'),
	(2794, 11, 1471, b'1'),
	(2795, 11, 1472, b'1'),
	(2796, 11, 1473, b'1'),
	(2797, 11, 1474, b'1'),
	(2798, 11, 1475, b'1'),
	(2799, 11, 1476, b'1'),
	(2800, 11, 1477, b'1'),
	(2801, 11, 1478, b'1'),
	(2802, 11, 1479, b'1'),
	(2803, 11, 1480, b'1'),
	(2804, 11, 1481, b'1'),
	(2805, 11, 1482, b'1'),
	(2806, 11, 1483, b'1'),
	(2807, 11, 1484, b'1'),
	(2808, 11, 1485, b'1'),
	(2809, 11, 1486, b'1'),
	(2810, 11, 1487, b'1'),
	(2811, 11, 1488, b'1'),
	(2812, 11, 1489, b'1'),
	(2813, 11, 1490, b'1'),
	(2814, 11, 1491, b'1'),
	(2815, 11, 1492, b'1'),
	(2816, 11, 1493, b'1'),
	(2817, 11, 1494, b'1'),
	(2818, 11, 1495, b'1'),
	(2819, 11, 1496, b'1'),
	(2820, 11, 1497, b'1'),
	(2821, 11, 1498, b'1'),
	(2822, 11, 1499, b'1'),
	(2823, 11, 1500, b'1'),
	(2824, 11, 1501, b'1'),
	(2825, 11, 1502, b'1'),
	(2826, 11, 1503, b'1'),
	(2827, 11, 1504, b'1'),
	(2828, 11, 1505, b'1'),
	(2829, 11, 1506, b'1'),
	(2830, 11, 1507, b'1'),
	(2831, 11, 1508, b'1'),
	(2832, 11, 1509, b'1'),
	(2833, 11, 1510, b'1'),
	(2834, 11, 1511, b'1'),
	(2835, 11, 1512, b'1'),
	(2836, 11, 1513, b'1'),
	(2837, 11, 1514, b'1'),
	(2838, 11, 1515, b'1'),
	(2839, 11, 1516, b'1'),
	(2840, 11, 1517, b'1'),
	(2841, 11, 1518, b'1'),
	(2842, 11, 1519, b'1'),
	(2843, 11, 1520, b'1'),
	(2844, 11, 1521, b'1'),
	(2845, 11, 1522, b'1'),
	(2846, 11, 1523, b'1'),
	(2847, 11, 1524, b'1'),
	(2848, 11, 1525, b'1'),
	(2849, 11, 1526, b'1'),
	(2850, 11, 1527, b'1'),
	(2851, 11, 1528, b'1'),
	(2852, 11, 1529, b'1'),
	(2853, 11, 1530, b'1'),
	(2854, 11, 1531, b'1'),
	(2855, 11, 1532, b'1'),
	(2856, 11, 1533, b'1'),
	(2857, 11, 1534, b'1'),
	(2858, 11, 1535, b'1'),
	(2859, 11, 1536, b'1'),
	(2860, 11, 1537, b'1'),
	(2861, 11, 1538, b'1'),
	(2862, 11, 1539, b'1'),
	(2863, 11, 1540, b'1'),
	(2864, 11, 1541, b'1'),
	(2865, 11, 1542, b'1'),
	(2866, 11, 1543, b'1'),
	(2867, 11, 1544, b'1'),
	(2868, 11, 1545, b'1'),
	(2869, 11, 1546, b'1'),
	(2870, 11, 1547, b'1'),
	(2871, 11, 1548, b'1'),
	(2872, 11, 1549, b'1'),
	(2873, 11, 1550, b'1'),
	(2874, 11, 1551, b'1'),
	(2875, 11, 1552, b'1'),
	(2876, 11, 1553, b'1'),
	(2877, 11, 1554, b'1'),
	(2878, 11, 1555, b'1'),
	(2879, 11, 1556, b'1'),
	(2880, 11, 1557, b'1'),
	(2881, 11, 1558, b'1'),
	(2882, 11, 1559, b'1'),
	(2883, 11, 1560, b'1'),
	(2884, 11, 1561, b'1'),
	(2885, 11, 1562, b'1'),
	(2886, 11, 1563, b'1'),
	(2887, 11, 1564, b'1'),
	(2888, 11, 1565, b'1'),
	(2889, 11, 1566, b'1'),
	(2890, 7, 1567, b'1'),
	(2891, 7, 1568, b'1'),
	(2892, 7, 1569, b'1'),
	(2893, 7, 1570, b'1'),
	(2894, 7, 1571, b'1'),
	(2895, 7, 1572, b'1'),
	(2896, 7, 1573, b'1'),
	(2897, 7, 1574, b'1'),
	(2898, 7, 1575, b'1'),
	(2899, 7, 1576, b'1'),
	(2900, 7, 1577, b'1'),
	(2901, 7, 1578, b'1'),
	(2902, 7, 1579, b'1'),
	(2903, 7, 1580, b'1'),
	(2904, 7, 1581, b'1'),
	(2905, 7, 1582, b'1'),
	(2906, 7, 1583, b'1'),
	(2907, 7, 1584, b'1'),
	(2908, 7, 1585, b'1'),
	(2909, 7, 1586, b'1'),
	(2910, 7, 1587, b'1'),
	(2911, 7, 1588, b'1'),
	(2912, 7, 1589, b'1'),
	(2913, 7, 1590, b'1'),
	(2914, 7, 1591, b'1'),
	(2915, 7, 1592, b'1'),
	(2916, 7, 1593, b'1'),
	(2917, 7, 1594, b'1'),
	(2918, 7, 1595, b'1'),
	(2919, 7, 1596, b'1'),
	(2920, 7, 1597, b'1'),
	(2921, 7, 1598, b'1'),
	(2922, 7, 1599, b'1'),
	(2923, 7, 1600, b'1'),
	(2924, 7, 1601, b'1'),
	(2925, 7, 1602, b'1'),
	(2926, 7, 1603, b'1'),
	(2927, 7, 1604, b'1'),
	(2928, 7, 1605, b'1'),
	(2929, 7, 1606, b'1'),
	(2930, 7, 1607, b'1'),
	(2931, 7, 1608, b'1'),
	(2932, 7, 1609, b'1'),
	(2933, 7, 1610, b'1'),
	(2934, 7, 1611, b'1'),
	(2935, 7, 1612, b'1'),
	(2936, 7, 1613, b'1'),
	(2937, 7, 1614, b'1'),
	(2938, 7, 1615, b'1'),
	(2939, 7, 1616, b'1'),
	(2940, 7, 1617, b'1'),
	(2941, 7, 1618, b'1'),
	(2942, 7, 1619, b'1'),
	(2943, 7, 1620, b'1'),
	(2944, 7, 1621, b'1'),
	(2945, 7, 1622, b'1'),
	(2946, 7, 1623, b'1'),
	(2947, 7, 1624, b'1'),
	(2948, 7, 1625, b'1'),
	(2949, 7, 1626, b'1'),
	(2950, 7, 1627, b'1'),
	(2951, 7, 1628, b'1'),
	(2952, 7, 1629, b'1'),
	(2953, 7, 1630, b'1'),
	(2954, 7, 1631, b'1'),
	(2955, 7, 1632, b'1'),
	(2956, 7, 1633, b'1'),
	(2957, 7, 1634, b'1'),
	(2958, 7, 1635, b'1'),
	(2959, 7, 1636, b'1'),
	(2960, 7, 1637, b'1'),
	(2961, 7, 1638, b'1'),
	(2962, 7, 1639, b'1'),
	(2963, 7, 1640, b'1'),
	(2964, 7, 1641, b'1'),
	(2965, 7, 1642, b'1'),
	(2966, 7, 1643, b'1'),
	(2967, 7, 1644, b'1'),
	(2968, 7, 1645, b'1'),
	(2969, 7, 1646, b'1'),
	(2970, 7, 1647, b'1'),
	(2971, 7, 1648, b'1'),
	(2972, 7, 1649, b'1'),
	(2973, 7, 1650, b'1'),
	(2974, 7, 1651, b'1'),
	(2975, 7, 1652, b'1'),
	(2976, 7, 1653, b'1'),
	(2977, 7, 1654, b'1'),
	(2978, 7, 1655, b'1'),
	(2979, 7, 1656, b'1'),
	(2980, 7, 1657, b'1'),
	(2981, 7, 1658, b'1'),
	(2982, 7, 1659, b'1'),
	(2983, 7, 1660, b'1'),
	(2984, 7, 1661, b'1'),
	(2985, 7, 1662, b'1'),
	(2986, 7, 1663, b'1'),
	(2987, 7, 1664, b'1'),
	(2988, 7, 1665, b'1'),
	(2989, 7, 1666, b'1'),
	(2990, 7, 1667, b'1'),
	(2991, 7, 1668, b'1'),
	(2992, 7, 1669, b'1'),
	(2993, 7, 1670, b'1'),
	(2994, 39, 2046, b'1'),
	(2995, 7, 1672, b'1'),
	(2996, 7, 1673, b'1'),
	(2997, 7, 1674, b'1'),
	(2998, 7, 1675, b'1'),
	(2999, 7, 1676, b'1'),
	(3000, 7, 1677, b'1'),
	(3001, 7, 1678, b'1'),
	(3002, 7, 1679, b'1'),
	(3003, 7, 1680, b'1'),
	(3004, 7, 1681, b'1'),
	(3005, 7, 1682, b'1'),
	(3006, 7, 1683, b'1'),
	(3007, 7, 1684, b'1'),
	(3008, 7, 1685, b'1'),
	(3009, 7, 1686, b'1'),
	(3010, 7, 1687, b'1'),
	(3011, 7, 1688, b'1'),
	(3012, 7, 1689, b'1'),
	(3013, 7, 1690, b'1'),
	(3014, 7, 1691, b'1'),
	(3015, 7, 1692, b'1'),
	(3016, 7, 1693, b'1'),
	(3017, 7, 1694, b'1'),
	(3018, 7, 1695, b'1'),
	(3019, 7, 1696, b'1'),
	(3020, 7, 1697, b'1'),
	(3021, 7, 1698, b'1'),
	(3022, 7, 1699, b'1'),
	(3023, 7, 1700, b'1'),
	(3024, 7, 1701, b'1'),
	(3025, 7, 1702, b'1'),
	(3026, 7, 1703, b'1'),
	(3027, 7, 1704, b'1'),
	(3028, 7, 1705, b'1'),
	(3029, 7, 1706, b'1'),
	(3030, 7, 1707, b'1'),
	(3031, 7, 1708, b'1'),
	(3032, 7, 1709, b'1'),
	(3033, 7, 1710, b'1'),
	(3034, 7, 1711, b'1'),
	(3035, 7, 1712, b'1'),
	(3036, 7, 1713, b'1'),
	(3037, 7, 1714, b'1'),
	(3038, 7, 1715, b'1'),
	(3039, 7, 1716, b'1'),
	(3040, 7, 1717, b'1'),
	(3041, 7, 1718, b'1'),
	(3042, 7, 1719, b'1'),
	(3043, 7, 1720, b'1'),
	(3044, 7, 1721, b'1'),
	(3045, 7, 1722, b'1'),
	(3046, 7, 1723, b'1'),
	(3047, 7, 1724, b'1'),
	(3048, 7, 1725, b'1'),
	(3049, 7, 1726, b'1'),
	(3050, 7, 1727, b'1'),
	(3051, 7, 1728, b'1'),
	(3052, 7, 1729, b'1'),
	(3053, 7, 1730, b'1'),
	(3054, 7, 1731, b'1'),
	(3055, 7, 1732, b'1'),
	(3056, 7, 1733, b'1'),
	(3057, 7, 1734, b'1'),
	(3058, 7, 1735, b'1'),
	(3059, 7, 1736, b'1'),
	(3060, 7, 1737, b'1'),
	(3061, 7, 1738, b'1'),
	(3062, 7, 1739, b'1'),
	(3063, 7, 1740, b'1'),
	(3064, 7, 1741, b'1'),
	(3065, 7, 1742, b'1'),
	(3066, 7, 1743, b'1'),
	(3067, 7, 1744, b'1'),
	(3068, 7, 1745, b'1'),
	(3069, 7, 1746, b'1'),
	(3070, 7, 1747, b'1'),
	(3071, 7, 1748, b'1'),
	(3072, 7, 1749, b'1'),
	(3073, 7, 1750, b'1'),
	(3074, 7, 1751, b'1'),
	(3075, 7, 1752, b'1'),
	(3076, 7, 1753, b'1'),
	(3077, 7, 1754, b'1'),
	(3078, 7, 1755, b'1'),
	(3079, 7, 1756, b'1'),
	(3080, 7, 1757, b'1'),
	(3081, 7, 1758, b'1'),
	(3082, 7, 1759, b'1'),
	(3083, 7, 1760, b'1'),
	(3084, 7, 1761, b'1'),
	(3085, 7, 1762, b'1'),
	(3086, 7, 1763, b'1'),
	(3087, 7, 1764, b'1'),
	(3088, 7, 1765, b'1'),
	(3089, 7, 1766, b'1'),
	(3090, 7, 1767, b'1'),
	(3091, 7, 1768, b'1'),
	(3092, 7, 1769, b'1'),
	(3093, 7, 1770, b'1'),
	(3094, 7, 1771, b'1'),
	(3095, 7, 1772, b'1'),
	(3096, 7, 1773, b'1'),
	(3097, 7, 1774, b'1'),
	(3098, 7, 1775, b'1'),
	(3099, 7, 1776, b'1'),
	(3100, 7, 1777, b'1'),
	(3101, 7, 1778, b'1'),
	(3102, 7, 1779, b'1'),
	(3103, 7, 1780, b'1'),
	(3104, 7, 1781, b'1'),
	(3105, 7, 1782, b'1'),
	(3106, 7, 1783, b'1'),
	(3107, 7, 1784, b'1'),
	(3108, 7, 1785, b'1'),
	(3109, 7, 1786, b'1'),
	(3110, 7, 1787, b'1'),
	(3111, 7, 1788, b'1'),
	(3112, 7, 1789, b'1'),
	(3113, 7, 1790, b'1'),
	(3114, 7, 1791, b'1'),
	(3115, 7, 1792, b'1'),
	(3116, 7, 1793, b'1'),
	(3117, 7, 1794, b'1'),
	(3118, 7, 1795, b'1'),
	(3119, 7, 1796, b'1'),
	(3120, 7, 1797, b'1'),
	(3121, 7, 1798, b'1'),
	(3122, 7, 1799, b'1'),
	(3123, 7, 1800, b'1'),
	(3124, 7, 1801, b'1'),
	(3125, 7, 1802, b'1'),
	(3126, 7, 1803, b'1'),
	(3127, 7, 1804, b'1'),
	(3128, 7, 1805, b'1'),
	(3129, 7, 1806, b'1'),
	(3130, 7, 1807, b'1'),
	(3131, 7, 1808, b'1'),
	(3132, 7, 1809, b'1'),
	(3133, 7, 1810, b'1'),
	(3134, 7, 1811, b'1'),
	(3135, 7, 1812, b'1'),
	(3136, 7, 1813, b'1'),
	(3137, 7, 1814, b'1'),
	(3138, 7, 1815, b'1'),
	(3139, 7, 1816, b'1'),
	(3140, 7, 1817, b'1'),
	(3141, 7, 1818, b'1'),
	(3142, 7, 1819, b'1'),
	(3143, 7, 1820, b'1'),
	(3144, 46, 2047, b'1'),
	(3145, 7, 1822, b'1'),
	(3146, 7, 1823, b'1'),
	(3147, 7, 1824, b'1'),
	(3148, 7, 1825, b'1'),
	(3149, 7, 1826, b'1'),
	(3150, 7, 1827, b'1'),
	(3151, 20, 2045, b'1'),
	(3152, 7, 1829, b'1'),
	(3153, 7, 1830, b'1'),
	(3154, 7, 1831, b'1'),
	(3155, 7, 1832, b'1'),
	(3156, 7, 1833, b'1'),
	(3157, 7, 1834, b'1'),
	(3158, 7, 1835, b'1'),
	(3159, 7, 1836, b'1'),
	(3160, 7, 1837, b'1'),
	(3161, 7, 1838, b'1'),
	(3162, 7, 1839, b'1'),
	(3163, 7, 1840, b'1'),
	(3164, 7, 1841, b'1'),
	(3165, 7, 1842, b'1'),
	(3166, 7, 1843, b'1'),
	(3167, 7, 1844, b'1'),
	(3168, 7, 1845, b'1'),
	(3169, 7, 1846, b'1'),
	(3170, 7, 1847, b'1'),
	(3171, 7, 1848, b'1'),
	(3172, 7, 1849, b'1'),
	(3173, 7, 1850, b'1'),
	(3174, 7, 1851, b'1'),
	(3175, 7, 1852, b'1'),
	(3176, 7, 1853, b'1'),
	(3177, 7, 1854, b'1'),
	(3178, 7, 1855, b'1'),
	(3179, 7, 1856, b'1'),
	(3180, 7, 1857, b'1'),
	(3181, 7, 1858, b'1'),
	(3182, 7, 1859, b'1'),
	(3183, 7, 1860, b'1'),
	(3184, 7, 1861, b'1'),
	(3185, 7, 1862, b'1'),
	(3186, 7, 1863, b'1'),
	(3187, 7, 1864, b'1'),
	(3188, 7, 1865, b'1'),
	(3189, 7, 1866, b'1'),
	(3190, 7, 1867, b'1'),
	(3191, 7, 1868, b'1'),
	(3192, 7, 1869, b'1'),
	(3193, 7, 1870, b'1'),
	(3194, 7, 1871, b'1'),
	(3195, 7, 1872, b'1'),
	(3196, 7, 1873, b'1'),
	(3197, 7, 1874, b'1'),
	(3198, 7, 1875, b'1'),
	(3199, 7, 1876, b'1'),
	(3200, 7, 1877, b'1'),
	(3201, 7, 1878, b'1'),
	(3202, 7, 1879, b'1'),
	(3203, 7, 1880, b'1'),
	(3204, 7, 1881, b'1'),
	(3205, 7, 1882, b'1'),
	(3206, 7, 1883, b'1'),
	(3207, 7, 1884, b'1'),
	(3208, 7, 1885, b'1'),
	(3209, 7, 1886, b'1'),
	(3210, 7, 1887, b'1'),
	(3211, 7, 1888, b'1'),
	(3212, 7, 1889, b'1'),
	(3213, 7, 1890, b'1'),
	(3214, 7, 1891, b'1'),
	(3215, 7, 1892, b'1'),
	(3216, 7, 1893, b'1'),
	(3217, 7, 1894, b'1'),
	(3218, 7, 1895, b'1'),
	(3219, 7, 1896, b'1'),
	(3220, 7, 1897, b'1'),
	(3221, 7, 1898, b'1'),
	(3222, 7, 1899, b'1'),
	(3223, 7, 1900, b'1'),
	(3224, 7, 1901, b'1'),
	(3225, 7, 1902, b'1'),
	(3226, 7, 1903, b'1'),
	(3227, 7, 1904, b'1'),
	(3228, 7, 1905, b'1'),
	(3229, 7, 1906, b'1'),
	(3230, 7, 1907, b'1'),
	(3231, 7, 1908, b'1'),
	(3232, 7, 1909, b'1'),
	(3233, 7, 1910, b'1'),
	(3234, 7, 1911, b'1'),
	(3235, 7, 1912, b'1'),
	(3236, 7, 1913, b'1'),
	(3237, 7, 1914, b'1'),
	(3238, 7, 1915, b'1'),
	(3239, 7, 1916, b'1'),
	(3240, 7, 1917, b'1'),
	(3241, 7, 1918, b'1'),
	(3242, 7, 1919, b'1'),
	(3243, 7, 1920, b'1'),
	(3244, 7, 1921, b'1'),
	(3245, 7, 1922, b'1'),
	(3246, 7, 1923, b'1'),
	(3247, 7, 1924, b'1'),
	(3248, 7, 1925, b'1'),
	(3249, 7, 1926, b'1'),
	(3250, 7, 1927, b'1'),
	(3251, 7, 1928, b'1'),
	(3252, 7, 1929, b'1'),
	(3253, 7, 1930, b'1'),
	(3254, 7, 1931, b'1'),
	(3255, 7, 1932, b'1'),
	(3256, 7, 1933, b'1'),
	(3257, 7, 1934, b'1'),
	(3258, 7, 1935, b'1'),
	(3259, 7, 1936, b'1'),
	(3260, 7, 1937, b'1'),
	(3261, 7, 1938, b'1'),
	(3262, 7, 1939, b'1'),
	(3263, 7, 1940, b'1'),
	(3264, 7, 1941, b'1'),
	(3265, 7, 1942, b'1'),
	(3266, 7, 1943, b'1'),
	(3267, 7, 1944, b'1'),
	(3268, 7, 1945, b'1'),
	(3269, 7, 1946, b'1'),
	(3270, 7, 1947, b'1'),
	(3271, 7, 1948, b'1'),
	(3272, 7, 1949, b'1'),
	(3273, 7, 1950, b'1'),
	(3274, 7, 1951, b'1'),
	(3275, 7, 1952, b'1'),
	(3276, 7, 1953, b'1'),
	(3277, 7, 1954, b'1'),
	(3278, 7, 1955, b'1'),
	(3279, 7, 1956, b'1'),
	(3280, 7, 1957, b'1'),
	(3281, 7, 1958, b'1'),
	(3282, 7, 1959, b'1'),
	(3283, 7, 1960, b'1'),
	(3284, 7, 1961, b'1'),
	(3285, 7, 1962, b'1'),
	(3286, 7, 1963, b'1'),
	(3287, 7, 1964, b'1'),
	(3288, 7, 1965, b'1'),
	(3289, 7, 1966, b'1'),
	(3290, 7, 1967, b'1'),
	(3291, 7, 1968, b'1'),
	(3292, 7, 1969, b'1'),
	(3293, 7, 1970, b'1'),
	(3294, 7, 1971, b'1'),
	(3295, 7, 1972, b'1'),
	(3296, 7, 1973, b'1'),
	(3297, 7, 1974, b'1'),
	(3298, 7, 1975, b'1'),
	(3299, 7, 1976, b'1'),
	(3300, 7, 1977, b'1'),
	(3301, 7, 1978, b'1'),
	(3302, 7, 1979, b'1'),
	(3303, 7, 1980, b'1'),
	(3304, 7, 1981, b'1'),
	(3305, 7, 1982, b'1'),
	(3306, 7, 1983, b'1'),
	(3307, 7, 1984, b'1'),
	(3308, 7, 1985, b'1'),
	(3309, 7, 1986, b'1'),
	(3310, 7, 1987, b'1'),
	(3311, 7, 1988, b'1'),
	(3312, 7, 1989, b'1'),
	(3313, 7, 1990, b'1'),
	(3314, 7, 1991, b'1'),
	(3315, 7, 1992, b'1'),
	(3316, 7, 1993, b'1'),
	(3317, 7, 1994, b'1'),
	(3318, 7, 1995, b'1'),
	(3319, 7, 1996, b'1'),
	(3320, 7, 1997, b'1'),
	(3321, 7, 1998, b'1'),
	(3322, 7, 1999, b'1'),
	(3323, 7, 2000, b'1'),
	(3324, 7, 2001, b'1'),
	(3325, 7, 2002, b'1'),
	(3326, 7, 2003, b'1'),
	(3327, 7, 2004, b'1'),
	(3328, 7, 2005, b'1'),
	(3329, 7, 2006, b'1'),
	(3330, 7, 2007, b'1'),
	(3331, 7, 2008, b'1'),
	(3332, 7, 2009, b'1'),
	(3333, 7, 2010, b'1'),
	(3334, 7, 2011, b'1'),
	(3335, 7, 2012, b'1'),
	(3336, 7, 2013, b'1'),
	(3337, 7, 2014, b'1'),
	(3338, 7, 2015, b'1'),
	(3339, 7, 2016, b'1'),
	(3340, 7, 2017, b'1'),
	(3341, 7, 2018, b'1'),
	(3342, 7, 2019, b'1'),
	(3343, 7, 2020, b'1'),
	(3344, 7, 2021, b'1'),
	(3345, 7, 2022, b'1'),
	(3346, 7, 2023, b'1'),
	(3347, 7, 2024, b'1'),
	(3348, 7, 2025, b'1'),
	(3349, 7, 2026, b'1'),
	(3350, 7, 2027, b'1'),
	(3351, 7, 2028, b'1'),
	(3352, 7, 2029, b'1'),
	(3353, 7, 2030, b'1'),
	(3354, 7, 2031, b'1'),
	(3355, 7, 2032, b'1'),
	(3356, 7, 2033, b'1'),
	(3357, 7, 2034, b'1'),
	(3358, 7, 2035, b'1'),
	(3359, 7, 2036, b'1'),
	(3365, 24, 2042, b'1'),
	(3366, 24, 2043, b'1'),
	(3367, 7, 2048, b'1'),
	(3368, 7, 2049, b'1'),
	(3369, 7, 2050, b'1'),
	(3370, 7, 2051, b'1'),
	(3371, 7, 2052, b'1'),
	(3372, 7, 2053, b'1'),
	(3373, 7, 2054, b'1'),
	(3374, 7, 2055, b'1'),
	(3375, 7, 2056, b'1'),
	(3376, 7, 2057, b'1'),
	(3377, 7, 2058, b'1'),
	(3378, 7, 2059, b'1'),
	(3379, 7, 2060, b'1'),
	(3380, 7, 2061, b'1'),
	(3381, 7, 2062, b'1'),
	(3382, 7, 2063, b'1'),
	(3383, 7, 2064, b'1'),
	(3384, 7, 2065, b'1'),
	(3385, 7, 2066, b'1'),
	(3386, 7, 2067, b'1'),
	(3387, 7, 2068, b'1'),
	(3388, 7, 2069, b'1'),
	(3389, 7, 2070, b'1'),
	(3390, 7, 2071, b'1'),
	(3391, 7, 2072, b'1'),
	(3392, 7, 2073, b'1'),
	(3393, 7, 2074, b'1'),
	(3394, 7, 2075, b'1'),
	(3395, 7, 2076, b'1'),
	(3396, 7, 2077, b'1'),
	(3397, 7, 2078, b'1'),
	(3398, 7, 2079, b'1'),
	(3399, 7, 2080, b'1'),
	(3400, 7, 2081, b'1'),
	(3401, 7, 2082, b'1'),
	(3402, 7, 2083, b'1'),
	(3403, 25, 2309, b'1'),
	(3404, 7, 2085, b'1'),
	(3405, 7, 2086, b'1'),
	(3406, 7, 2087, b'1'),
	(3407, 7, 2088, b'1'),
	(3408, 7, 2089, b'1'),
	(3409, 7, 2090, b'1'),
	(3410, 7, 2091, b'1'),
	(3411, 7, 2092, b'1'),
	(3412, 7, 2093, b'1'),
	(3413, 7, 2094, b'1'),
	(3414, 7, 2095, b'1'),
	(3415, 7, 2096, b'1'),
	(3416, 7, 2097, b'1'),
	(3417, 7, 2098, b'1'),
	(3418, 7, 2099, b'1'),
	(3419, 7, 2100, b'1'),
	(3420, 7, 2101, b'1'),
	(3421, 7, 2102, b'1'),
	(3422, 7, 2103, b'1'),
	(3423, 7, 2104, b'1'),
	(3424, 7, 2105, b'1'),
	(3425, 7, 2106, b'1'),
	(3426, 7, 2107, b'1'),
	(3427, 7, 2108, b'1'),
	(3428, 7, 2109, b'1'),
	(3429, 7, 2110, b'1'),
	(3430, 7, 2111, b'1'),
	(3431, 7, 2112, b'1'),
	(3432, 7, 2113, b'1'),
	(3433, 7, 2114, b'1'),
	(3434, 7, 2115, b'1'),
	(3435, 7, 2116, b'1'),
	(3436, 7, 2117, b'1'),
	(3437, 7, 2118, b'1'),
	(3438, 7, 2119, b'1'),
	(3439, 7, 2120, b'1'),
	(3440, 7, 2121, b'1'),
	(3441, 7, 2122, b'1'),
	(3442, 7, 2123, b'1'),
	(3443, 7, 2124, b'1'),
	(3444, 7, 2125, b'1'),
	(3445, 7, 2126, b'1'),
	(3446, 7, 2127, b'1'),
	(3447, 7, 2128, b'1'),
	(3448, 7, 2129, b'1'),
	(3449, 7, 2130, b'1'),
	(3450, 7, 2131, b'1'),
	(3451, 7, 2132, b'1'),
	(3452, 7, 2133, b'1'),
	(3453, 7, 2134, b'1'),
	(3454, 7, 2135, b'1'),
	(3455, 7, 2136, b'1'),
	(3456, 7, 2137, b'1'),
	(3457, 7, 2138, b'1'),
	(3458, 7, 2139, b'1'),
	(3459, 7, 2140, b'1'),
	(3460, 7, 2141, b'1'),
	(3461, 7, 2142, b'1'),
	(3462, 7, 2143, b'1'),
	(3463, 7, 2144, b'1'),
	(3464, 7, 2145, b'1'),
	(3465, 7, 2146, b'1'),
	(3466, 7, 2147, b'1'),
	(3467, 7, 2148, b'1'),
	(3468, 7, 2149, b'1'),
	(3469, 7, 2150, b'1'),
	(3470, 7, 2151, b'1'),
	(3471, 7, 2152, b'1'),
	(3472, 7, 2153, b'1'),
	(3473, 7, 2154, b'1'),
	(3474, 7, 2155, b'1'),
	(3475, 7, 2156, b'1'),
	(3476, 7, 2157, b'1'),
	(3477, 7, 2158, b'1'),
	(3478, 7, 2159, b'1'),
	(3479, 7, 2160, b'1'),
	(3480, 7, 2161, b'1'),
	(3481, 7, 2162, b'1'),
	(3482, 7, 2163, b'1'),
	(3483, 7, 2164, b'1'),
	(3484, 7, 2165, b'1'),
	(3485, 7, 2166, b'1'),
	(3486, 7, 2167, b'1'),
	(3487, 7, 2168, b'1'),
	(3488, 7, 2169, b'1'),
	(3489, 7, 2170, b'1'),
	(3490, 7, 2171, b'1'),
	(3491, 7, 2172, b'1'),
	(3492, 7, 2173, b'1'),
	(3493, 7, 2174, b'1'),
	(3494, 7, 2175, b'1'),
	(3495, 7, 2176, b'1'),
	(3496, 7, 2177, b'1'),
	(3497, 7, 2178, b'1'),
	(3498, 7, 2179, b'1'),
	(3499, 7, 2180, b'1'),
	(3500, 7, 2181, b'1'),
	(3501, 7, 2182, b'1'),
	(3502, 7, 2183, b'1'),
	(3503, 7, 2184, b'1'),
	(3504, 7, 2185, b'1'),
	(3505, 7, 2186, b'1'),
	(3506, 7, 2187, b'1'),
	(3507, 7, 2188, b'1'),
	(3508, 7, 2189, b'1'),
	(3509, 7, 2190, b'1'),
	(3510, 7, 2191, b'1'),
	(3511, 7, 2192, b'1'),
	(3512, 7, 2193, b'1'),
	(3513, 7, 2194, b'1'),
	(3514, 7, 2195, b'1'),
	(3515, 7, 2196, b'1'),
	(3516, 7, 2197, b'1'),
	(3517, 7, 2198, b'1'),
	(3518, 7, 2199, b'1'),
	(3519, 7, 2200, b'1'),
	(3520, 7, 2201, b'1'),
	(3521, 7, 2202, b'1'),
	(3522, 7, 2203, b'1'),
	(3523, 7, 2204, b'1'),
	(3524, 7, 2205, b'1'),
	(3525, 7, 2206, b'1'),
	(3526, 7, 2207, b'1'),
	(3527, 7, 2208, b'1'),
	(3528, 7, 2209, b'1'),
	(3529, 7, 2210, b'1'),
	(3530, 7, 2211, b'1'),
	(3531, 7, 2212, b'1'),
	(3532, 7, 2213, b'1'),
	(3533, 7, 2214, b'1'),
	(3534, 7, 2215, b'1'),
	(3535, 7, 2216, b'1'),
	(3536, 7, 2217, b'1'),
	(3537, 7, 2218, b'1'),
	(3538, 7, 2219, b'1'),
	(3539, 7, 2220, b'1'),
	(3540, 7, 2221, b'1'),
	(3541, 7, 2222, b'1'),
	(3542, 7, 2223, b'1'),
	(3543, 7, 2224, b'1'),
	(3544, 7, 2225, b'1'),
	(3545, 7, 2226, b'1'),
	(3546, 7, 2227, b'1'),
	(3547, 7, 2228, b'1'),
	(3548, 7, 2229, b'1'),
	(3549, 7, 2230, b'1'),
	(3550, 7, 2231, b'1'),
	(3551, 7, 2232, b'1'),
	(3552, 7, 2233, b'1'),
	(3553, 7, 2234, b'1'),
	(3554, 7, 2235, b'1'),
	(3555, 7, 2236, b'1'),
	(3556, 7, 2237, b'1'),
	(3557, 7, 2238, b'1'),
	(3558, 7, 2239, b'1'),
	(3559, 7, 2240, b'1'),
	(3560, 7, 2241, b'1'),
	(3561, 7, 2242, b'1'),
	(3562, 7, 2243, b'1'),
	(3563, 7, 2244, b'1'),
	(3564, 7, 2245, b'1'),
	(3565, 7, 2246, b'1'),
	(3566, 7, 2247, b'1'),
	(3567, 7, 2248, b'1'),
	(3568, 7, 2249, b'1'),
	(3569, 7, 2250, b'1'),
	(3570, 7, 2251, b'1'),
	(3571, 7, 2252, b'1'),
	(3572, 7, 2253, b'1'),
	(3573, 7, 2254, b'1'),
	(3574, 7, 2255, b'1'),
	(3575, 7, 2256, b'1'),
	(3576, 7, 2257, b'1'),
	(3577, 7, 2258, b'1'),
	(3578, 7, 2259, b'1'),
	(3579, 7, 2260, b'1'),
	(3580, 7, 2261, b'1'),
	(3581, 7, 2262, b'1'),
	(3582, 7, 2263, b'1'),
	(3583, 7, 2264, b'1'),
	(3584, 7, 2265, b'1'),
	(3585, 7, 2266, b'1'),
	(3586, 7, 2267, b'1'),
	(3587, 7, 2268, b'1'),
	(3588, 7, 2269, b'1'),
	(3589, 7, 2270, b'1'),
	(3590, 7, 2271, b'1'),
	(3591, 7, 2272, b'1'),
	(3592, 7, 2273, b'1'),
	(3593, 7, 2274, b'1'),
	(3594, 7, 2275, b'1'),
	(3595, 7, 2276, b'1'),
	(3596, 7, 2277, b'1'),
	(3597, 7, 2278, b'1'),
	(3598, 7, 2279, b'1'),
	(3599, 7, 2280, b'1'),
	(3600, 7, 2281, b'1'),
	(3601, 7, 2282, b'1'),
	(3602, 7, 2283, b'1'),
	(3603, 7, 2284, b'1'),
	(3604, 7, 2285, b'1'),
	(3605, 7, 2286, b'1'),
	(3606, 7, 2287, b'1'),
	(3607, 7, 2288, b'1'),
	(3608, 7, 2289, b'1'),
	(3609, 7, 2290, b'1'),
	(3610, 7, 2291, b'1'),
	(3611, 7, 2292, b'1'),
	(3612, 7, 2293, b'1'),
	(3613, 7, 2294, b'1'),
	(3614, 7, 2295, b'1'),
	(3615, 7, 2296, b'1'),
	(3616, 7, 2297, b'1'),
	(3617, 7, 2298, b'1'),
	(3618, 7, 2299, b'1'),
	(3619, 7, 2300, b'1'),
	(3620, 7, 2301, b'1'),
	(3621, 7, 2302, b'1'),
	(3622, 7, 2303, b'1'),
	(3623, 7, 2304, b'1'),
	(3624, 7, 2305, b'1'),
	(3625, 7, 2306, b'1'),
	(3626, 7, 2307, b'1'),
	(3627, 7, 2308, b'1'),
	(3628, 11, 2310, b'1'),
	(3629, 48, 2311, b'1'),
	(3630, 48, 2312, b'1'),
	(3631, 48, 2313, b'1'),
	(3632, 48, 2314, b'1'),
	(3633, 48, 2315, b'1'),
	(3634, 48, 2316, b'1'),
	(3635, 48, 2317, b'1'),
	(3636, 48, 2318, b'1'),
	(3637, 48, 2319, b'1'),
	(3638, 48, 2320, b'1'),
	(3639, 48, 2321, b'1'),
	(3640, 48, 2322, b'1'),
	(3641, 48, 2323, b'1'),
	(3642, 48, 2324, b'1'),
	(3643, 48, 2325, b'1'),
	(3644, 48, 2326, b'1'),
	(3645, 48, 2327, b'1'),
	(3646, 48, 2328, b'1'),
	(3647, 48, 2329, b'1'),
	(3648, 48, 2330, b'1'),
	(3649, 48, 2331, b'1'),
	(3650, 48, 2332, b'1'),
	(3651, 48, 2333, b'1'),
	(3652, 48, 2334, b'1'),
	(3653, 48, 2335, b'1'),
	(3654, 48, 2336, b'1'),
	(3655, 48, 2337, b'1'),
	(3656, 48, 2338, b'1'),
	(3657, 48, 2339, b'1'),
	(3658, 48, 2340, b'1'),
	(3659, 48, 2341, b'1'),
	(3660, 48, 2342, b'1'),
	(3661, 48, 2343, b'1'),
	(3662, 48, 2344, b'1'),
	(3663, 48, 2345, b'1'),
	(3664, 48, 2346, b'1'),
	(3665, 48, 2347, b'1'),
	(3666, 48, 2348, b'1'),
	(3667, 48, 2349, b'1'),
	(3668, 48, 2350, b'1'),
	(3669, 48, 2351, b'1'),
	(3670, 48, 2352, b'1'),
	(3671, 48, 2353, b'1'),
	(3672, 48, 2354, b'1'),
	(3673, 48, 2355, b'1'),
	(3674, 48, 2356, b'1'),
	(3675, 48, 2357, b'1'),
	(3676, 48, 2358, b'1'),
	(3677, 48, 2359, b'1'),
	(3678, 48, 2360, b'1'),
	(3679, 48, 2361, b'1'),
	(3680, 48, 2362, b'1'),
	(3681, 48, 2363, b'1'),
	(3682, 48, 2364, b'1'),
	(3683, 48, 2365, b'1'),
	(3684, 48, 2366, b'1'),
	(3685, 48, 2367, b'1'),
	(3686, 48, 2368, b'1'),
	(3687, 48, 2369, b'1'),
	(3688, 48, 2370, b'1'),
	(3689, 48, 2371, b'1'),
	(3690, 48, 2372, b'1'),
	(3691, 48, 2373, b'1'),
	(3692, 48, 2374, b'1'),
	(3693, 48, 2375, b'1'),
	(3694, 48, 2376, b'1'),
	(3695, 48, 2377, b'1'),
	(3696, 48, 2378, b'1'),
	(3697, 48, 2379, b'1'),
	(3698, 48, 2380, b'1'),
	(3699, 48, 2381, b'1'),
	(3700, 48, 2382, b'1'),
	(3701, 48, 2383, b'1'),
	(3702, 48, 2384, b'1'),
	(3703, 48, 2385, b'1'),
	(3704, 48, 2386, b'1'),
	(3705, 48, 2387, b'1'),
	(3706, 48, 2388, b'1'),
	(3707, 48, 2389, b'1'),
	(3708, 48, 2390, b'1'),
	(3709, 48, 2391, b'1'),
	(3710, 48, 2392, b'1'),
	(3711, 48, 2393, b'1'),
	(3712, 48, 2394, b'1'),
	(3713, 48, 2395, b'1'),
	(3714, 48, 2396, b'1'),
	(3715, 48, 2397, b'1'),
	(3716, 48, 2398, b'1'),
	(3717, 48, 2399, b'1'),
	(3718, 48, 2400, b'1'),
	(3719, 48, 2401, b'1'),
	(3720, 48, 2402, b'1'),
	(3721, 48, 2403, b'1'),
	(3722, 48, 2404, b'1'),
	(3723, 48, 2405, b'1'),
	(3724, 48, 2406, b'1'),
	(3725, 48, 2407, b'1'),
	(3726, 48, 2408, b'1'),
	(3727, 48, 2409, b'1'),
	(3728, 48, 2410, b'1'),
	(3729, 48, 2411, b'1'),
	(3730, 48, 2412, b'1'),
	(3731, 48, 2413, b'1'),
	(3732, 48, 2414, b'1'),
	(3733, 48, 2415, b'1'),
	(3734, 48, 2416, b'1'),
	(3735, 48, 2417, b'1'),
	(3736, 48, 2418, b'1'),
	(3737, 48, 2419, b'1'),
	(3738, 48, 2420, b'1'),
	(3739, 48, 2421, b'1'),
	(3740, 48, 2422, b'1'),
	(3741, 48, 2423, b'1'),
	(3742, 48, 2424, b'1'),
	(3743, 48, 2425, b'1'),
	(3744, 48, 2426, b'1'),
	(3745, 48, 2427, b'1'),
	(3751, 48, 2442, b'1'),
	(3752, 48, 2443, b'1'),
	(3753, 48, 2444, b'1'),
	(3754, 48, 2445, b'1'),
	(3755, 48, 2446, b'1'),
	(3761, 17, 2452, b'1'),
	(3762, 17, 2453, b'1'),
	(3763, 17, 2454, b'1'),
	(3764, 17, 2455, b'1'),
	(3765, 17, 2456, b'1'),
	(3766, 47, 2457, b'1'),
	(3767, 47, 2458, b'1'),
	(3768, 47, 2459, b'1'),
	(3769, 47, 2460, b'1'),
	(3770, 47, 2461, b'1'),
	(3771, 47, 2462, b'1'),
	(3772, 17, 2466, b'1'),
	(3773, 17, 2467, b'1'),
	(3774, 17, 2468, b'1'),
	(3775, 48, 2469, b'1'),
	(3776, 48, 2470, b'1'),
	(3777, 48, 2471, b'1'),
	(3778, 48, 2472, b'1'),
	(3779, 48, 2473, b'1'),
	(3780, 48, 2474, b'1'),
	(3781, 48, 2475, b'1'),
	(3782, 48, 2476, b'1'),
	(3783, 48, 2477, b'1'),
	(3784, 48, 2478, b'1'),
	(3785, 48, 2479, b'1'),
	(3786, 48, 2480, b'1'),
	(3787, 48, 2481, b'1'),
	(3788, 48, 2482, b'1'),
	(3789, 48, 2483, b'1'),
	(3790, 9, 2484, b'1'),
	(3791, 7, 2485, b'1'),
	(3792, 30, 2486, b'1'),
	(3837, 56, 2533, b'1'),
	(3838, 56, 2534, b'1'),
	(3839, 56, 2535, b'1'),
	(3840, 56, 2536, b'1'),
	(3841, 56, 2537, b'1'),
	(3842, 56, 2538, b'1'),
	(3843, 56, 2539, b'1'),
	(3844, 56, 2540, b'1'),
	(3845, 56, 2541, b'1'),
	(3846, 56, 2542, b'1'),
	(3847, 56, 2543, b'1'),
	(3848, 56, 2544, b'1'),
	(3849, 56, 2545, b'1'),
	(3850, 56, 2546, b'1'),
	(3851, 56, 2547, b'1'),
	(3852, 56, 2548, b'1'),
	(3853, 56, 2549, b'1'),
	(3854, 56, 2550, b'1'),
	(3855, 56, 2551, b'1'),
	(3856, 56, 2552, b'1'),
	(3857, 56, 2553, b'1'),
	(3858, 56, 2554, b'1'),
	(3859, 11, 2562, b'1'),
	(3860, 17, 2563, b'1'),
	(3861, 17, 2564, b'1'),
	(3862, 17, 2565, b'1'),
	(3863, 17, 2566, b'1'),
	(3864, 17, 2567, b'1'),
	(3865, 17, 2568, b'1'),
	(3866, 17, 2569, b'1'),
	(3867, 17, 2570, b'1'),
	(3868, 17, 2571, b'1'),
	(3869, 17, 2572, b'1'),
	(3870, 17, 2573, b'1'),
	(3871, 17, 2574, b'1'),
	(3872, 17, 2575, b'1'),
	(3873, 17, 2576, b'1'),
	(3874, 17, 2577, b'1'),
	(3877, 17, 2580, b'1'),
	(3878, 17, 2581, b'1'),
	(3879, 17, 2582, b'1'),
	(3880, 34, 2584, b'1'),
	(3881, 25, 2587, b'1'),
	(3882, 46, 2586, b'1'),
	(3883, 24, 2588, b'1'),
	(3884, 46, 2589, b'1');
/*!40000 ALTER TABLE `schedule_date_term_job` ENABLE KEYS */;

-- Volcando estructura para tabla bpo.shift
CREATE TABLE IF NOT EXISTS `shift` (
  `id` int(11) NOT NULL AUTO_INCREMENT,
  `active` bit(1) NOT NULL,
  `week` int(11) NOT NULL,
  `week_day` int(11) NOT NULL,
  `pattern` longtext DEFAULT NULL,
  `user_shift_id` int(11) NOT NULL,
  PRIMARY KEY (`id`),
  KEY `ix_shift_user_shift_id` (`user_shift_id`),
  CONSTRAINT `fk_shift_user_shift_user_shift_id` FOREIGN KEY (`user_shift_id`) REFERENCES `user_shift` (`id`) ON DELETE CASCADE
) ENGINE=InnoDB AUTO_INCREMENT=54 DEFAULT CHARSET=latin1;

-- Volcando datos para la tabla bpo.shift: ~49 rows (aproximadamente)
/*!40000 ALTER TABLE `shift` DISABLE KEYS */;
INSERT IGNORE INTO `shift` (`id`, `active`, `week`, `week_day`, `pattern`, `user_shift_id`) VALUES
	(1, b'1', 1, 0, '000000000000001111111111111111000000000000000000', 1),
	(2, b'1', 1, 1, '000000000000001111111111111111000000000000000000', 1),
	(3, b'1', 1, 2, '000000000000001111111111111111000000000000000000', 1),
	(4, b'1', 1, 3, '000000000000001111111111111111000000000000000000', 1),
	(5, b'1', 1, 4, '000000000000001111111111111111000000000000000000', 1),
	(6, b'1', 1, 0, '000000000000001111111111110011110000000000000000', 2),
	(7, b'1', 1, 1, '000000000000001111111111110011110000000000000000', 2),
	(8, b'1', 1, 2, '000000000000001111111111110011110000000000000000', 2),
	(9, b'1', 1, 3, '000000000000001111111111110011110000000000000000', 2),
	(10, b'1', 1, 4, '000000000000001111111111111111000000000000000000', 2),
	(11, b'1', 1, 0, '000000000000001111111111111111000000000000000000', 3),
	(12, b'1', 1, 1, '000000000000001111111111111111000000000000000000', 3),
	(13, b'1', 1, 2, '000000000000001111111111111111000000000000000000', 3),
	(14, b'1', 1, 3, '000000000000001111111111111111000000000000000000', 3),
	(15, b'1', 1, 4, '000000000000001111111111111111000000000000000000', 3),
	(16, b'1', 1, 0, '000000000000001111111111111111000000000000000000', 4),
	(17, b'1', 1, 1, '000000000000001111111111111111000000000000000000', 4),
	(18, b'1', 1, 2, '000000000000001111111111111111000000000000000000', 4),
	(19, b'1', 1, 3, '000000000000001111111111111111000000000000000000', 4),
	(20, b'1', 1, 4, '000000000000001111111111111111000000000000000000', 4),
	(21, b'1', 1, 0, '000000000000000011111111111111110000000000000000', 5),
	(22, b'1', 1, 1, '000000000000000011111111111111110000000000000000', 5),
	(23, b'1', 1, 2, '000000000000000011111111111111110000000000000000', 5),
	(24, b'1', 1, 3, '000000000000000011111111111111110000000000000000', 5),
	(25, b'1', 1, 4, '000000000000000011111111111111110000000000000000', 5),
	(30, b'1', 1, 0, '000000000000001111111111111111000000000000000000', 7),
	(31, b'1', 1, 1, '000000000000001111111111111111000000000000000000', 7),
	(32, b'1', 1, 2, '000000000000001111111111111111000000000000000000', 7),
	(33, b'1', 1, 3, '000000000000001111111111111111000000000000000000', 7),
	(34, b'1', 1, 4, '000000000000001111111111111111000000000000000000', 7),
	(35, b'1', 1, 0, '000000000000000000000000000000000000111111110000', 8),
	(36, b'1', 1, 1, '000000000000000000000000000000000000111111110000', 8),
	(37, b'1', 1, 2, '000000000000000000000000000000000000111111110000', 8),
	(38, b'1', 1, 3, '000000000000000000000000000000000000111111110000', 8),
	(39, b'1', 1, 0, '000000000000000000000000000000001111111111111111', 9),
	(40, b'1', 1, 1, '000000000000000000000000000000001111111111111111', 9),
	(41, b'1', 1, 2, '000000000000000000000000000000001111111111111111', 9),
	(42, b'1', 1, 3, '000000000000000000000000000000001111111111111111', 9),
	(43, b'1', 1, 4, '000000000000000000000000000000001111111111111111', 9),
	(44, b'1', 1, 0, '000000000000000011111111111111110000000000000000', 10),
	(45, b'1', 1, 1, '000000000000000011111111111111110000000000000000', 10),
	(46, b'1', 1, 2, '000000000000000011111111111111110000000000000000', 10),
	(47, b'1', 1, 3, '000000000000000011111111111111110000000000000000', 10),
	(48, b'1', 1, 4, '000000000000000011111111111111110000000000000000', 10),
	(49, b'1', 1, 0, '000000000000000011111111111111000000000000000000', 11),
	(50, b'1', 1, 1, '000000000000000011111111111111000000000000000000', 11),
	(51, b'1', 1, 2, '000000000000000011111111111111000000000000000000', 11),
	(52, b'1', 1, 3, '000000000000000011111111111111000000000000000000', 11),
	(53, b'1', 1, 4, '000000000000000011111111111111000000000000000000', 11);
/*!40000 ALTER TABLE `shift` ENABLE KEYS */;

-- Volcando estructura para tabla bpo.training
CREATE TABLE IF NOT EXISTS `training` (
  `id` int(11) NOT NULL AUTO_INCREMENT,
  `start_date` datetime(6) NOT NULL,
  `end_date` datetime(6) DEFAULT NULL,
  `active` bit(1) NOT NULL,
  `name` longtext DEFAULT NULL,
  `description` longtext DEFAULT NULL,
  `area_id` int(11) NOT NULL,
  PRIMARY KEY (`id`),
  KEY `ix_training_area_id` (`area_id`),
  CONSTRAINT `fk_training_area_area_id` FOREIGN KEY (`area_id`) REFERENCES `area` (`id`) ON DELETE CASCADE
) ENGINE=InnoDB AUTO_INCREMENT=132 DEFAULT CHARSET=latin1;

-- Volcando datos para la tabla bpo.training: ~5 rows (aproximadamente)
/*!40000 ALTER TABLE `training` DISABLE KEYS */;
INSERT IGNORE INTO `training` (`id`, `start_date`, `end_date`, `active`, `name`, `description`, `area_id`) VALUES
	(99, '2019-10-08 00:00:00.000000', NULL, b'1', 'Acerca De Los Negocios', 'Primera Desc', 2),
	(117, '2019-10-09 00:00:00.000000', NULL, b'1', 'Uno', 'Uno Desc', 10),
	(118, '2019-09-18 16:44:27.736237', NULL, b'1', 'Inclusión En Bdis', 'jksdfnsdklm', 8),
	(130, '2019-10-30 16:00:24.479856', NULL, b'1', 'Erloshdjosn', 'ewopjweop', 4),
	(131, '2019-11-01 00:00:00.000000', NULL, b'1', 'Gestión 1', 'Fundamentos de Gestión de Servicios de TI basado en ISO/IEC 20000', 2);
/*!40000 ALTER TABLE `training` ENABLE KEYS */;

-- Volcando estructura para tabla bpo.training_test
CREATE TABLE IF NOT EXISTS `training_test` (
  `id` int(11) NOT NULL AUTO_INCREMENT,
  `start_date` datetime(6) NOT NULL,
  `end_date` datetime(6) DEFAULT NULL,
  `active` bit(1) NOT NULL,
  `name` longtext DEFAULT NULL,
  `description` longtext DEFAULT NULL,
  `pass_mark` double NOT NULL,
  `attempts` int(11) NOT NULL,
  `training_id` int(11) NOT NULL,
  `time` int(11) DEFAULT NULL,
  PRIMARY KEY (`id`),
  KEY `ix_training_test_training_id` (`training_id`),
  CONSTRAINT `fk_training_test_training_training_id` FOREIGN KEY (`training_id`) REFERENCES `training` (`id`) ON DELETE CASCADE
) ENGINE=InnoDB AUTO_INCREMENT=109 DEFAULT CHARSET=latin1;

-- Volcando datos para la tabla bpo.training_test: ~7 rows (aproximadamente)
/*!40000 ALTER TABLE `training_test` DISABLE KEYS */;
INSERT IGNORE INTO `training_test` (`id`, `start_date`, `end_date`, `active`, `name`, `description`, `pass_mark`, `attempts`, `training_id`, `time`) VALUES
	(52, '2019-08-05 00:00:00.000000', NULL, b'1', 'Testeando 1', 'Testeando 1 DESC', 50, 10, 99, 6),
	(66, '2019-09-09 00:00:00.000000', NULL, b'1', 'Primera', 'Primera Desc', 50, 10, 117, NULL),
	(101, '0008-10-08 00:00:00.000000', NULL, b'1', '8', '8', 8, 5, 117, 8),
	(104, '2019-09-09 00:00:00.000000', NULL, b'1', '9', '9', 9, 4, 99, 9),
	(105, '0984-08-04 00:00:00.000000', NULL, b'1', '489', '849', 84, 8, 99, 5),
	(106, '2019-11-01 00:00:00.000000', NULL, b'1', 'ISO/IEC 20000 - 1', 'Primera parte del Temario', 20, 5, 131, 30),
	(108, '2019-11-08 00:00:00.000000', NULL, b'1', 'ISO/IEC 20000 - 2', 'Segunda parte del Temario', 30, 10, 131, 30);
/*!40000 ALTER TABLE `training_test` ENABLE KEYS */;

-- Volcando estructura para tabla bpo.training_test_owner
CREATE TABLE IF NOT EXISTS `training_test_owner` (
  `id` int(11) NOT NULL AUTO_INCREMENT,
  `active` bit(1) NOT NULL,
  `test_id` int(11) NOT NULL,
  `user_id` int(11) NOT NULL,
  PRIMARY KEY (`id`),
  KEY `ix_training_test_owner_test_id` (`test_id`),
  KEY `ix_training_test_owner_user_id` (`user_id`),
  CONSTRAINT `fk_training_test_owner_training_test_test_id` FOREIGN KEY (`test_id`) REFERENCES `training_test` (`id`) ON DELETE CASCADE,
  CONSTRAINT `fk_training_test_owner_user_user_id` FOREIGN KEY (`user_id`) REFERENCES `user` (`id`) ON DELETE CASCADE
) ENGINE=InnoDB AUTO_INCREMENT=35 DEFAULT CHARSET=latin1;

-- Volcando datos para la tabla bpo.training_test_owner: ~7 rows (aproximadamente)
/*!40000 ALTER TABLE `training_test_owner` DISABLE KEYS */;
INSERT IGNORE INTO `training_test_owner` (`id`, `active`, `test_id`, `user_id`) VALUES
	(1, b'1', 52, 1),
	(15, b'1', 66, 1),
	(27, b'1', 101, 1),
	(30, b'1', 104, 1),
	(31, b'1', 105, 1),
	(32, b'1', 106, 1),
	(34, b'1', 108, 1);
/*!40000 ALTER TABLE `training_test_owner` ENABLE KEYS */;

-- Volcando estructura para tabla bpo.training_test_section
CREATE TABLE IF NOT EXISTS `training_test_section` (
  `id` int(11) NOT NULL AUTO_INCREMENT,
  `active` bit(1) NOT NULL,
  `order` int(11) NOT NULL,
  `name` longtext DEFAULT NULL,
  `description` longtext DEFAULT NULL,
  `weighing` double NOT NULL,
  `test_id` int(11) NOT NULL,
  PRIMARY KEY (`id`),
  KEY `ix_training_test_section_test_id` (`test_id`),
  CONSTRAINT `fk_training_test_section_training_test_test_id` FOREIGN KEY (`test_id`) REFERENCES `training_test` (`id`) ON DELETE CASCADE
) ENGINE=InnoDB AUTO_INCREMENT=84 DEFAULT CHARSET=latin1;

-- Volcando datos para la tabla bpo.training_test_section: ~12 rows (aproximadamente)
/*!40000 ALTER TABLE `training_test_section` DISABLE KEYS */;
INSERT IGNORE INTO `training_test_section` (`id`, `active`, `order`, `name`, `description`, `weighing`, `test_id`) VALUES
	(37, b'1', 1, 'Testeando 1 SEC 1', '', 50, 52),
	(52, b'1', 2, 'Testeando 1 SEC 2', '', 50, 52),
	(54, b'1', 1, 'Primera SEC1', '', 50, 66),
	(55, b'1', 2, 'Primera SEC2', '', 50, 66),
	(71, b'1', 1, '8', '', 8, 101),
	(75, b'1', 1, '9', '', 9, 104),
	(76, b'1', 1, '84', '', 89, 105),
	(79, b'1', 1, 'Apartado 1', '', 20, 106),
	(80, b'1', 2, 'Apartado 2', '', 20, 106),
	(81, b'1', 1, 'Selección simple', '', 20, 108),
	(82, b'1', 2, 'Selección múltiple', '', 20, 108),
	(83, b'1', 3, 'Respuesta abierta', '', 20, 108);
/*!40000 ALTER TABLE `training_test_section` ENABLE KEYS */;

-- Volcando estructura para tabla bpo.training_test_section_field
CREATE TABLE IF NOT EXISTS `training_test_section_field` (
  `id` int(11) NOT NULL AUTO_INCREMENT,
  `active` bit(1) NOT NULL,
  `type` int(11) NOT NULL,
  `order` int(11) NOT NULL,
  `name` longtext DEFAULT NULL,
  `content` longtext DEFAULT NULL,
  `reasoned` bit(1) DEFAULT NULL,
  `weighing` double NOT NULL,
  `section_id` int(11) NOT NULL,
  PRIMARY KEY (`id`),
  KEY `ix_training_test_section_field_section_id` (`section_id`),
  CONSTRAINT `fk_training_test_section_field_training_test_section_section_id` FOREIGN KEY (`section_id`) REFERENCES `training_test_section` (`id`) ON DELETE CASCADE
) ENGINE=InnoDB AUTO_INCREMENT=135 DEFAULT CHARSET=latin1;

-- Volcando datos para la tabla bpo.training_test_section_field: ~26 rows (aproximadamente)
/*!40000 ALTER TABLE `training_test_section_field` DISABLE KEYS */;
INSERT IGNORE INTO `training_test_section_field` (`id`, `active`, `type`, `order`, `name`, `content`, `reasoned`, `weighing`, `section_id`) VALUES
	(45, b'1', 1, 1, 'Testeando 1 Sec1 ENUN1', NULL, NULL, 20, 37),
	(46, b'1', 2, 2, 'Testeando 1 Sec1 ENUN2', NULL, NULL, 15, 37),
	(47, b'1', 3, 3, 'Testeando 1 Sec1 ENUN3', NULL, NULL, 15, 37),
	(80, b'1', 2, 4, 'Testeando 1 Sec1 ENUN4', NULL, NULL, 5, 37),
	(81, b'1', 2, 1, 'Testeando 1 Sec2 ENUN1', NULL, NULL, 25, 52),
	(82, b'1', 2, 2, 'Testeando 1 Sec2 ENUN2', NULL, NULL, 25, 52),
	(85, b'1', 1, 1, 'Sec1 ENUN1', NULL, NULL, 20, 54),
	(86, b'1', 2, 2, 'Sec1 ENUN2', NULL, NULL, 15, 54),
	(87, b'1', 3, 3, 'Sec1 ENUN3', NULL, NULL, 15, 54),
	(88, b'1', 1, 1, 'Sec2 ENUN1', NULL, NULL, 50, 55),
	(112, b'1', 1, 1, '8', NULL, NULL, 8, 71),
	(117, b'1', 1, 1, '9', NULL, NULL, 9, 75),
	(118, b'1', 1, 1, '489', NULL, NULL, 54, 76),
	(121, b'1', 2, 1, '¿Cómo puede determinar una empresa la eficacia del proceso de gestión de niveles de servicio (SLM)?', NULL, NULL, 4, 79),
	(122, b'1', 1, 2, 'Un proceso es un conjunto de actividades mutuamente relacionadas o que interactúan, las cuales transforman elementos de entrada en resultados. ¿De qué es responsable el propietario del proceso?', NULL, NULL, 6, 79),
	(123, b'1', 3, 3, 'La alta dirección tiene que proporcionar evidencias de su compromiso con la planificación, establecimiento, implantación, operación, monitorización revisión mantenimiento y mejora de su sistema de gestión de servicios en el contexto del negocio de la organización y los requisitos de los clientes. ¿Que acciones permitirían a la dirección demostrar este compromiso?', NULL, NULL, 6, 79),
	(124, b'1', 2, 4, '¿Qué detalles deberían registrarse como una línea de base antes de implantar un plan de mejora del servicio?', NULL, NULL, 4, 79),
	(125, b'1', 1, 1, '¿Cuál es una de las responsabilidades que tiene el proveedor de servicios con respecto a la gestión de suministradores, según se define en ISO/IEC 20000-1?', NULL, NULL, 10, 80),
	(126, b'1', 1, 2, 'La gestión de servicios de TI debe planificarse para establecer los objetivos, los procesos y los procedimientos necesarios para proveer resultados ajustados a los requisitos del cliente y a las políticas de la organización. ¿Qué debería incluirse a todas luces en el plan de gestión de servicios?', NULL, NULL, 10, 80),
	(127, b'1', 2, 1, '¿Cuál es el foco del ciclo Deming?', NULL, NULL, 5, 81),
	(128, b'1', 2, 2, 'El catálogo de servicios de una compañía de redes afirma que las solicitudes de autorización LAN se ejecutarán en el plazo de tres semanas. Un gestor que es cliente de dicha compañía no cree que esto sea posible y solicita un informe que demuestre que esa afirmación puede cumplirse. ¿Qué proceso es responsable de aportar este informe?', NULL, NULL, 5, 81),
	(129, b'1', 3, 1, 'Un fallo de corriente ha dejado inutilizada toda la infraestructura de TI. Por suerte, se cuenta con un plan de continuidad del servicio. ¿En qué casos NO debería recurrirse a este plan?', NULL, NULL, 15, 82),
	(130, b'1', 3, 2, 'La metodología (PDCA) Planificar, Ejecutar, Verificar, Actuar puede aplicarse a todos los procesos. ¿Qué cubre las fases Verificar y Actuar de esta metodología?', NULL, NULL, 5, 82),
	(132, b'1', 1, 1, '¿Qué proceso, aparte de la gestión de relaciones con el negocio, revisaría el rendimiento del servicio con el cliente?', NULL, NULL, 10, 83),
	(133, b'1', 1, 2, 'Una de las actividades que se precisan para ser eficaz en la planificación, coordinación y evaluación de cambios solicitados es evaluar el impacto y los recursos requeridos. ¿Qué proceso o función es responsable de esta actividad?', NULL, NULL, 10, 83),
	(134, b'1', 2, 3, 'En gestión de la continuidad se toman varias medidas de precaución para garantizar que los servicios se presten durante o después de una catástrofe, por ejemplo, disponer de un suministro de energía eléctrica de emergencia. ¿Qué proceso podría emprender también este tipo de medida?', NULL, NULL, 10, 81);
/*!40000 ALTER TABLE `training_test_section_field` ENABLE KEYS */;

-- Volcando estructura para tabla bpo.training_test_section_field_option
CREATE TABLE IF NOT EXISTS `training_test_section_field_option` (
  `id` int(11) NOT NULL AUTO_INCREMENT,
  `active` bit(1) NOT NULL,
  `order` int(11) NOT NULL,
  `content` longtext DEFAULT NULL,
  `mark` bit(1) DEFAULT NULL,
  `value` double NOT NULL,
  `field_id` int(11) NOT NULL,
  PRIMARY KEY (`id`),
  KEY `ix_training_test_section_field_option_field_id` (`field_id`),
  CONSTRAINT `fk_training_test_section_field_option_training_test_section_fie~` FOREIGN KEY (`field_id`) REFERENCES `training_test_section_field` (`id`) ON DELETE CASCADE
) ENGINE=InnoDB AUTO_INCREMENT=141 DEFAULT CHARSET=latin1;

-- Volcando datos para la tabla bpo.training_test_section_field_option: ~61 rows (aproximadamente)
/*!40000 ALTER TABLE `training_test_section_field_option` DISABLE KEYS */;
INSERT IGNORE INTO `training_test_section_field_option` (`id`, `active`, `order`, `content`, `mark`, `value`, `field_id`) VALUES
	(1, b'1', 1, 'Testeando 1 Sec1 Enun2 OP-A', b'0', 0, 46),
	(2, b'1', 2, 'Testeando 1 Sec1 Enun2 OP-B (Correcta)', b'1', 0, 46),
	(3, b'1', 3, 'Testeando 1 Sec1 Enun2 OP-C', b'0', 0, 46),
	(4, b'1', 4, 'Testeando 1 Sec1 Enun2 OP-D', b'0', 0, 46),
	(5, b'1', 1, 'Testeando 1 Sec1 Enun3 OP-A', b'0', 0, 47),
	(6, b'1', 2, 'Testeando 1 Sec1 Enun3 OP-B (Correcta)', b'1', 0, 47),
	(7, b'1', 3, 'Testeando 1 Sec1 Enun3 OP-C', b'0', 0, 47),
	(8, b'1', 4, 'Testeando 1 Sec1 Enun3 OP-D (Correcta)', b'1', 0, 47),
	(11, b'1', 5, 'Testeando 1 Sec1 Enun3 OP-E', b'0', 0, 47),
	(57, b'1', 1, 'Testeando 1 Sec1 Enun4 OP-A', b'0', 0, 80),
	(58, b'1', 2, 'Testeando 1 Sec1 Enun4 OP-B', b'0', 0, 80),
	(59, b'1', 3, 'Testeando 1 Sec1 Enun4 OP-C', b'0', 0, 80),
	(60, b'1', 4, 'Testeando 1 Sec1 Enun4 OP-D (Correcta)', b'1', 0, 80),
	(61, b'1', 1, 'Testeando 1 Sec2 Enun1 OP-A (Correcta)', b'1', 0, 81),
	(62, b'1', 2, 'Testeando 1 Sec2 Enun1 OP-B', b'0', 0, 81),
	(63, b'1', 3, 'Testeando 1 Sec2 Enun1 OP-C', b'0', 0, 81),
	(64, b'1', 1, 'Testeando 1 Sec2 Enun2 OP-A', b'0', 0, 82),
	(65, b'1', 2, 'Testeando 1 Sec2 Enun2 OP-B', b'0', 0, 82),
	(66, b'1', 3, 'Testeando 1 Sec2 Enun2 OP-C (Correcta)', b'1', 0, 82),
	(67, b'1', 4, 'Testeando 1 Sec2 Enun2 OP-D', b'0', 0, 82),
	(71, b'1', 1, 'Sec1 Enun2 OP1', b'0', 0, 86),
	(72, b'1', 2, 'Sec1 Enun2 OP2', b'0', 0, 86),
	(73, b'1', 3, 'Sec1 Enun2 OP3 (Correcta)', b'1', 0, 86),
	(74, b'1', 4, 'Sec1 Enun2 OP4', b'0', 0, 86),
	(75, b'1', 1, 'Sec1 Enun3 OP1', b'0', 0, 87),
	(76, b'1', 2, 'Sec1 Enun3 OP2 (Correcta)', b'1', 0, 87),
	(77, b'1', 3, 'Sec1 Enun3 OP3', b'0', 0, 87),
	(78, b'1', 4, 'Sec1 Enun3 OP4 (Correcta)', b'1', 0, 87),
	(79, b'1', 5, 'Sec1 Enun3 OP5', b'0', 0, 87),
	(103, b'1', 1, 'Comprobando los contratos suscritos con suministradores.', b'0', 0, 121),
	(104, b'1', 2, 'Definiendo los niveles de servicio.', b'0', 0, 121),
	(105, b'1', 3, 'Midiendo la satisfacción del cliente.', b'1', 0, 121),
	(106, b'1', 4, 'Informando sobre todos los incidentes.', b'0', 0, 121),
	(107, b'1', 1, 'Mediante la externalización de la gestión de cambios.', b'0', 0, 123),
	(108, b'1', 2, 'Con la aplicación de acciones disciplinarias contra los empleados que presenten un bajo rendimiento.', b'1', 0, 123),
	(109, b'1', 3, 'Participando en la planificación de nuevos servicios de TI.', b'1', 0, 123),
	(110, b'1', 4, 'A través del liderazgo y ciertas acciones.', b'1', 0, 123),
	(111, b'1', 1, 'Cambios en el servicio pendientes de aplicación.', b'0', 0, 124),
	(112, b'1', 2, 'El número de empleados que intervienen en el plan.', b'0', 0, 124),
	(113, b'1', 3, 'El tiempo que lleva operar el proceso.', b'0', 0, 124),
	(114, b'1', 4, 'Las configuraciones del servicio o de los componentes.', b'1', 0, 124),
	(115, b'1', 1, 'El diseño de nuevos servicios', b'0', 0, 127),
	(116, b'1', 2, 'La orientación al cliente', b'0', 0, 127),
	(117, b'1', 1, 'Gestión de la disponibilidad', b'0', 0, 128),
	(118, b'1', 2, 'Gestión de cambios', b'0', 0, 128),
	(119, b'1', 1, 'Inmediatamente, porque el servicio ha dejado de funcionar.', b'1', 0, 129),
	(120, b'1', 2, 'Cuando el fallo se extienda más allá de los objetivos definidos en el acuerdo de nivel de servicios (SLA).', b'0', 0, 129),
	(121, b'1', 1, 'Establece los objetivos y procesos necesarios para generar resultados de acuerdo con los requisitos del cliente y las políticas de la organización.', b'0', 0, 130),
	(122, b'1', 2, 'La implantación de los procesos.', b'0', 0, 130),
	(125, b'1', 1, 'Gestión de la disponibilidad', b'1', 0, 134),
	(126, b'1', 2, 'Gestión de la capacidad', b'0', 0, 134),
	(131, b'1', 3, 'Cuando el gestor de incidentes lo considere necesario.', b'1', 0, 129),
	(132, b'1', 4, 'Cuando se haya excedido el tiempo durante el cual debería resolverse la avería.', b'1', 0, 129),
	(133, b'1', 3, 'La monitorización y medición de los servicios prestados y del sistema de gestión de servicios (SMS).', b'1', 0, 130),
	(134, b'1', 4, 'La adopción de las medidas necesarias para lograr una mejora continua.', b'1', 0, 130),
	(135, b'1', 4, 'Gestión de incidentes', b'0', 0, 134),
	(136, b'1', 3, 'Gestión de cambios', b'0', 0, 134),
	(137, b'1', 4, 'Gestión de niveles de servicio (SLM)', b'1', 0, 128),
	(138, b'1', 3, 'Gestión de problemas', b'0', 0, 128),
	(139, b'1', 4, 'El cálculo de costes', b'0', 0, 127),
	(140, b'1', 3, 'La mejora continua', b'1', 0, 127);
/*!40000 ALTER TABLE `training_test_section_field_option` ENABLE KEYS */;

-- Volcando estructura para tabla bpo.training_test_user
CREATE TABLE IF NOT EXISTS `training_test_user` (
  `id` int(11) NOT NULL AUTO_INCREMENT,
  `active` bit(1) NOT NULL,
  `test_id` int(11) NOT NULL,
  `user_id` int(11) NOT NULL,
  PRIMARY KEY (`id`),
  KEY `ix_training_test_user_test_id` (`test_id`),
  KEY `ix_training_test_user_user_id` (`user_id`),
  CONSTRAINT `fk_training_test_user_training_test_test_id` FOREIGN KEY (`test_id`) REFERENCES `training_test` (`id`) ON DELETE CASCADE,
  CONSTRAINT `fk_training_test_user_user_user_id` FOREIGN KEY (`user_id`) REFERENCES `user` (`id`) ON DELETE CASCADE
) ENGINE=InnoDB AUTO_INCREMENT=85 DEFAULT CHARSET=latin1;

-- Volcando datos para la tabla bpo.training_test_user: ~21 rows (aproximadamente)
/*!40000 ALTER TABLE `training_test_user` DISABLE KEYS */;
INSERT IGNORE INTO `training_test_user` (`id`, `active`, `test_id`, `user_id`) VALUES
	(7, b'1', 52, 1),
	(38, b'1', 104, 1),
	(50, b'1', 105, 1),
	(67, b'1', 52, 9),
	(68, b'1', 52, 11),
	(69, b'1', 104, 9),
	(70, b'1', 104, 11),
	(71, b'1', 105, 9),
	(72, b'1', 105, 11),
	(73, b'1', 106, 1),
	(74, b'1', 106, 3),
	(75, b'1', 106, 4),
	(76, b'1', 106, 5),
	(77, b'1', 106, 6),
	(79, b'1', 108, 1),
	(80, b'1', 108, 3),
	(81, b'1', 108, 4),
	(82, b'1', 108, 5),
	(83, b'1', 108, 6);
/*!40000 ALTER TABLE `training_test_user` ENABLE KEYS */;

-- Volcando estructura para tabla bpo.training_test_user_take
CREATE TABLE IF NOT EXISTS `training_test_user_take` (
  `id` int(11) NOT NULL AUTO_INCREMENT,
  `start_date` datetime(6) NOT NULL,
  `end_date` datetime(6) DEFAULT NULL,
  `active` bit(1) NOT NULL,
  `test_user_id` int(11) NOT NULL,
  `attempt` int(11) NOT NULL,
  `mark` double NOT NULL,
  `pass` bit(1) DEFAULT NULL,
  `content` longtext DEFAULT NULL,
  PRIMARY KEY (`id`),
  KEY `ix_training_test_user_take_test_user_id` (`test_user_id`),
  CONSTRAINT `fk_training_test_user_take_training_test_user_test_user_id` FOREIGN KEY (`test_user_id`) REFERENCES `training_test_user` (`id`) ON DELETE CASCADE
) ENGINE=InnoDB AUTO_INCREMENT=92 DEFAULT CHARSET=latin1;

-- Volcando datos para la tabla bpo.training_test_user_take: ~12 rows (aproximadamente)
/*!40000 ALTER TABLE `training_test_user_take` DISABLE KEYS */;
INSERT IGNORE INTO `training_test_user_take` (`id`, `start_date`, `end_date`, `active`, `test_user_id`, `attempt`, `mark`, `pass`, `content`) VALUES
	(70, '2019-10-30 14:09:14.000000', '2019-10-30 14:10:16.000000', b'0', 7, 1, 105, b'1', NULL),
	(71, '2019-10-30 14:12:41.000000', '2019-10-30 14:12:51.775386', b'0', 7, 2, 0, NULL, NULL),
	(74, '2019-10-30 14:15:03.000000', '2019-10-30 14:15:41.858589', b'0', 7, 5, 0, NULL, NULL),
	(75, '2019-10-30 14:22:52.000000', '2019-10-30 14:23:55.692285', b'0', 7, 6, 0, NULL, NULL),
	(76, '2019-10-30 14:24:07.000000', '2019-10-30 14:26:07.000000', b'0', 7, 7, 20, b'0', NULL),
	(78, '2019-10-30 18:08:49.000000', '2019-10-30 18:08:53.179929', b'0', 38, 1, 0, NULL, NULL),
	(79, '2019-10-30 18:09:01.000000', '2019-10-30 18:09:04.562892', b'0', 38, 2, 0, NULL, NULL),
	(80, '2019-10-30 18:09:22.000000', '2019-10-30 18:09:24.000000', b'0', 50, 1, 54, b'0', NULL),
	(88, '2019-11-07 16:57:50.000000', '2019-11-07 17:00:54.000000', b'0', 73, 1, 9, b'0', NULL),
	(89, '2019-11-07 17:02:06.000000', '2019-11-07 17:03:23.000000', b'0', 73, 2, 40, b'1', NULL),
	(90, '2019-11-08 17:24:25.000000', '2019-11-08 17:24:35.605886', b'0', 50, 2, 0, NULL, NULL),
	(91, '2019-11-08 17:48:30.000000', '2019-11-08 17:49:24.000000', b'0', 79, 1, 15, b'0', NULL);
/*!40000 ALTER TABLE `training_test_user_take` ENABLE KEYS */;

-- Volcando estructura para tabla bpo.training_test_user_take_section
CREATE TABLE IF NOT EXISTS `training_test_user_take_section` (
  `id` int(11) NOT NULL AUTO_INCREMENT,
  `active` bit(1) NOT NULL,
  `mark` double NOT NULL,
  `test_section_id` int(11) NOT NULL,
  `take_id` int(11) NOT NULL,
  PRIMARY KEY (`id`),
  KEY `ix_training_test_user_take_section_take_id` (`take_id`),
  KEY `ix_training_test_user_take_section_test_section_id` (`test_section_id`),
  CONSTRAINT `fk_training_test_user_take_section_training_test_section_test_s~` FOREIGN KEY (`test_section_id`) REFERENCES `training_test_section` (`id`) ON DELETE CASCADE,
  CONSTRAINT `fk_training_test_user_take_section_training_test_user_take_take~` FOREIGN KEY (`take_id`) REFERENCES `training_test_user_take` (`id`) ON DELETE CASCADE
) ENGINE=InnoDB AUTO_INCREMENT=468 DEFAULT CHARSET=latin1;

-- Volcando datos para la tabla bpo.training_test_user_take_section: ~21 rows (aproximadamente)
/*!40000 ALTER TABLE `training_test_user_take_section` DISABLE KEYS */;
INSERT IGNORE INTO `training_test_user_take_section` (`id`, `active`, `mark`, `test_section_id`, `take_id`) VALUES
	(434, b'1', 55, 37, 70),
	(435, b'1', 50, 52, 70),
	(436, b'1', 0, 37, 71),
	(437, b'1', 0, 52, 71),
	(442, b'1', 0, 37, 74),
	(443, b'1', 0, 52, 74),
	(444, b'1', 0, 37, 75),
	(445, b'1', 0, 52, 75),
	(446, b'1', 20, 37, 76),
	(447, b'1', 0, 52, 76),
	(450, b'1', 0, 75, 78),
	(451, b'1', 0, 75, 79),
	(452, b'1', 54, 76, 80),
	(460, b'1', 4, 79, 88),
	(461, b'1', 5, 80, 88),
	(462, b'1', 20, 79, 89),
	(463, b'1', 20, 80, 89),
	(464, b'1', 0, 76, 90),
	(465, b'1', 10, 81, 91),
	(466, b'1', 5, 82, 91),
	(467, b'1', 0, 83, 91);
/*!40000 ALTER TABLE `training_test_user_take_section` ENABLE KEYS */;

-- Volcando estructura para tabla bpo.training_test_user_take_section_field
CREATE TABLE IF NOT EXISTS `training_test_user_take_section_field` (
  `id` int(11) NOT NULL AUTO_INCREMENT,
  `active` bit(1) NOT NULL,
  `mark` double NOT NULL,
  `answer` longtext DEFAULT NULL,
  `test_field_id` int(11) NOT NULL,
  `section_id` int(11) NOT NULL,
  PRIMARY KEY (`id`),
  KEY `ix_training_test_user_take_section_field_section_id` (`section_id`),
  KEY `ix_training_test_user_take_section_field_test_field_id` (`test_field_id`),
  CONSTRAINT `fk_training_test_user_take_section_field_training_test_section_~` FOREIGN KEY (`test_field_id`) REFERENCES `training_test_section_field` (`id`) ON DELETE CASCADE,
  CONSTRAINT `fk_training_test_user_take_section_field_training_test_user_tak~` FOREIGN KEY (`section_id`) REFERENCES `training_test_user_take_section` (`id`) ON DELETE CASCADE
) ENGINE=InnoDB AUTO_INCREMENT=1019 DEFAULT CHARSET=latin1;

-- Volcando datos para la tabla bpo.training_test_user_take_section_field: ~53 rows (aproximadamente)
/*!40000 ALTER TABLE `training_test_user_take_section_field` DISABLE KEYS */;
INSERT IGNORE INTO `training_test_user_take_section_field` (`id`, `active`, `mark`, `answer`, `test_field_id`, `section_id`) VALUES
	(941, b'1', 20, 'resp1', 45, 434),
	(942, b'1', 15, NULL, 46, 434),
	(943, b'1', 15, NULL, 47, 434),
	(944, b'1', 5, NULL, 80, 434),
	(945, b'1', 25, NULL, 81, 435),
	(946, b'1', 25, NULL, 82, 435),
	(947, b'1', 0, '', 45, 436),
	(948, b'1', 0, NULL, 46, 436),
	(949, b'1', 0, NULL, 47, 436),
	(950, b'1', 0, NULL, 80, 436),
	(951, b'1', 0, NULL, 81, 437),
	(952, b'1', 0, NULL, 82, 437),
	(965, b'1', 0, '', 45, 442),
	(966, b'1', 0, NULL, 46, 442),
	(967, b'1', 0, NULL, 47, 442),
	(968, b'1', 0, NULL, 80, 442),
	(969, b'1', 0, NULL, 81, 443),
	(970, b'1', 0, NULL, 82, 443),
	(971, b'1', 0, '', 45, 444),
	(972, b'1', 0, NULL, 46, 444),
	(973, b'1', 0, NULL, 47, 444),
	(974, b'1', 0, NULL, 80, 444),
	(975, b'1', 0, NULL, 81, 445),
	(976, b'1', 0, NULL, 82, 445),
	(977, b'1', 20, 'resp3', 45, 446),
	(978, b'1', 0, NULL, 46, 446),
	(979, b'1', 0, NULL, 47, 446),
	(980, b'1', 0, NULL, 80, 446),
	(981, b'1', 0, NULL, 81, 447),
	(982, b'1', 0, NULL, 82, 447),
	(989, b'1', 0, 'rtwwy', 117, 450),
	(990, b'1', 0, 'wywt', 117, 451),
	(991, b'1', 54, 'eruur', 118, 452),
	(999, b'1', 4, NULL, 121, 460),
	(1000, b'1', 0, 'De proporcionar informes del proceso.', 122, 460),
	(1001, b'1', 0, NULL, 123, 460),
	(1002, b'1', 0, NULL, 124, 460),
	(1003, b'1', 2, 'Garantizar que los suministradores subcontratados reúnen los requisitos contractuales en todas las circunstancias.', 125, 461),
	(1004, b'1', 3, 'El procedimiento para tratar las entregas de emergencia.', 126, 461),
	(1005, b'1', 4, NULL, 121, 462),
	(1006, b'1', 6, 'De describir el proceso.', 122, 462),
	(1007, b'1', 6, NULL, 123, 462),
	(1008, b'1', 4, NULL, 124, 462),
	(1009, b'1', 10, 'Garantizar que los contratos suscritos con suministradores están alineados con los SLA de la empresa.', 125, 463),
	(1010, b'1', 10, 'Las herramientas oportunas para respaldar los procesos.', 126, 463),
	(1011, b'1', 0, 'sdfssdfsdfdsfdsfsd', 118, 464),
	(1012, b'1', 0, NULL, 127, 465),
	(1013, b'1', 0, NULL, 128, 465),
	(1014, b'1', 10, NULL, 134, 465),
	(1015, b'1', 0, NULL, 129, 466),
	(1016, b'1', 5, NULL, 130, 466),
	(1017, b'1', 0, 'Gestión de la disponibilidad', 132, 467),
	(1018, b'1', 0, 'Gestión de la entrega', 133, 467);
/*!40000 ALTER TABLE `training_test_user_take_section_field` ENABLE KEYS */;

-- Volcando estructura para tabla bpo.training_test_user_take_section_field_option
CREATE TABLE IF NOT EXISTS `training_test_user_take_section_field_option` (
  `id` int(11) NOT NULL AUTO_INCREMENT,
  `active` bit(1) NOT NULL,
  `mark` bit(1) DEFAULT NULL,
  `test_option_id` int(11) NOT NULL,
  `field_id` int(11) NOT NULL,
  PRIMARY KEY (`id`),
  KEY `ix_training_test_user_take_section_field_option_field_id` (`field_id`),
  KEY `ix_training_test_user_take_section_field_option_test_option_id` (`test_option_id`),
  CONSTRAINT `fk_training_test_user_take_section_field_option_training_test_s~` FOREIGN KEY (`test_option_id`) REFERENCES `training_test_section_field_option` (`id`) ON DELETE CASCADE,
  CONSTRAINT `fk_training_test_user_take_section_field_option_training_test_u~` FOREIGN KEY (`field_id`) REFERENCES `training_test_user_take_section_field` (`id`) ON DELETE CASCADE
) ENGINE=InnoDB AUTO_INCREMENT=209 DEFAULT CHARSET=latin1;

-- Volcando datos para la tabla bpo.training_test_user_take_section_field_option: ~144 rows (aproximadamente)
/*!40000 ALTER TABLE `training_test_user_take_section_field_option` DISABLE KEYS */;
INSERT IGNORE INTO `training_test_user_take_section_field_option` (`id`, `active`, `mark`, `test_option_id`, `field_id`) VALUES
	(1, b'1', b'0', 1, 942),
	(2, b'1', b'0', 65, 946),
	(3, b'1', b'0', 64, 946),
	(4, b'1', b'0', 63, 945),
	(5, b'1', b'0', 62, 945),
	(6, b'1', b'1', 61, 945),
	(7, b'1', b'1', 60, 944),
	(8, b'1', b'0', 59, 944),
	(9, b'1', b'0', 58, 944),
	(10, b'1', b'0', 57, 944),
	(11, b'1', b'0', 11, 943),
	(12, b'1', b'1', 8, 943),
	(13, b'1', b'0', 7, 943),
	(14, b'1', b'1', 6, 943),
	(15, b'1', b'0', 5, 943),
	(16, b'1', b'0', 4, 942),
	(17, b'1', b'0', 3, 942),
	(18, b'1', b'1', 2, 942),
	(19, b'1', b'1', 66, 946),
	(20, b'1', b'0', 67, 946),
	(21, b'1', b'0', 1, 948),
	(22, b'1', b'0', 65, 952),
	(23, b'1', b'0', 64, 952),
	(24, b'1', b'0', 63, 951),
	(25, b'1', b'0', 62, 951),
	(26, b'1', b'0', 61, 951),
	(27, b'1', b'0', 60, 950),
	(28, b'1', b'0', 59, 950),
	(29, b'1', b'0', 58, 950),
	(30, b'1', b'0', 57, 950),
	(31, b'1', b'0', 11, 949),
	(32, b'1', b'0', 8, 949),
	(33, b'1', b'0', 7, 949),
	(34, b'1', b'0', 6, 949),
	(35, b'1', b'0', 5, 949),
	(36, b'1', b'0', 4, 948),
	(37, b'1', b'0', 3, 948),
	(38, b'1', b'0', 2, 948),
	(39, b'1', b'0', 66, 952),
	(40, b'1', b'0', 67, 952),
	(81, b'1', b'0', 1, 966),
	(82, b'1', b'0', 65, 970),
	(83, b'1', b'0', 64, 970),
	(84, b'1', b'0', 63, 969),
	(85, b'1', b'0', 62, 969),
	(86, b'1', b'0', 61, 969),
	(87, b'1', b'0', 60, 968),
	(88, b'1', b'0', 59, 968),
	(89, b'1', b'0', 58, 968),
	(90, b'1', b'0', 57, 968),
	(91, b'1', b'0', 11, 967),
	(92, b'1', b'0', 8, 967),
	(93, b'1', b'0', 7, 967),
	(94, b'1', b'0', 6, 967),
	(95, b'1', b'0', 5, 967),
	(96, b'1', b'0', 4, 966),
	(97, b'1', b'0', 3, 966),
	(98, b'1', b'0', 2, 966),
	(99, b'1', b'0', 66, 970),
	(100, b'1', b'0', 67, 970),
	(101, b'1', b'0', 1, 972),
	(102, b'1', b'0', 65, 976),
	(103, b'1', b'0', 64, 976),
	(104, b'1', b'0', 63, 975),
	(105, b'1', b'0', 62, 975),
	(106, b'1', b'0', 61, 975),
	(107, b'1', b'0', 60, 974),
	(108, b'1', b'0', 59, 974),
	(109, b'1', b'0', 58, 974),
	(110, b'1', b'0', 57, 974),
	(111, b'1', b'0', 11, 973),
	(112, b'1', b'0', 8, 973),
	(113, b'1', b'0', 7, 973),
	(114, b'1', b'0', 6, 973),
	(115, b'1', b'0', 5, 973),
	(116, b'1', b'0', 4, 972),
	(117, b'1', b'0', 3, 972),
	(118, b'1', b'0', 2, 972),
	(119, b'1', b'0', 66, 976),
	(120, b'1', b'0', 67, 976),
	(121, b'1', b'0', 1, 978),
	(122, b'1', b'0', 65, 982),
	(123, b'1', b'0', 64, 982),
	(124, b'1', b'0', 63, 981),
	(125, b'1', b'1', 62, 981),
	(126, b'1', b'0', 61, 981),
	(127, b'1', b'0', 60, 980),
	(128, b'1', b'0', 59, 980),
	(129, b'1', b'0', 58, 980),
	(130, b'1', b'1', 57, 980),
	(131, b'1', b'1', 11, 979),
	(132, b'1', b'0', 8, 979),
	(133, b'1', b'1', 7, 979),
	(134, b'1', b'0', 6, 979),
	(135, b'1', b'0', 5, 979),
	(136, b'1', b'0', 4, 978),
	(137, b'1', b'1', 3, 978),
	(138, b'1', b'0', 2, 978),
	(139, b'1', b'0', 66, 982),
	(140, b'1', b'1', 67, 982),
	(165, b'1', b'0', 103, 999),
	(166, b'1', b'0', 104, 999),
	(167, b'1', b'1', 105, 999),
	(168, b'1', b'0', 106, 999),
	(169, b'1', b'1', 107, 1001),
	(170, b'1', b'1', 108, 1001),
	(171, b'1', b'0', 109, 1001),
	(172, b'1', b'0', 110, 1001),
	(173, b'1', b'0', 111, 1002),
	(174, b'1', b'1', 112, 1002),
	(175, b'1', b'0', 113, 1002),
	(176, b'1', b'0', 114, 1002),
	(177, b'1', b'0', 103, 1005),
	(178, b'1', b'0', 104, 1005),
	(179, b'1', b'1', 105, 1005),
	(180, b'1', b'0', 106, 1005),
	(181, b'1', b'0', 107, 1007),
	(182, b'1', b'1', 108, 1007),
	(183, b'1', b'1', 109, 1007),
	(184, b'1', b'1', 110, 1007),
	(185, b'1', b'0', 111, 1008),
	(186, b'1', b'0', 112, 1008),
	(187, b'1', b'0', 113, 1008),
	(188, b'1', b'1', 114, 1008),
	(189, b'1', b'0', 115, 1012),
	(190, b'1', b'0', 122, 1016),
	(191, b'1', b'0', 121, 1016),
	(192, b'1', b'0', 132, 1015),
	(193, b'1', b'1', 131, 1015),
	(194, b'1', b'0', 120, 1015),
	(195, b'1', b'1', 119, 1015),
	(196, b'1', b'0', 136, 1014),
	(197, b'1', b'0', 135, 1014),
	(198, b'1', b'0', 126, 1014),
	(199, b'1', b'1', 125, 1014),
	(200, b'1', b'1', 138, 1013),
	(201, b'1', b'0', 137, 1013),
	(202, b'1', b'0', 118, 1013),
	(203, b'1', b'0', 117, 1013),
	(204, b'1', b'0', 140, 1012),
	(205, b'1', b'1', 139, 1012),
	(206, b'1', b'0', 116, 1012),
	(207, b'1', b'1', 133, 1016),
	(208, b'1', b'1', 134, 1016);
/*!40000 ALTER TABLE `training_test_user_take_section_field_option` ENABLE KEYS */;

-- Volcando estructura para tabla bpo.training_user
CREATE TABLE IF NOT EXISTS `training_user` (
  `id` int(11) NOT NULL AUTO_INCREMENT,
  `active` bit(1) NOT NULL,
  `training_id` int(11) NOT NULL,
  `user_id` int(11) NOT NULL,
  `trainer` bit(1) NOT NULL,
  `attendant` bit(1) NOT NULL,
  `training_completed` bit(1) NOT NULL,
  PRIMARY KEY (`id`),
  KEY `ix_training_user_training_id` (`training_id`),
  KEY `ix_training_user_user_id` (`user_id`),
  CONSTRAINT `fk_training_user_training_training_id` FOREIGN KEY (`training_id`) REFERENCES `training` (`id`) ON DELETE CASCADE,
  CONSTRAINT `fk_training_user_user_user_id` FOREIGN KEY (`user_id`) REFERENCES `user` (`id`) ON DELETE CASCADE
) ENGINE=InnoDB AUTO_INCREMENT=122 DEFAULT CHARSET=latin1;

-- Volcando datos para la tabla bpo.training_user: ~30 rows (aproximadamente)
/*!40000 ALTER TABLE `training_user` DISABLE KEYS */;
INSERT IGNORE INTO `training_user` (`id`, `active`, `training_id`, `user_id`, `trainer`, `attendant`, `training_completed`) VALUES
	(62, b'1', 117, 2, b'1', b'0', b'0'),
	(63, b'1', 117, 3, b'0', b'1', b'0'),
	(64, b'1', 117, 4, b'0', b'1', b'1'),
	(66, b'1', 117, 6, b'0', b'1', b'0'),
	(67, b'1', 117, 7, b'0', b'1', b'0'),
	(68, b'1', 117, 10, b'0', b'1', b'0'),
	(69, b'1', 117, 11, b'0', b'1', b'1'),
	(70, b'1', 117, 12, b'0', b'1', b'0'),
	(71, b'1', 117, 13, b'0', b'1', b'0'),
	(72, b'1', 117, 14, b'0', b'1', b'0'),
	(73, b'1', 117, 15, b'0', b'1', b'0'),
	(74, b'1', 117, 16, b'0', b'1', b'0'),
	(75, b'1', 117, 17, b'0', b'1', b'0'),
	(76, b'1', 117, 18, b'0', b'1', b'0'),
	(77, b'1', 117, 19, b'0', b'1', b'0'),
	(78, b'1', 117, 20, b'0', b'1', b'0'),
	(79, b'1', 117, 1, b'0', b'1', b'0'),
	(85, b'1', 118, 7, b'1', b'0', b'0'),
	(106, b'1', 117, 5, b'0', b'1', b'0'),
	(107, b'1', 99, 1, b'0', b'1', b'0'),
	(109, b'1', 99, 2, b'1', b'0', b'0'),
	(112, b'1', 99, 9, b'0', b'1', b'0'),
	(113, b'1', 99, 11, b'0', b'1', b'0'),
	(114, b'1', 131, 2, b'1', b'0', b'0'),
	(115, b'1', 131, 12, b'1', b'0', b'0'),
	(116, b'1', 131, 1, b'0', b'1', b'1'),
	(117, b'1', 131, 3, b'0', b'1', b'0'),
	(118, b'1', 131, 4, b'0', b'1', b'0'),
	(119, b'1', 131, 5, b'0', b'1', b'0'),
	(120, b'1', 131, 6, b'0', b'1', b'0');
/*!40000 ALTER TABLE `training_user` ENABLE KEYS */;

-- Volcando estructura para tabla bpo.user
CREATE TABLE IF NOT EXISTS `user` (
  `id` int(11) NOT NULL AUTO_INCREMENT,
  `active` bit(1) NOT NULL,
  `user_name` varchar(256) DEFAULT NULL,
  `email` varchar(256) DEFAULT NULL,
  `normalized_user_name` varchar(256) DEFAULT NULL,
  `normalized_email` varchar(256) DEFAULT NULL,
  `phone_number` longtext DEFAULT NULL,
  `mobile_number` longtext DEFAULT NULL,
  `network_user` longtext DEFAULT NULL,
  `employee_id` int(11) DEFAULT NULL,
  `first_name` longtext DEFAULT NULL,
  `main_surname` longtext DEFAULT NULL,
  `second_surname` longtext DEFAULT NULL,
  `password_hash` longtext DEFAULT NULL,
  `academic_degree` longtext DEFAULT NULL,
  `nationality` longtext DEFAULT NULL,
  `national_id` longtext DEFAULT NULL,
  `birth_date` datetime(6) DEFAULT NULL,
  `birth_place` longtext DEFAULT NULL,
  `personal_phone_number` longtext DEFAULT NULL,
  `personal_mobile_number` longtext DEFAULT NULL,
  `personal_email` longtext DEFAULT NULL,
  `address` longtext DEFAULT NULL,
  `zip` longtext DEFAULT NULL,
  `city` longtext DEFAULT NULL,
  `state` longtext DEFAULT NULL,
  `country` longtext DEFAULT NULL,
  `email_confirmed` bit(1) NOT NULL,
  `access_failed_count` int(11) NOT NULL DEFAULT 0,
  `lockout_enabled` bit(1) NOT NULL,
  `lockout_end` datetime(6) DEFAULT NULL,
  `concurrency_stamp` longtext DEFAULT NULL,
  `security_stamp` longtext DEFAULT NULL,
  `flag` bit(1) DEFAULT b'1',
  `alerts` int(11) NOT NULL DEFAULT 0,
  `messages` int(11) NOT NULL DEFAULT 0,
  `tasks` int(11) NOT NULL DEFAULT 0,
  `refresh_cookie` bit(1) DEFAULT NULL,
  `change_password` bit(1) DEFAULT NULL,
  `avatar` longtext DEFAULT NULL,
  `last_login_date` datetime(6) DEFAULT NULL,
  `last_password_changed_date` datetime(6) DEFAULT NULL,
  PRIMARY KEY (`id`),
  UNIQUE KEY `user_name_index` (`normalized_user_name`),
  KEY `email_index` (`normalized_email`)
) ENGINE=InnoDB AUTO_INCREMENT=21 DEFAULT CHARSET=latin1;

-- Volcando datos para la tabla bpo.user: ~20 rows (aproximadamente)
/*!40000 ALTER TABLE `user` DISABLE KEYS */;
INSERT IGNORE INTO `user` (`id`, `active`, `user_name`, `email`, `normalized_user_name`, `normalized_email`, `phone_number`, `mobile_number`, `network_user`, `employee_id`, `first_name`, `main_surname`, `second_surname`, `password_hash`, `academic_degree`, `nationality`, `national_id`, `birth_date`, `birth_place`, `personal_phone_number`, `personal_mobile_number`, `personal_email`, `address`, `zip`, `city`, `state`, `country`, `email_confirmed`, `access_failed_count`, `lockout_enabled`, `lockout_end`, `concurrency_stamp`, `security_stamp`, `flag`, `alerts`, `messages`, `tasks`, `refresh_cookie`, `change_password`, `avatar`, `last_login_date`, `last_password_changed_date`) VALUES
	(1, b'1', 'Admin', 'bpoadmin@indrabpo.es', 'ADMIN', 'BPOADMIN@INDRABPO.ES', NULL, NULL, NULL, NULL, 'Admin', '', '', 'AQAAAAEAACcQAAAAEHd+gYvi9R3n+68kb5BoeypOIVvAW9BxGvVYQk5Uyt/mp7Ytl37Wh2IhzQ+Y8uQDKw==', NULL, NULL, NULL, NULL, NULL, NULL, NULL, NULL, NULL, NULL, NULL, NULL, NULL, b'1', 0, b'0', '2019-08-05 10:02:45.484299', NULL, 'a5cc793f-8e53-47db-9ad5-303fba7b4c33', b'1', 0, 0, 0, NULL, NULL, '0.jpg', NULL, NULL),
	(2, b'1', 'acancio', 'acancio@indrabpo.es', 'ACANCIO', 'ACANCIO@INDRABPO.ES', NULL, NULL, NULL, NULL, 'Aarón', 'Cancio', 'Gómez', 'AQAAAAEAACcQAAAAEHd+gYvi9R3n+68kb5BoeypOIVvAW9BxGvVYQk5Uyt/mp7Ytl37Wh2IhzQ+Y8uQDKw==', NULL, NULL, NULL, NULL, NULL, NULL, NULL, NULL, NULL, NULL, NULL, NULL, NULL, b'1', 0, b'0', NULL, NULL, 'a5cc793f-8e53-47db-9ad5-303fba7b4c33', b'1', 0, 0, 0, NULL, NULL, '2.jpg', NULL, NULL),
	(3, b'1', 'aondarra', 'aondarra@indrabpo.es', 'AONDARRA', 'AONDARRA@INDRABPO.ES', NULL, NULL, NULL, NULL, 'Aargoitz', 'Ondarra', 'Vega', 'AQAAAAEAACcQAAAAEHd+gYvi9R3n+68kb5BoeypOIVvAW9BxGvVYQk5Uyt/mp7Ytl37Wh2IhzQ+Y8uQDKw==', NULL, NULL, NULL, NULL, NULL, NULL, NULL, NULL, NULL, NULL, NULL, NULL, NULL, b'1', 0, b'0', NULL, NULL, 'a5cc793f-8e53-47db-9ad5-303fba7b4c33', b'1', 0, 0, 0, NULL, NULL, '3.jpg', NULL, NULL),
	(4, b'1', 'ajfernandezf', 'ajfernandezf@indrabpo.es', 'AJFERNANDEZF', 'AJFERNANDEZF@INDRABPO.ES', NULL, NULL, NULL, NULL, 'Alberto', 'Fernández', 'Fuentes', 'AQAAAAEAACcQAAAAEHd+gYvi9R3n+68kb5BoeypOIVvAW9BxGvVYQk5Uyt/mp7Ytl37Wh2IhzQ+Y8uQDKw==', NULL, NULL, NULL, NULL, NULL, NULL, NULL, NULL, NULL, NULL, NULL, NULL, NULL, b'1', 0, b'0', NULL, NULL, 'a5cc793f-8e53-47db-9ad5-303fba7b4c33', b'1', 0, 0, 0, NULL, NULL, '4.jpg', NULL, NULL),
	(5, b'1', 'mpineda', 'mpineda@indrabpo.es', 'MPINEDA', 'MPINEDA@INDRABPO.ES', NULL, NULL, NULL, NULL, 'María', 'Pineda', 'Ros', 'AQAAAAEAACcQAAAAEHd+gYvi9R3n+68kb5BoeypOIVvAW9BxGvVYQk5Uyt/mp7Ytl37Wh2IhzQ+Y8uQDKw==', NULL, NULL, NULL, NULL, NULL, NULL, NULL, NULL, NULL, NULL, NULL, NULL, NULL, b'1', 0, b'0', NULL, NULL, 'a5cc793f-8e53-47db-9ad5-303fba7b4c33', b'1', 0, 0, 1, NULL, NULL, '5.jpg', NULL, NULL),
	(6, b'1', 'sramon', 'sramon@indrabpo.es', 'SRAMON', 'SRAMON@INDRABPO.ES', NULL, NULL, NULL, NULL, 'Santiago', 'Ramón', 'y Cajal', 'AQAAAAEAACcQAAAAEHd+gYvi9R3n+68kb5BoeypOIVvAW9BxGvVYQk5Uyt/mp7Ytl37Wh2IhzQ+Y8uQDKw==', NULL, NULL, NULL, NULL, NULL, NULL, NULL, NULL, NULL, NULL, NULL, NULL, NULL, b'1', 0, b'0', NULL, NULL, 'a5cc793f-8e53-47db-9ad5-303fba7b4c33', b'1', 0, 0, 0, NULL, NULL, '6.jpg', NULL, NULL),
	(7, b'1', 'sochoa', 'sochoa@indrabpo.es', 'SOCHOA', 'SOCHOA@INDRABPO.ES', NULL, NULL, NULL, NULL, 'Severo', 'Ochoa', 'de Albornoz', 'AQAAAAEAACcQAAAAEHd+gYvi9R3n+68kb5BoeypOIVvAW9BxGvVYQk5Uyt/mp7Ytl37Wh2IhzQ+Y8uQDKw==', NULL, NULL, NULL, NULL, NULL, NULL, NULL, NULL, NULL, NULL, NULL, NULL, NULL, b'1', 0, b'0', NULL, NULL, 'a5cc793f-8e53-47db-9ad5-303fba7b4c33', b'1', 0, 0, 0, NULL, NULL, '7.jpg', NULL, NULL),
	(8, b'1', 'ialbeniz', 'pepeg@minsait.com', 'IALBENIZ', 'PEPEG@MINSAIT.COM', NULL, NULL, NULL, 33249, 'Isaac', 'Albeniz', NULL, 'AQAAAAEAACcQAAAAED+Igj4Cv9ZVUKxBZj230K3EAtFSZ2lIBiqdzA/y1k/CQFdjjCdyEX9sisH1lZPxeg==', NULL, NULL, NULL, NULL, NULL, NULL, NULL, NULL, NULL, NULL, NULL, NULL, NULL, b'0', 3, b'0', NULL, NULL, '63782461-b3f4-4de5-bc1c-65ee551fec7c', b'1', 0, 0, 0, NULL, NULL, '0.jpg', NULL, NULL),
	(9, b'1', 'epeirats', 'epeirats@minsait.com', 'EPEIRATS', 'EPEIRATS@MINSAIT.COM', NULL, NULL, NULL, 48975, 'Eduardo', 'Peirats', NULL, 'AQAAAAEAACcQAAAAELbHaDc9Tsjs1jCzyfvWNY1qs95yUU1/UQ/MlR39IVOrwXRlgn4nOQdDaBsIDzyA+w==', NULL, NULL, NULL, NULL, NULL, NULL, NULL, NULL, NULL, NULL, NULL, NULL, NULL, b'0', 0, b'0', NULL, NULL, '507d9355-4764-4047-b83e-d6486504498b', b'1', 0, 0, 1, NULL, NULL, '0.jpg', NULL, NULL),
	(10, b'1', 'eyxart', 'eyxart@indra.es', 'EYXART', 'EYXART@INDRA.ES', NULL, NULL, NULL, NULL, 'Elisabet', 'Yxart', 'Serra', 'AQAAAAEAACcQAAAAEB0v/AORlg5cG3oDIPkKuXQSTgAfGcdDHn52JBUThgGwl0qp9Jfipq24vxsqmnsR5w==', NULL, NULL, NULL, NULL, NULL, NULL, NULL, NULL, NULL, NULL, NULL, NULL, NULL, b'0', 0, b'0', NULL, NULL, '6c1d59e6-93f6-4137-9503-4d2fd306f90a', b'1', 0, 0, 0, b'0', b'0', '0.jpg', NULL, NULL),
	(11, b'1', 'scastanyer', 'scastanyer@indra.es', 'SCASTANYER', 'SCASTANYER@INDRA.ES', NULL, NULL, NULL, NULL, 'Sergi', 'Castanyer', 'Yxart', 'AQAAAAEAACcQAAAAEPQbBvsOFeNhT3qoWOVtmGiL8I2arh5mqtRWpNWc8O+DqFmuGwSR2fj+e1R/x26JyA==', NULL, NULL, NULL, NULL, NULL, NULL, NULL, NULL, NULL, NULL, NULL, NULL, NULL, b'0', 0, b'0', NULL, NULL, 'd7f278a3-51a8-4521-b892-21a238676825', b'1', 0, 0, 0, NULL, NULL, '0.jpg', NULL, NULL),
	(12, b'1', 'jcastaner', 'jcastaner@minsait.com', 'JCASTANER', 'JCASTANER@MINSAIT.COM', NULL, NULL, NULL, NULL, 'Jordi', 'Castanyer', 'Diaz', 'AQAAAAEAACcQAAAAEJhpAN9EmC5zHOyz012nh/wzxwTTalSGTQC/aYl9ytY6dWpM4kXR58yBKRGd7cUIXg==', NULL, NULL, NULL, NULL, NULL, NULL, NULL, NULL, NULL, NULL, NULL, NULL, NULL, b'0', 0, b'0', NULL, NULL, '8368d5c9-fb5d-4ddf-b19f-efa782581e5c', b'1', 0, 0, 0, b'0', b'0', '0.jpg', NULL, NULL),
	(13, b'1', 'tholopainen', 'tholopainen@indra.es', 'THOLOPAINEN', 'THOLOPAINEN@INDRA.ES', NULL, NULL, NULL, NULL, 'Tuomas', 'Holopainen', NULL, 'AQAAAAEAACcQAAAAECgqxER7MRsICve2OwKTORSeE9WaoJP9BQlPj5DXtUUGIb9My4NrFWt9V6ZhhHHrog==', NULL, NULL, NULL, NULL, NULL, NULL, NULL, NULL, NULL, NULL, NULL, NULL, NULL, b'0', 0, b'0', NULL, NULL, '6f0d7faa-a8aa-40df-ba5d-32c246ff2cb7', b'1', 0, 0, 0, NULL, NULL, '0.jpg', NULL, NULL),
	(14, b'1', 'tturunen', 'tturunen@indra.es', 'TTURUNEN', 'TTURUNEN@INDRA.ES', NULL, NULL, NULL, NULL, 'Tarja', 'Turunen', NULL, 'AQAAAAEAACcQAAAAEN9u6OJMv1hOHyA3axLsOMZMcJvs7cD4VCxF+EZy2Y74QJUbsdSQIpO3cGdewlP/BQ==', NULL, NULL, NULL, NULL, NULL, NULL, NULL, NULL, NULL, NULL, NULL, NULL, NULL, b'0', 0, b'0', NULL, NULL, '57ae8296-54a2-4bee-8e17-78c8dad46438', b'1', 0, 0, 0, NULL, NULL, '0.jpg', NULL, NULL),
	(15, b'1', 'evuorinen', 'evuorinen@indra.es', 'EVUORINEN', 'EVUORINEN@INDRA.ES', NULL, NULL, NULL, NULL, 'Emppu', 'Vuorinen', NULL, 'AQAAAAEAACcQAAAAEA0++pvB8vWW+4cIFK1diz5O0eVgTLcq6MF6OaaZolyEQ/Zv04bw/Un1qGlKNWbOQQ==', NULL, NULL, NULL, NULL, NULL, NULL, NULL, NULL, NULL, NULL, NULL, NULL, NULL, b'0', 0, b'0', NULL, NULL, '75ba9940-cd71-46b8-be73-2ab90985e782', b'1', 0, 0, 0, NULL, NULL, '0.jpg', NULL, NULL),
	(16, b'1', 'mhietala', 'mhietala@indra.es', 'MHIETALA', 'MHIETALA@INDRA.ES', NULL, NULL, NULL, NULL, 'Marco', 'Hietala', NULL, 'AQAAAAEAACcQAAAAEDUwtgR918o+7SOjcnTF/+zFJE8S7NxIcQeFFkw9dOCrRNJm6EXdzi2ahfsbf8eI9g==', NULL, NULL, NULL, NULL, NULL, NULL, NULL, NULL, NULL, NULL, NULL, NULL, NULL, b'0', 0, b'0', NULL, NULL, 'b6ef2c17-252e-4f23-bf8a-9bf907a12284', b'1', 0, 0, 0, NULL, NULL, '0.jpg', NULL, NULL),
	(17, b'0', 'tdonockley', 'tdonockley@indra.es', 'TDONOCKLEY', 'TDONOCKLEY@INDRA.ES', NULL, NULL, NULL, NULL, 'Troy', 'Donockley', NULL, 'AQAAAAEAACcQAAAAEPe9qQsqSv5sQUdVe1aChsygCgpCXnvDBed8NqmUnwn9+v243Dq5xj3pmywpX+EGpA==', NULL, NULL, NULL, NULL, NULL, NULL, NULL, NULL, NULL, NULL, NULL, NULL, NULL, b'0', 0, b'0', NULL, NULL, '8a62f196-a735-4e13-8e7c-05200298f7c8', b'1', 0, 0, 0, NULL, NULL, '0.jpg', NULL, NULL),
	(18, b'1', 'khahto', 'khahto@indra.es', 'KHAHTO', 'KHAHTO@INDRA.ES', NULL, NULL, NULL, NULL, 'Kai', 'Hahto', NULL, 'AQAAAAEAACcQAAAAEFFxpZZ64PkCIP7E/Cfrg6nXtf23uExkdZMi/t/BujfVBIxE4z2kN17ruXx1grZukg==', NULL, NULL, NULL, NULL, NULL, NULL, NULL, NULL, NULL, NULL, NULL, NULL, NULL, b'0', 0, b'0', NULL, NULL, '32965edd-4dcc-4af8-82f9-82b7a5898aa5', b'1', 0, 0, 0, NULL, NULL, '0.jpg', NULL, NULL),
	(19, b'1', 'fjansen', 'fjansen@indra.es', 'FJANSEN', 'FJANSEN@INDRA.ES', NULL, NULL, NULL, NULL, 'Floor', 'Jansen', NULL, 'AQAAAAEAACcQAAAAEEq4jf0FS5IzHTV5Ma9z5XlTebwJCeJHVnrRMSwu1yUbChCjdQUeXKOzTlCVjm30RA==', NULL, NULL, NULL, NULL, NULL, NULL, NULL, NULL, NULL, NULL, NULL, NULL, NULL, b'0', 0, b'0', NULL, NULL, 'd53ab65c-9134-48a1-be17-56122d866b40', b'1', 0, 0, 0, NULL, NULL, '0.jpg', NULL, NULL),
	(20, b'1', 'adiazm', 'adiazm@indra.es', 'ADIAZM', 'ADIAZM@INDRA.ES', NULL, NULL, NULL, NULL, 'Amelia', 'Diaz', 'Montes', 'AQAAAAEAACcQAAAAEKFUY0NcI9quF7TTCaC5d7pY2yjYVaoUKIxIU1MKVvJnMkJWTNYNRoM4lXWSNWKgGw==', NULL, NULL, NULL, NULL, NULL, NULL, NULL, NULL, NULL, NULL, NULL, NULL, NULL, b'0', 0, b'0', NULL, NULL, 'a906dd0b-948b-4ce9-8f4f-8494a01a0be6', b'1', 0, 0, 0, NULL, NULL, '0.jpg', NULL, NULL);
/*!40000 ALTER TABLE `user` ENABLE KEYS */;

-- Volcando estructura para tabla bpo.user_area
CREATE TABLE IF NOT EXISTS `user_area` (
  `id` int(11) NOT NULL AUTO_INCREMENT,
  `user_id` int(11) NOT NULL,
  `area_id` int(11) NOT NULL,
  `start_date` datetime(6) NOT NULL,
  `end_date` datetime(6) DEFAULT NULL,
  `active` bit(1) NOT NULL,
  `owner` bit(1) DEFAULT b'0',
  `authorized` bit(1) DEFAULT b'0',
  PRIMARY KEY (`id`,`user_id`,`area_id`),
  UNIQUE KEY `ak_user_area_id` (`id`),
  KEY `ix_user_area_area_id` (`area_id`),
  KEY `ix_user_area_user_id` (`user_id`),
  CONSTRAINT `fk_user_area_area_area_id` FOREIGN KEY (`area_id`) REFERENCES `area` (`id`) ON DELETE CASCADE,
  CONSTRAINT `fk_user_area_user_user_id` FOREIGN KEY (`user_id`) REFERENCES `user` (`id`) ON DELETE CASCADE
) ENGINE=InnoDB AUTO_INCREMENT=30 DEFAULT CHARSET=latin1;

-- Volcando datos para la tabla bpo.user_area: ~25 rows (aproximadamente)
/*!40000 ALTER TABLE `user_area` DISABLE KEYS */;
INSERT IGNORE INTO `user_area` (`id`, `user_id`, `area_id`, `start_date`, `end_date`, `active`, `owner`, `authorized`) VALUES
	(1, 1, 1, '1900-01-01 00:00:00.000000', NULL, b'1', b'0', b'0'),
	(2, 1, 2, '1900-01-01 00:00:00.000000', NULL, b'1', b'0', b'1'),
	(3, 2, 10, '1900-01-01 00:00:00.000000', NULL, b'1', b'0', b'0'),
	(4, 2, 2, '1900-01-01 00:00:00.000000', NULL, b'1', b'0', b'1'),
	(5, 3, 10, '1900-01-01 00:00:00.000000', NULL, b'1', b'0', b'0'),
	(6, 4, 10, '1900-01-01 00:00:00.000000', '2019-12-02 00:00:00.000000', b'0', b'0', b'0'),
	(7, 5, 10, '1900-01-01 00:00:00.000000', NULL, b'1', b'0', b'0'),
	(8, 6, 10, '1900-01-01 00:00:00.000000', NULL, b'1', b'0', b'0'),
	(9, 7, 10, '1900-01-01 00:00:00.000000', NULL, b'1', b'0', b'0'),
	(10, 7, 8, '2019-05-29 00:00:00.000000', '2019-05-30 00:00:00.000000', b'0', b'0', b'0'),
	(11, 7, 7, '2019-05-31 00:00:00.000000', '2019-07-22 00:00:00.000000', b'0', b'0', b'0'),
	(13, 10, 4, '2019-08-11 00:00:00.000000', '2019-08-19 00:00:00.000000', b'0', b'0', b'0'),
	(14, 11, 4, '2017-12-28 00:00:00.000000', '2019-08-19 00:00:00.000000', b'0', b'0', b'0'),
	(15, 12, 4, '2019-08-11 00:00:00.000000', '2019-08-19 00:00:00.000000', b'0', b'0', b'0'),
	(16, 12, 10, '2019-08-20 00:00:00.000000', NULL, b'1', b'0', b'0'),
	(17, 10, 10, '2019-08-20 00:00:00.000000', NULL, b'1', b'0', b'0'),
	(18, 11, 10, '2019-08-20 00:00:00.000000', NULL, b'1', b'0', b'0'),
	(19, 13, 10, '2019-08-20 00:00:00.000000', NULL, b'1', b'0', b'0'),
	(20, 14, 10, '2019-08-20 00:00:00.000000', NULL, b'1', b'0', b'0'),
	(21, 15, 10, '2019-08-20 00:00:00.000000', NULL, b'1', b'0', b'0'),
	(22, 16, 10, '2019-08-20 00:00:00.000000', NULL, b'1', b'0', b'0'),
	(23, 17, 10, '2019-08-20 00:00:00.000000', NULL, b'1', b'0', b'0'),
	(24, 18, 10, '2019-08-20 00:00:00.000000', NULL, b'1', b'0', b'0'),
	(25, 19, 10, '2019-08-20 00:00:00.000000', NULL, b'1', b'0', b'0'),
	(26, 20, 10, '2019-08-23 00:00:00.000000', NULL, b'1', b'0', b'0'),
	(27, 9, 50, '2019-10-10 14:27:06.000000', NULL, b'1', b'0', b'0'),
	(28, 8, 41, '2019-10-10 14:27:41.000000', NULL, b'1', b'0', b'0'),
	(29, 4, 7, '2019-12-03 00:00:00.000000', NULL, b'1', b'0', b'0');
/*!40000 ALTER TABLE `user_area` ENABLE KEYS */;

-- Volcando estructura para tabla bpo.user_category
CREATE TABLE IF NOT EXISTS `user_category` (
  `id` int(11) NOT NULL AUTO_INCREMENT,
  `user_id` int(11) NOT NULL,
  `category_id` int(11) NOT NULL,
  `start_date` datetime(6) NOT NULL,
  `end_date` datetime(6) DEFAULT NULL,
  `active` bit(1) NOT NULL,
  PRIMARY KEY (`id`,`user_id`,`category_id`),
  UNIQUE KEY `ak_user_category_id` (`id`),
  KEY `ix_user_category_category_id` (`category_id`),
  KEY `ix_user_category_user_id` (`user_id`),
  CONSTRAINT `fk_user_category_category_category_id` FOREIGN KEY (`category_id`) REFERENCES `category` (`id`) ON DELETE CASCADE,
  CONSTRAINT `fk_user_category_user_user_id` FOREIGN KEY (`user_id`) REFERENCES `user` (`id`) ON DELETE CASCADE
) ENGINE=InnoDB AUTO_INCREMENT=3 DEFAULT CHARSET=latin1;

-- Volcando datos para la tabla bpo.user_category: ~2 rows (aproximadamente)
/*!40000 ALTER TABLE `user_category` DISABLE KEYS */;
INSERT IGNORE INTO `user_category` (`id`, `user_id`, `category_id`, `start_date`, `end_date`, `active`) VALUES
	(1, 10, 11, '2019-07-23 00:00:00.000000', NULL, b'1'),
	(2, 3, 5, '2019-07-23 00:00:00.000000', NULL, b'1');
/*!40000 ALTER TABLE `user_category` ENABLE KEYS */;

-- Volcando estructura para tabla bpo.user_collective
CREATE TABLE IF NOT EXISTS `user_collective` (
  `id` int(11) NOT NULL AUTO_INCREMENT,
  `user_id` int(11) NOT NULL,
  `collective_id` int(11) NOT NULL,
  `start_date` datetime(6) NOT NULL,
  `end_date` datetime(6) DEFAULT NULL,
  `active` bit(1) NOT NULL,
  PRIMARY KEY (`id`,`user_id`,`collective_id`),
  UNIQUE KEY `ak_user_collective_id` (`id`),
  KEY `ix_user_collective_collective_id` (`collective_id`),
  KEY `ix_user_collective_user_id` (`user_id`),
  CONSTRAINT `fk_user_collective_collective_collective_id` FOREIGN KEY (`collective_id`) REFERENCES `collective` (`id`) ON DELETE CASCADE,
  CONSTRAINT `fk_user_collective_user_user_id` FOREIGN KEY (`user_id`) REFERENCES `user` (`id`) ON DELETE CASCADE
) ENGINE=InnoDB AUTO_INCREMENT=3 DEFAULT CHARSET=latin1;

-- Volcando datos para la tabla bpo.user_collective: ~2 rows (aproximadamente)
/*!40000 ALTER TABLE `user_collective` DISABLE KEYS */;
INSERT IGNORE INTO `user_collective` (`id`, `user_id`, `collective_id`, `start_date`, `end_date`, `active`) VALUES
	(1, 10, 1, '2019-07-23 00:00:00.000000', NULL, b'1'),
	(2, 3, 1, '2019-07-23 00:00:00.000000', NULL, b'1');
/*!40000 ALTER TABLE `user_collective` ENABLE KEYS */;

-- Volcando estructura para tabla bpo.user_collective_category
CREATE TABLE IF NOT EXISTS `user_collective_category` (
  `id` int(11) NOT NULL AUTO_INCREMENT,
  `user_id` int(11) NOT NULL,
  `start_date` datetime(6) NOT NULL,
  `end_date` datetime(6) DEFAULT NULL,
  `active` bit(1) NOT NULL,
  `category` longtext DEFAULT NULL,
  PRIMARY KEY (`id`,`user_id`),
  UNIQUE KEY `ak_user_collective_category_id` (`id`),
  KEY `ix_user_collective_category_user_id` (`user_id`),
  CONSTRAINT `fk_user_collective_category_user_user_id` FOREIGN KEY (`user_id`) REFERENCES `user` (`id`) ON DELETE CASCADE
) ENGINE=InnoDB AUTO_INCREMENT=2 DEFAULT CHARSET=latin1;

-- Volcando datos para la tabla bpo.user_collective_category: ~0 rows (aproximadamente)
/*!40000 ALTER TABLE `user_collective_category` DISABLE KEYS */;
INSERT IGNORE INTO `user_collective_category` (`id`, `user_id`, `start_date`, `end_date`, `active`, `category`) VALUES
	(1, 3, '2019-07-23 00:00:00.000000', NULL, b'1', 'Grupo 2 ');
/*!40000 ALTER TABLE `user_collective_category` ENABLE KEYS */;

-- Volcando estructura para tabla bpo.user_contract
CREATE TABLE IF NOT EXISTS `user_contract` (
  `id` int(11) NOT NULL AUTO_INCREMENT,
  `start_date` datetime(6) NOT NULL,
  `end_date` datetime(6) DEFAULT NULL,
  `active` bit(1) NOT NULL,
  `user_id` int(11) NOT NULL,
  `company_id` int(11) NOT NULL,
  `external` bit(1) NOT NULL,
  `contract_period` longtext NOT NULL,
  `work_local_holydays` bit(1) DEFAULT NULL,
  `work_national_holidays` bit(1) DEFAULT NULL,
  `work_weekends` bit(1) DEFAULT NULL,
  PRIMARY KEY (`id`),
  KEY `ix_user_contract_company_id` (`company_id`),
  KEY `ix_user_contract_user_id` (`user_id`),
  CONSTRAINT `fk_user_contract_company_company_id` FOREIGN KEY (`company_id`) REFERENCES `company` (`id`) ON DELETE CASCADE,
  CONSTRAINT `fk_user_contract_user_user_id` FOREIGN KEY (`user_id`) REFERENCES `user` (`id`) ON DELETE CASCADE
) ENGINE=InnoDB AUTO_INCREMENT=3 DEFAULT CHARSET=latin1;

-- Volcando datos para la tabla bpo.user_contract: ~2 rows (aproximadamente)
/*!40000 ALTER TABLE `user_contract` DISABLE KEYS */;
INSERT IGNORE INTO `user_contract` (`id`, `start_date`, `end_date`, `active`, `user_id`, `company_id`, `external`, `contract_period`, `work_local_holydays`, `work_national_holidays`, `work_weekends`) VALUES
	(1, '2019-07-23 00:00:00.000000', NULL, b'1', 10, 3, b'0', 'Permanent', NULL, NULL, NULL),
	(2, '2017-11-13 00:00:00.000000', NULL, b'1', 3, 3, b'0', 'Permanent', NULL, NULL, NULL);
/*!40000 ALTER TABLE `user_contract` ENABLE KEYS */;

-- Volcando estructura para tabla bpo.user_office
CREATE TABLE IF NOT EXISTS `user_office` (
  `id` int(11) NOT NULL AUTO_INCREMENT,
  `user_id` int(11) NOT NULL,
  `office_id` int(11) NOT NULL,
  `start_date` datetime(6) NOT NULL,
  `end_date` datetime(6) DEFAULT NULL,
  `active` bit(1) NOT NULL,
  PRIMARY KEY (`id`,`user_id`,`office_id`),
  UNIQUE KEY `ak_user_office_id` (`id`),
  KEY `ix_user_office_office_id` (`office_id`),
  KEY `ix_user_office_user_id` (`user_id`),
  CONSTRAINT `fk_user_office_office_office_id` FOREIGN KEY (`office_id`) REFERENCES `office` (`id`) ON DELETE CASCADE,
  CONSTRAINT `fk_user_office_user_user_id` FOREIGN KEY (`user_id`) REFERENCES `user` (`id`) ON DELETE CASCADE
) ENGINE=InnoDB AUTO_INCREMENT=3 DEFAULT CHARSET=latin1;

-- Volcando datos para la tabla bpo.user_office: ~2 rows (aproximadamente)
/*!40000 ALTER TABLE `user_office` DISABLE KEYS */;
INSERT IGNORE INTO `user_office` (`id`, `user_id`, `office_id`, `start_date`, `end_date`, `active`) VALUES
	(1, 7, 1, '2019-05-29 00:00:00.000000', NULL, b'1'),
	(2, 3, 1, '2019-07-23 00:00:00.000000', NULL, b'1');
/*!40000 ALTER TABLE `user_office` ENABLE KEYS */;

-- Volcando estructura para tabla bpo.user_operational
CREATE TABLE IF NOT EXISTS `user_operational` (
  `id` int(11) NOT NULL AUTO_INCREMENT,
  `user_id` int(11) NOT NULL,
  `active` bit(1) NOT NULL,
  `key` longtext DEFAULT NULL,
  `value` longtext DEFAULT NULL,
  PRIMARY KEY (`id`,`user_id`),
  UNIQUE KEY `ak_user_operational_id` (`id`),
  KEY `ix_user_operational_user_id` (`user_id`),
  CONSTRAINT `fk_user_operational_user_user_id` FOREIGN KEY (`user_id`) REFERENCES `user` (`id`) ON DELETE CASCADE
) ENGINE=InnoDB DEFAULT CHARSET=latin1;

-- Volcando datos para la tabla bpo.user_operational: ~0 rows (aproximadamente)
/*!40000 ALTER TABLE `user_operational` DISABLE KEYS */;
/*!40000 ALTER TABLE `user_operational` ENABLE KEYS */;

-- Volcando estructura para tabla bpo.user_password_history
CREATE TABLE IF NOT EXISTS `user_password_history` (
  `id` int(11) NOT NULL AUTO_INCREMENT,
  `start_date` datetime(6) NOT NULL,
  `end_date` datetime(6) DEFAULT NULL,
  `active` bit(1) NOT NULL,
  `user_id` int(11) NOT NULL,
  `password_hash` longtext DEFAULT NULL,
  PRIMARY KEY (`id`),
  KEY `ix_user_password_history_user_id` (`user_id`),
  CONSTRAINT `fk_user_password_history_user_user_id` FOREIGN KEY (`user_id`) REFERENCES `user` (`id`) ON DELETE CASCADE
) ENGINE=InnoDB DEFAULT CHARSET=latin1;

-- Volcando datos para la tabla bpo.user_password_history: ~0 rows (aproximadamente)
/*!40000 ALTER TABLE `user_password_history` DISABLE KEYS */;
/*!40000 ALTER TABLE `user_password_history` ENABLE KEYS */;

-- Volcando estructura para tabla bpo.user_position
CREATE TABLE IF NOT EXISTS `user_position` (
  `id` int(11) NOT NULL AUTO_INCREMENT,
  `user_id` int(11) NOT NULL,
  `start_date` datetime(6) NOT NULL,
  `end_date` datetime(6) DEFAULT NULL,
  `active` bit(1) NOT NULL,
  `name` longtext DEFAULT NULL,
  PRIMARY KEY (`id`,`user_id`),
  UNIQUE KEY `ak_user_position_id` (`id`),
  KEY `ix_user_position_user_id` (`user_id`),
  CONSTRAINT `fk_user_position_user_user_id` FOREIGN KEY (`user_id`) REFERENCES `user` (`id`) ON DELETE CASCADE
) ENGINE=InnoDB AUTO_INCREMENT=3 DEFAULT CHARSET=latin1;

-- Volcando datos para la tabla bpo.user_position: ~2 rows (aproximadamente)
/*!40000 ALTER TABLE `user_position` DISABLE KEYS */;
INSERT IGNORE INTO `user_position` (`id`, `user_id`, `start_date`, `end_date`, `active`, `name`) VALUES
	(1, 10, '2019-07-23 00:00:00.000000', NULL, b'1', 'Gerente'),
	(2, 3, '2019-07-23 00:00:00.000000', NULL, b'1', 'Técnico');
/*!40000 ALTER TABLE `user_position` ENABLE KEYS */;

-- Volcando estructura para tabla bpo.user_rate
CREATE TABLE IF NOT EXISTS `user_rate` (
  `id` int(11) NOT NULL AUTO_INCREMENT,
  `user_id` int(11) NOT NULL,
  `rate_id` int(11) NOT NULL,
  `start_date` datetime(6) NOT NULL,
  `end_date` datetime(6) DEFAULT NULL,
  `active` bit(1) NOT NULL,
  PRIMARY KEY (`id`,`user_id`,`rate_id`),
  UNIQUE KEY `ak_user_rate_id` (`id`),
  KEY `ix_user_rate_rate_id` (`rate_id`),
  KEY `ix_user_rate_user_id` (`user_id`),
  CONSTRAINT `fk_user_rate_rate_rate_id` FOREIGN KEY (`rate_id`) REFERENCES `rate` (`id`) ON DELETE CASCADE,
  CONSTRAINT `fk_user_rate_user_user_id` FOREIGN KEY (`user_id`) REFERENCES `user` (`id`) ON DELETE CASCADE
) ENGINE=InnoDB DEFAULT CHARSET=latin1;

-- Volcando datos para la tabla bpo.user_rate: ~0 rows (aproximadamente)
/*!40000 ALTER TABLE `user_rate` DISABLE KEYS */;
/*!40000 ALTER TABLE `user_rate` ENABLE KEYS */;

-- Volcando estructura para tabla bpo.user_role
CREATE TABLE IF NOT EXISTS `user_role` (
  `user_id` int(11) NOT NULL,
  `role_id` int(11) NOT NULL,
  `id` int(11) NOT NULL AUTO_INCREMENT,
  `active` bit(1) NOT NULL,
  PRIMARY KEY (`user_id`,`role_id`),
  UNIQUE KEY `ak_user_role_id` (`id`),
  KEY `ix_user_role_role_id` (`role_id`),
  KEY `ix_user_role_user_id` (`user_id`),
  CONSTRAINT `fk_user_role_role_role_id` FOREIGN KEY (`role_id`) REFERENCES `role` (`id`) ON DELETE CASCADE,
  CONSTRAINT `fk_user_role_user_user_id` FOREIGN KEY (`user_id`) REFERENCES `user` (`id`) ON DELETE CASCADE
) ENGINE=InnoDB AUTO_INCREMENT=77 DEFAULT CHARSET=latin1;

-- Volcando datos para la tabla bpo.user_role: ~69 rows (aproximadamente)
/*!40000 ALTER TABLE `user_role` DISABLE KEYS */;
INSERT IGNORE INTO `user_role` (`user_id`, `role_id`, `id`, `active`) VALUES
	(1, 1, 1, b'1'),
	(1, 2, 2, b'1'),
	(1, 3, 3, b'1'),
	(1, 4, 4, b'1'),
	(1, 5, 5, b'1'),
	(1, 6, 6, b'1'),
	(1, 7, 7, b'1'),
	(1, 8, 8, b'1'),
	(1, 9, 9, b'1'),
	(1, 10, 10, b'1'),
	(1, 11, 11, b'1'),
	(1, 12, 12, b'1'),
	(1, 13, 13, b'1'),
	(1, 14, 14, b'1'),
	(1, 15, 15, b'1'),
	(1, 16, 16, b'1'),
	(1, 17, 17, b'1'),
	(2, 1, 18, b'1'),
	(2, 2, 19, b'1'),
	(2, 3, 20, b'1'),
	(2, 4, 21, b'1'),
	(2, 5, 22, b'1'),
	(2, 6, 23, b'1'),
	(2, 7, 24, b'1'),
	(2, 8, 25, b'1'),
	(2, 9, 26, b'1'),
	(2, 10, 27, b'1'),
	(2, 11, 28, b'1'),
	(2, 12, 29, b'1'),
	(2, 13, 30, b'1'),
	(2, 14, 31, b'1'),
	(2, 15, 32, b'1'),
	(2, 16, 33, b'1'),
	(2, 17, 34, b'1'),
	(3, 5, 45, b'1'),
	(3, 7, 46, b'1'),
	(3, 8, 47, b'1'),
	(3, 9, 48, b'1'),
	(3, 10, 49, b'1'),
	(3, 11, 50, b'1'),
	(3, 12, 51, b'1'),
	(3, 13, 52, b'1'),
	(3, 17, 53, b'1'),
	(5, 5, 36, b'1'),
	(5, 7, 37, b'1'),
	(5, 8, 38, b'1'),
	(5, 9, 39, b'1'),
	(5, 10, 40, b'1'),
	(5, 11, 41, b'1'),
	(5, 12, 42, b'1'),
	(5, 13, 43, b'1'),
	(5, 17, 44, b'1'),
	(6, 17, 35, b'1'),
	(10, 3, 61, b'1'),
	(10, 4, 62, b'1'),
	(10, 5, 63, b'1'),
	(10, 6, 64, b'1'),
	(10, 7, 65, b'1'),
	(10, 8, 66, b'1'),
	(10, 9, 67, b'1'),
	(10, 10, 68, b'1'),
	(10, 11, 69, b'1'),
	(10, 12, 70, b'1'),
	(10, 13, 71, b'1'),
	(10, 14, 72, b'1'),
	(10, 15, 73, b'1'),
	(10, 16, 74, b'1'),
	(10, 17, 75, b'1'),
	(12, 17, 76, b'1');
/*!40000 ALTER TABLE `user_role` ENABLE KEYS */;

-- Volcando estructura para tabla bpo.user_salary
CREATE TABLE IF NOT EXISTS `user_salary` (
  `id` int(11) NOT NULL AUTO_INCREMENT,
  `user_id` int(11) NOT NULL,
  `start_date` datetime(6) NOT NULL,
  `end_date` datetime(6) DEFAULT NULL,
  `active` bit(1) NOT NULL,
  `salary` float NOT NULL,
  `variable` float DEFAULT NULL,
  `currency` longtext DEFAULT NULL,
  PRIMARY KEY (`id`,`user_id`),
  UNIQUE KEY `ak_user_salary_id` (`id`),
  KEY `ix_user_salary_user_id` (`user_id`),
  CONSTRAINT `fk_user_salary_user_user_id` FOREIGN KEY (`user_id`) REFERENCES `user` (`id`) ON DELETE CASCADE
) ENGINE=InnoDB DEFAULT CHARSET=latin1;

-- Volcando datos para la tabla bpo.user_salary: ~0 rows (aproximadamente)
/*!40000 ALTER TABLE `user_salary` DISABLE KEYS */;
/*!40000 ALTER TABLE `user_salary` ENABLE KEYS */;

-- Volcando estructura para tabla bpo.user_shift
CREATE TABLE IF NOT EXISTS `user_shift` (
  `id` int(11) NOT NULL AUTO_INCREMENT,
  `start_date` datetime(6) NOT NULL,
  `end_date` datetime(6) DEFAULT NULL,
  `active` bit(1) NOT NULL,
  `description` longtext DEFAULT NULL,
  `user_id` int(11) NOT NULL,
  PRIMARY KEY (`id`),
  KEY `ix_user_shift_user_id` (`user_id`),
  CONSTRAINT `fk_user_shift_user_user_id` FOREIGN KEY (`user_id`) REFERENCES `user` (`id`) ON DELETE CASCADE
) ENGINE=InnoDB AUTO_INCREMENT=12 DEFAULT CHARSET=latin1;

-- Volcando datos para la tabla bpo.user_shift: ~10 rows (aproximadamente)
/*!40000 ALTER TABLE `user_shift` DISABLE KEYS */;
INSERT IGNORE INTO `user_shift` (`id`, `start_date`, `end_date`, `active`, `description`, `user_id`) VALUES
	(1, '2018-05-06 00:00:00.000000', '2018-12-31 00:00:00.000000', b'0', NULL, 3),
	(2, '2019-01-01 00:00:00.000000', NULL, b'1', 'Lunes a Viernes de 07:00 a 16:00', 2),
	(3, '2019-01-01 00:00:00.000000', NULL, b'1', 'Lunes a Viernes de 07:00 a 15:00', 3),
	(4, '2019-01-01 00:00:00.000000', NULL, b'1', 'Lunes a Viernes de 07:00 a 15:00', 4),
	(5, '2019-01-01 00:00:00.000000', NULL, b'1', 'Lunes a Viernes de 08:00 a 16:00', 5),
	(7, '2019-01-01 00:00:00.000000', NULL, b'1', 'Lunes a Viernes de 07:00 a 15:00', 6),
	(8, '2019-01-01 00:00:00.000000', NULL, b'1', 'Lunes a  Jueves de 18:00 a 22:00', 7),
	(9, '2019-01-01 00:00:00.000000', NULL, b'1', 'Lunes a Viernes de 16:00 a 00:00', 8),
	(10, '2019-01-01 00:00:00.000000', NULL, b'1', 'Lunes a Viernes de 08:00 a 16:00', 9),
	(11, '2019-07-23 00:00:00.000000', NULL, b'1', 'Lunes a Vierenes de 08:00 a 15:00', 10);
/*!40000 ALTER TABLE `user_shift` ENABLE KEYS */;

-- Volcando estructura para tabla bpo.user_work_conditions
CREATE TABLE IF NOT EXISTS `user_work_conditions` (
  `id` int(11) NOT NULL AUTO_INCREMENT,
  `start_date` datetime(6) NOT NULL,
  `end_date` datetime(6) DEFAULT NULL,
  `active` bit(1) NOT NULL,
  `user_id` int(11) NOT NULL,
  `week_work_hours` double NOT NULL,
  `year_work_hours` double NOT NULL,
  `year_doctor_hours` double NOT NULL,
  `year_vacation_days` double NOT NULL,
  `year_spare_days` double NOT NULL,
  PRIMARY KEY (`id`),
  KEY `ix_user_work_conditions_user_id` (`user_id`),
  CONSTRAINT `fk_user_work_conditions_user_user_id` FOREIGN KEY (`user_id`) REFERENCES `user` (`id`) ON DELETE CASCADE
) ENGINE=InnoDB AUTO_INCREMENT=3 DEFAULT CHARSET=latin1;

-- Volcando datos para la tabla bpo.user_work_conditions: ~0 rows (aproximadamente)
/*!40000 ALTER TABLE `user_work_conditions` DISABLE KEYS */;
INSERT IGNORE INTO `user_work_conditions` (`id`, `start_date`, `end_date`, `active`, `user_id`, `week_work_hours`, `year_work_hours`, `year_doctor_hours`, `year_vacation_days`, `year_spare_days`) VALUES
	(1, '2019-07-23 00:00:00.000000', NULL, b'1', 3, 40, 1800, 0, 23, 0),
	(2, '2019-07-23 00:00:00.000000', NULL, b'1', 2, 40, 1800, 0, 23, 3.5);
/*!40000 ALTER TABLE `user_work_conditions` ENABLE KEYS */;

-- Volcando estructura para tabla bpo.__efmigrationshistory
CREATE TABLE IF NOT EXISTS `__efmigrationshistory` (
  `MigrationId` varchar(95) NOT NULL,
  `ProductVersion` varchar(32) NOT NULL,
  PRIMARY KEY (`MigrationId`)
) ENGINE=InnoDB DEFAULT CHARSET=latin1;

-- Volcando datos para la tabla bpo.__efmigrationshistory: ~98 rows (aproximadamente)
/*!40000 ALTER TABLE `__efmigrationshistory` DISABLE KEYS */;
INSERT IGNORE INTO `__efmigrationshistory` (`MigrationId`, `ProductVersion`) VALUES
	('20190517113310_Initial', '2.1.2-rtm-30932'),
	('20190521075306_two', '2.1.2-rtm-30932'),
	('20190531083810_bookmarks', '2.2.4-servicing-10062'),
	('20190531123542_bookmarks2', '2.2.4-servicing-10062'),
	('20190701073320_2Mares', '2.2.4-servicing-10062'),
	('20190708100756_paaa', '2.2.4-servicing-10062'),
	('20190708102103_sbasdfasdhga', '2.2.4-servicing-10062'),
	('20190708133024_12345', '2.2.4-servicing-10062'),
	('20190708134143_sfgdfsdg', '2.2.4-servicing-10062'),
	('20190710002325_forecast', '2.2.4-servicing-10062'),
	('20190710121756_kkljbsgslg', '2.2.4-servicing-10062'),
	('20190712103502_wweeererer', '2.2.4-servicing-10062'),
	('20190716161701_lkfdhlkdh', '2.2.4-servicing-10062'),
	('20190717140342_jkbadsfkjb', '2.2.4-servicing-10062'),
	('20190719120704_jkbkjvb', '2.2.4-servicing-10062'),
	('20190722063310_ncc', '2.2.4-servicing-10062'),
	('20190722140826_kjbkjbvkij', '2.2.4-servicing-10062'),
	('20190722141308_kjbkjbvkij2', '2.2.4-servicing-10062'),
	('20190722143600_kjbkjbvkij3', '2.2.4-servicing-10062'),
	('20190722164229_ewkjbdkjbsd', '2.2.4-servicing-10062'),
	('20190723131021_XXXXXXX', '2.2.4-servicing-10062'),
	('20190725104742_quality', '2.2.4-servicing-10062'),
	('20190725144939_aosdnfonsofcasn', '2.2.4-servicing-10062'),
	('20190725145605_aeggfaerg', '2.2.4-servicing-10062'),
	('20190725150650_ekjhgdswibdiub', '2.2.4-servicing-10062'),
	('20190725151614_strthrhsteetsh', '2.2.4-servicing-10062'),
	('20190725160122_rerqargqarga', '2.2.4-servicing-10062'),
	('20190725160457_hahhrereahha', '2.2.4-servicing-10062'),
	('20190725161157_iuffgufd', '2.2.4-servicing-10062'),
	('20190726133447_lksjdbkijdbidbsiub', '2.2.4-servicing-10062'),
	('20190726134928_ihdiuhbueirfigu', '2.2.4-servicing-10062'),
	('20190726135256_eahgrarwegawg', '2.2.4-servicing-10062'),
	('20190726135508_thrwjttr', '2.2.4-servicing-10062'),
	('20190726135650_earharheer', '2.2.4-servicing-10062'),
	('20190726140006_iobiuppuib', '2.2.4-servicing-10062'),
	('20190726140211_srjthrsrt', '2.2.4-servicing-10062'),
	('20190726140357_areaeer', '2.2.4-servicing-10062'),
	('20190726140629_dfbfddfgfd', '2.2.4-servicing-10062'),
	('20190726140852_dfzdeg', '2.2.4-servicing-10062'),
	('20190726141217_aerraearge', '2.2.4-servicing-10062'),
	('20190726141623_ioipbp', '2.2.4-servicing-10062'),
	('20190726141826_twsrhstre', '2.2.4-servicing-10062'),
	('20190726142236_srthsthrrh', '2.2.4-servicing-10062'),
	('20190726142805_terhsthrster', '2.2.4-servicing-10062'),
	('20190726143922_erghaehrear', '2.2.4-servicing-10062'),
	('20190726145132_srthrtsh', '2.2.4-servicing-10062'),
	('20190726145630_dtyjjdtjyst', '2.2.4-servicing-10062'),
	('20190726145933_sgssdfsd', '2.2.4-servicing-10062'),
	('20190726150317_erggerr', '2.2.4-servicing-10062'),
	('20190726150949_srthhtregea', '2.2.4-servicing-10062'),
	('20190726151635_hrshtrstrh', '2.2.4-servicing-10062'),
	('20190726152239_jrytjyterjertytyr', '2.2.4-servicing-10062'),
	('20190726153123_sjjstrjstr', '2.2.4-servicing-10062'),
	('20190726153432_ljebogb', '2.2.4-servicing-10062'),
	('20190726153704_lkngoisdng', '2.2.4-servicing-10062'),
	('20190729123306_iwgeifebhiu', '2.2.4-servicing-10062'),
	('20190801134501_aeraegreagre', '2.2.4-servicing-10062'),
	('20190801134804_aerraegaereg', '2.2.4-servicing-10062'),
	('20190801142257_leiorgnering', '2.2.4-servicing-10062'),
	('20190801150205_etherheahr', '2.2.4-servicing-10062'),
	('20190801151329_kwbakgjewb', '2.2.4-servicing-10062'),
	('20190802143046_ejgiopejwgipsj', '2.2.4-servicing-10062'),
	('20190802154156_efgkrheoi', '2.2.4-servicing-10062'),
	('20190805124457_wsifihwb', '2.2.4-servicing-10062'),
	('20190805133757_slkjsdf', '2.2.4-servicing-10062'),
	('20190805133924_hstnarhtae', '2.2.4-servicing-10062'),
	('20190805134623_slkjsdf2', '2.2.4-servicing-10062'),
	('20190805135134_slkjsdf4', '2.2.4-servicing-10062'),
	('20190805135853_slkjsdf5', '2.2.4-servicing-10062'),
	('20190807134742_slknfkldsnflk', '2.2.4-servicing-10062'),
	('20190808130000_fhfhgtfhjrfht', '2.2.4-servicing-10062'),
	('20190820135540_bsidfbisdbfij', '2.2.4-servicing-10062'),
	('20190826072613_adfasdgasdfashg4wdfs', '2.2.4-servicing-10062'),
	('20190826084940_adfasdg4555565656', '2.2.4-servicing-10062'),
	('20190910124319_sgegwge', '2.2.6-servicing-10079'),
	('20190910140929_wdfwef', '2.2.6-servicing-10079'),
	('20190910141752_erhaereh', '2.2.6-servicing-10079'),
	('20190910144505_ergregew', '2.2.6-servicing-10079'),
	('20190913150106_ldhosidhefoh', '2.2.6-servicing-10079'),
	('20190913152330_fgsgr', '2.2.6-servicing-10079'),
	('20190917090235_training_integration', '2.2.6-servicing-10079'),
	('20190923120422_ewwefewef', '2.2.6-servicing-10079'),
	('20190923120953_ergergew', '2.2.6-servicing-10079'),
	('20190923121142_jrtytjyt', '2.2.6-servicing-10079'),
	('20190923122556_pskdjbfhjk', '2.2.6-servicing-10079'),
	('20190923123350_lsdejhgfei', '2.2.6-servicing-10079'),
	('20190923125020_sdfsdfes', '2.2.6-servicing-10079'),
	('20190923125726_2dkjbs', '2.2.6-servicing-10079'),
	('20190923141918_kbijkebiwkbe', '2.2.6-servicing-10079'),
	('20190925133630_kjrbjer', '2.2.6-servicing-10079'),
	('20190925144528_efheedytr', '2.2.6-servicing-10079'),
	('20190925154747_kjedbffg', '2.2.6-servicing-10079'),
	('20190926140736_rtjw', '2.2.6-servicing-10079'),
	('20190927064415_hrtht', '2.2.6-servicing-10079'),
	('20190930150315_ehdersh', '2.2.6-servicing-10079'),
	('20190930150816_kgkuklkbni', '2.2.6-servicing-10079'),
	('20191001133025_kojewhboueb', '2.2.6-servicing-10079'),
	('20191001145439_kjgsdkug', '2.2.6-servicing-10079'),
	('20191001160348_1kghkj', '2.2.6-servicing-10079'),
	('20191001161959_initial', '2.2.6-servicing-10079'),
	('20191001170836_sdgsdg', '2.2.6-servicing-10079'),
	('20191001171530_sdgesrgse', '2.2.6-servicing-10079'),
	('20191001171749_erbe', '2.2.6-servicing-10079'),
	('20191001172614_lofhdo', '2.2.6-servicing-10079'),
	('20191002124227_ohoiho', '2.2.6-servicing-10079'),
	('20191004145858_kjsdbhjksdb', '2.2.6-servicing-10079'),
	('20191007140844_lhwsojb', '2.2.6-servicing-10079'),
	('20191009151216_refactor_1', '2.2.6-servicing-10079'),
	('20191010121840_adafdhaasdfaddfdfa', '2.2.6-servicing-10079'),
	('20191017160420_ksdksjf', '2.2.6-servicing-10079'),
	('20191106151100_ksgdisd', '2.2.6-servicing-10079'),
	('20191125152321_sfgsdfs', '2.2.6-servicing-10079'),
	('20191127144958_klsbdjfs', '2.2.6-servicing-10079'),
	('20191128163713_jsbdjhkfb', '2.2.6-servicing-10079');
/*!40000 ALTER TABLE `__efmigrationshistory` ENABLE KEYS */;

/*!40101 SET SQL_MODE=IFNULL(@OLD_SQL_MODE, '') */;
/*!40014 SET FOREIGN_KEY_CHECKS=IF(@OLD_FOREIGN_KEY_CHECKS IS NULL, 1, @OLD_FOREIGN_KEY_CHECKS) */;
/*!40101 SET CHARACTER_SET_CLIENT=@OLD_CHARACTER_SET_CLIENT */;
